Fecha;Ambev;Banco do Brasil;Bradesco;BTG Pactual;CSN;Cyrela;Engie Brasil;Equatorial;Hapvida;Itau Unibanco;Lojas Renner;Magazine Luiza;Petrobras PN;Raizen;Rede D Or;Localiza;Suzano;Vale;WEG;INDICE BOVESPA
2025-03-31;11,98613166809082;27,232913970947266;11,408523559570312;32,796051025390625;9,470000267028809;21,114063262939453;25,94456672668457;30,10599136352539;33,14999771118164;27,895021438598633;11,572552680969238;9,2969388961792;32,92937088012695;1,850000023841858;25,525407791137695;31,984704971313477;51,81199645996094;52,05281066894531;43,17669677734375;130260,0
2025-04-01;12,083796501159668;27,368160247802734;11,42486572265625;33,21451950073242;9,479999542236328;21,352590560913086;25,81014060974121;30,322378158569336;33,29999923706055;27,901819229125977;11,932125091552734;9,571724891662598;33,05342483520508;1,8700000047683716;25,299118041992188;33,42253875732422;52,26219940185547;52,502647399902344;43,243446350097656;131147,0
2025-04-02;12,137068748474121;27,387479782104492;11,45147705078125;33,43834686279297;8,989999771118164;21,317251205444336;25,655546188354492;30,55758285522461;32,70000076293945;27,910707473754883;12,272772789001465;10,249530792236328;32,964813232421875;1,840000033378601;25,706436157226562;34,7080192565918;52,30134201049805;52,26395797729492;42,814353942871094;131190,0
2025-04-03;12,296883583068848;27,542049407958984;11,671874046325684;33,87627410888672;8,8100004196167;22,253692626953125;26,872119903564453;31,376089096069336;33,75;28,408315658569336;12,547182083129883;10,80826473236084;31,901432037353516;1,840000033378601;26,13186264038086;35,460269927978516;49,981842041015625;50,372798919677734;42,21361541748047;131141,0
2025-04-04;12,172582626342773;27,03004264831543;11,543307304382324;32,1342887878418;8,229999542236328;21,573448181152344;26,643590927124023;31,35727310180664;31,94999885559082;27,67078399658203;11,969974517822266;9,919787406921387;30,61651039123535;1,7400000095367432;25,90557289123535;34,37474822998047;49,815467834472656;48,3622932434082;41,68916320800781;127256,0
2025-04-07;11,702016830444336;26,7402286529541;11,350460052490234;32,74739074707031;8,239999771118164;21,432098388671875;26,253751754760742;30,84923553466797;30,899999618530273;27,724103927612305;11,468464851379395;9,287778854370117;29,402484893798828;1,690000057220459;25,579715728759766;34,098609924316406;49,423988342285156;47,78392791748047;41,95615768432617;125588,0
2025-04-08;11,755288124084473;26,691925048828125;11,038227081298828;32,69873046875;7,769999980926514;21,68829345703125;26,24703025817871;31,009170532226562;30,44999885559082;27,732988357543945;11,345454216003418;8,042080879211426;28,356828689575195;1,690000057220459;26,041345596313477;33,99386978149414;49,629512786865234;45,16751480102539;41,95615768432617;123932,0
2025-04-09;12,137068748474121;26,80785369873047;11,45147705078125;33,1171989440918;8,40999984741211;21,944490432739258;26,791461944580078;31,404314041137695;32,39999771118164;28,239482879638672;12,074061393737793;8,948875427246094;29,508827209472656;1,7699999809265137;26,276687622070312;35,20317459106445;51,12691879272461;47,600318908691406;43,300655364990234;127796,0
2025-04-10;12,074918746948242;26,624303817749023;11,433109283447266;32,67926788330078;8,359999656677246;21,84731101989746;26,589818954467773;31,234966278076172;33,29999923706055;28,12396812438965;11,988900184631348;9,351896286010742;27,67449188232422;1,7699999809265137;26,140911102294922;35,61262130737305;51,12691879272461;48,45409393310547;42,82388687133789;126355,0
2025-04-11;11,968375205993652;26,856151580810547;11,589223861694336;32,66953659057617;8,630000114440918;22,015165328979492;26,650312423706055;31,611289978027344;33,599998474121094;28,26613998413086;12,11191177368164;9,590044021606445;28,223905563354492;1,7599999904632568;26,3038387298584;36,72670364379883;50,539695739746094;49,26197052001953;43,024131774902344;127682,0
2025-04-14;12,145947456359863;27,116987228393555;11,690237998962402;33,45781326293945;8,960000038146973;22,262527465820312;26,710805892944336;32,3074951171875;33,75;28,728214263916016;12,31062126159668;9,608363151550293;28,11756706237793;1,7799999713897705;26,837881088256836;37,38372802734375;51,29328918457031;49,904598236083984;43,69161605834961;129454,0
2025-04-15;12,128190040588379;26,827173233032227;11,699420928955078;33,37995529174805;8,649999618530273;22,633569717407227;26,596542358398438;32,3263053894043;33,14999771118164;29,092533111572266;12,11191177368164;9,571724891662598;27,470678329467773;1,7599999904632568;27,091327667236328;37,51704025268555;50,84309387207031;49,39967727661133;43,69161605834961;129245,0
2025-04-16;12,332398414611816;26,711244583129883;11,681055068969727;33,1171989440918;8,649999618530273;22,386207580566406;26,48227882385254;31,573659896850586;33,14999771118164;29,048105239868164;11,9605131149292;9,48012924194336;27,470678329467773;1,7400000095367432;26,87409019470215;36,898101806640625;50,75501251220703;48,25212860107422;43,710689544677734;128317,0
2025-04-17;12,430063247680664;26,498716354370117;11,73615550994873;33,79841995239258;8,680000305175781;22,65123748779297;26,408342361450195;32,12873840332031;32,39999771118164;29,101421356201172;12,11191177368164;9,34273624420166;28,013818740844727;1,7599999904632568;27,037017822265625;38,326419830322266;50,735435485839844;48,545902252197266;43,815574645996094;129650,0
2025-04-22;12,447820663452148;26,83683204650879;11,690237998962402;34,01251983642578;8,850000381469727;23,11062240600586;26,475557327270508;32,00643539428711;33,14999771118164;29,670124053955078;12,12137508392334;9,287778854370117;28,077383041381836;1,7300000190734863;26,87409019470215;37,27898406982422;50,725650787353516;49,40885925292969;44,09210968017578;130464,0
2025-04-23;12,474456787109375;27,088003158569336;12,075933456420898;34,76186752319336;9,130000114440918;22,854429244995117;26,744415283203125;32,62736892700195;33,599998474121094;30,29213523864746;12,215997695922852;8,73820686340332;27,759559631347656;1,7799999713897705;27,05512046813965;38,4311637878418;51,32265090942383;49,996402740478516;44,12071228027344;132216,0
2025-04-24;12,563241958618164;26,759550094604492;12,268780708312988;35,13166809082031;9,359999656677246;23,808536529541016;27,275402069091797;33,35179138183594;36,599998474121094;30,87860870361328;12,916217803955078;9,681638717651367;27,632431030273438;1,850000023841858;27,987430572509766;39,611900329589844;51,13669967651367;50,776737213134766;46,33294677734375;134580,0
2025-04-25;12,509970664978027;27,059024810791016;12,28714656829834;35,61825942993164;9,390000343322754;22,554059982299805;27,060317993164062;33,822200775146484;36,14999771118164;30,76308822631836;13,096003532409668;9,571724891662598;27,714155197143555;1,7999999523162842;28,44001007080078;40,764076232910156;50,18737030029297;49,43639373779297;47,57255935668945;134739,0
2025-04-28;12,69642162322998;27,387479782104492;12,259597778320312;36,12430953979492;9,359999656677246;23,106491088867188;27,42999267578125;34,029178619384766;36,599998474121094;31,09186553955078;13,53127670288086;9,43508243560791;27,605188369750977;1,7899999618530273;28,512420654296875;41,00212478637695;49,76652908325195;49,6108283996582;47,98258590698242;135016,0
2025-04-29;12,882872581481934;27,532386779785156;12,397348403930664;36,39680480957031;9,399999618530273;22,4610595703125;27,389665603637695;33,9068717956543;35,39999771118164;31,340675354003906;13,758374214172363;9,416211128234863;27,750478744506836;1,8300000429153442;28,476213455200195;41,116390228271484;49,28697204589844;49,42721939086914;48,12561798095703;135093,0
2025-04-30;12,93614387512207;27,94778823852539;12,608558654785156;37,0877571105957;9,300000190734863;22,857540130615234;27,940820693969727;34,63129806518555;34,79999923706055;31,61614227294922;13,82461166381836;8,793496131896973;27,23288345336914;1,809999942779541;28,983104705810547;40,90690612792969;49,012939453125;48,52754211425781;42,566429138183594;135067,0
2025-05-02;12,536606788635254;27,918807983398438;12,342246055603027;36,7374153137207;9,350000381469727;22,599367141723633;27,5980281829834;34,430057525634766;34,95000076293945;31,53403663635254;14,080097198486328;8,80293083190918;27,977495193481445;1,850000023841858;28,92879295349121;41,04021453857422;49,57079315185547;48,47245407104492;42,35664749145508;135134,0
2025-05-05;12,483335494995117;28,13134002685547;12,230949401855469;36,464927673339844;9,199999809265137;22,58092498779297;27,571144104003906;34,33415222167969;33,89999771118164;30,973941802978516;13,86246109008789;8,359482765197754;26,93321990966797;1,7699999809265137;28,91069221496582;41,00212478637695;49,423988342285156;48,61934280395508;40,554439544677734;133491,0
2025-05-06;12,616514205932617;27,918807983398438;12,175771713256836;36,357872009277344;9,34000015258789;22,958965301513672;27,389665603637695;34,343746185302734;34,04999923706055;30,813919067382812;13,540740013122559;8,246260643005371;27,378171920776367;1,7599999904632568;28,55767822265625;39,99277877807617;49,36526870727539;48,656063079833984;40,954933166503906;133516,0
2025-05-07;12,66978645324707;28,31488800048828;11,991849899291992;36,78607177734375;9,399999618530273;23,023508071899414;27,613929748535156;34,36293029785156;33,75;31,15175437927246;13,597513198852539;8,057559967041016;27,50530242919922;1,7300000190734863;28,512420654296875;40,07848358154297;50,148223876953125;48,56426239013672;40,00138473510742;133398,0
2025-05-08;12,75857162475586;28,4114933013916;13,867874145507812;39,0146484375;9,630000114440918;23,973217010498047;27,3529052734375;35,30280303955078;36,89999771118164;31,400684356689453;14,609992980957031;8,510443687438965;27,886686325073242;1,8200000524520874;30,503765106201172;41,80198287963867;50,373321533203125;48,41737747192383;40,249305725097656;136232,0
2025-05-09;12,678664207458496;28,52741813659668;13,904658317565918;39,715335845947266;8,680000305175781;24,222169876098633;27,030052185058594;35,18770980834961;35,25;33,09873962402344;15,32913875579834;7,916033744812012;28,068302154541016;1,7999999523162842;30,440406799316406;39,04057312011719;49,02272415161133;48,610164642333984;39,84881591796875;136512,0
2025-05-12;12,687542915344238;28,08303451538086;13,70234203338623;38,68376541137695;8,890000343322754;23,567514419555664;26,88580322265625;34,84245681762695;35,849998474121094;32,43196105957031;15,565699577331543;8,284001350402832;28,740270614624023;1,7799999713897705;30,014982223510742;39,51668167114258;51,13669967651367;49,831153869628906;40,68793487548828;136563,0
2025-05-13;12,652029037475586;28,653003692626953;13,996621131896973;39,462310791015625;9,029999732971191;23,207918167114258;27,46967887878418;35,80150604248047;39,89999771118164;32,83202362060547;15,944197654724121;8,642535209655762;29,1761417388916;1,7899999618530273;31,37271499633789;39,74521255493164;51,91965103149414;50,64820861816406;41,95615768432617;138963,0
2025-05-14;12,634270668029785;28,749608993530273;13,978227615356445;39,31633377075195;9,289999961853027;22,995847702026367;27,414724349975586;35,65764617919922;39,89999771118164;33,054283142089844;15,925272941589355;8,82180118560791;28,97636604309082;1,7100000381469727;31,083065032958984;37,812225341796875;51,88050842285156;50,40034103393555;42,02290344238281;138423,0
2025-05-15;12,794086456298828;28,401832580566406;14,116172790527344;39,423377990722656;9,270000457763672;23,475309371948242;27,98486328125;35,47542953491211;40,5;33,49879455566406;16,483552932739258;9,152029991149902;28,940044403076172;1,7000000476837158;31,888654708862305;38,80252456665039;52,673248291015625;50,9052619934082;42,118263244628906;139334,0
2025-05-16;12,89083480834961;24,798471450805664;14,162153244018555;38,86866760253906;9,069999694824219;24,20372772216797;28,005470275878906;34,98631286621094;42,29999923706055;33,69438934326172;16,5876407623291;9,227509498596191;29,07625389099121;1,7100000381469727;32,22356033325195;39,840431213378906;52,52643966674805;50,94198226928711;42,909706115722656;139187,0
2025-05-19;12,828126907348633;24,189861297607422;14,290898323059082;39,41364669799805;9,079999923706055;24,24983024597168;28,362668991088867;35,43706512451172;42,29999923706055;34,094459533691406;17,02291488647461;9,340730667114258;29,039932250976562;1,690000057220459;32,920528411865234;40,08800506591797;52,056671142578125;50,80427932739258;42,48060989379883;139636,0
2025-05-20;12,801252365112305;24,63424301147461;14,428842544555664;38,94652557373047;9,100000381469727;24,664751052856445;28,38327407836914;35,78232955932617;42,89999771118164;34,05000305175781;17,316247940063477;9,05767822265625;29,157981872558594;1,6799999475479126;33,25544357299805;39,70711898803711;51,89029312133789;50,813453674316406;42,4615364074707;140110,0
2025-05-21;12,684796333312988;24,40239143371582;14,171347618103027;38,479400634765625;8,90999984741211;23,281681060791016;28,19093894958496;34,81367874145508;42,599998474121094;33,36544418334961;16,663341522216797;8,689709663391113;28,83107566833496;1,7799999713897705;32,88432693481445;38,4311637878418;52,07624435424805;50,16164779663086;41,431705474853516;137881,0
2025-05-22;12,631047248840332;24,199520111083984;14,208134651184082;38,557254791259766;8,800000190734863;22,737672805786133;27,586456298828125;34,66023254394531;42,599998474121094;33,13429260253906;16,720115661621094;8,93502140045166;28,449691772460938;2,0;32,857173919677734;38,621604919433594;52,056671142578125;49,78525161743164;41,641483306884766;137273,0
2025-05-23;12,756462097167969;23,590909957885742;14,382863998413086;38,62537384033203;8,84000015258789;23,023508071899414;27,785659790039062;34,80409240722656;42,599998474121094;33,53436279296875;16,653879165649414;8,491573333740234;28,513254165649414;2,140000104904175;33,4002685546875;38,65016555786133;51,831573486328125;49,86787414550781;41,660552978515625;137824,0
2025-05-26;12,774378776550293;23,832420349121094;14,45643138885498;38,87840270996094;8,8100004196167;23,189476013183594;28,06729507446289;34,976722717285156;42,45000076293945;33,605491638183594;16,78635025024414;8,529313087463379;28,422447204589844;1,9700000286102295;33,554141998291016;38,89773941040039;51,635833740234375;49,583282470703125;41,698699951171875;138136,0
2025-05-27;12,72062873840332;23,735815048217773;14,750709533691406;39,94889450073242;9,0;23,715042114257812;28,733600616455078;35,590518951416016;43,79999923706055;33,8722038269043;16,985065460205078;8,812366485595703;28,631303787231445;1,9900000095367432;33,71706771850586;40,61172103881836;50,216732025146484;49,42721939086914;42,51875305175781;139541,0
2025-05-28;12,631047248840332;23,262453079223633;14,85186767578125;40,18246078491211;8,670000076293945;23,5306339263916;28,843505859375;35,30280303955078;43,64999771118164;33,59659194946289;17,1932373046875;9,010502815246582;28,540496826171875;1,9700000286102295;33,91620635986328;41,24970245361328;49,9720573425293;49,0324592590332;42,58549499511719;138888,0
2025-05-29;12,59521484375;22,895353317260742;14,787495613098145;39,52069854736328;8,579999923706055;22,98662567138672;28,747339248657227;35,5329704284668;42,75;33,32987976074219;16,994524002075195;8,567054748535156;28,367965698242188;1,9900000095367432;33,8890495300293;41,36396408081055;49,50228500366211;49,069183349609375;41,97522735595703;138534,0
2025-05-30;12,568339347839355;22,624860763549805;14,897850036621094;38,489131927490234;8,25;23,023508071899414;28,20467758178711;35,0918083190918;42,89999771118164;33,276546478271484;17,183774948120117;8,699145317077637;28,059221267700195;1,940000057220459;34,19680404663086;40,90690612792969;48,59210205078125;47,829830169677734;40,38279724121094;137027,0
2025-06-02;12,460841178894043;22,489612579345703;14,93463134765625;38,67403793334961;8,239999771118164;23,115713119506836;27,833744049072266;35,01508331298828;42,14999771118164;33,04319763183594;17,36355972290039;9,001068115234375;28,222673416137695;1,9199999570846558;33,8890495300293;41,240177154541016;48,52359390258789;48,25212860107422;39,90602493286133;136787,0
2025-06-03;12,550423622131348;22,612323760986328;15,191483497619629;39,462310791015625;8,380000114440918;23,715042114257812;28,369537353515625;35,46583557128906;43,04999923706055;32,93645095825195;17,798831939697266;9,670958518981934;28,23124885559082;2,0;32,857173919677734;41,05925750732422;49,32612228393555;48,22458267211914;39,762996673583984;137546,0
2025-06-04;12,613130569458008;21,992401123046875;15,145451545715332;39,3260612487793;8,329999923706055;23,447649002075195;28,170331954956055;35,26443862915039;43,04999923706055;32,856407165527344;17,42979621887207;9,472821235656738;27,454843521118164;2,009999990463257;33,13777160644531;41,61153793334961;48,69975280761719;48,444915771484375;41,155174255371094;137002,0
2025-06-05;12,425008773803711;21,88416290283203;14,703516006469727;39,121700286865234;8,270000457763672;23,51219367980957;28,12224769592285;35,17811965942383;40,5;32,45615768432617;17,42979621887207;9,491691589355469;27,464197158813477;1,9700000286102295;32,80286407470703;42,087646484375;51,772850036621094;48,57344055175781;40,5639762878418;136236,0
2025-06-06;12,613130569458008;21,362642288208008;14,694311141967773;38,92706298828125;8,229999542236328;23,235580444335938;27,888696670532227;34,76572799682617;39,90999984741211;32,53620529174805;16,616029739379883;8,963327407836914;27,754179000854492;1,9800000190734863;32,440799713134766;41,70676040649414;52,281768798828125;48,63770294189453;40,59257888793945;136102,0
2025-06-09;12,505632400512695;21,382320404052734;14,583827018737793;38,732425689697266;8,300000190734863;22,903642654418945;27,7307071685791;34,36293029785156;39,88999938964844;32,36720657348633;16,92828941345215;8,944457054138184;27,286462783813477;1,940000057220459;32,42269515991211;41,573455810546875;52,42857360839844;48,92229461669922;40,850040435791016;135699,0
2025-06-10;12,36230182647705;21,195363998413086;14,574620246887207;38,644840240478516;8,640000343322754;23,309343338012695;27,888696670532227;34,9191780090332;40,630001068115234;32,31703186035156;17,325708389282227;8,963327407836914;28,109642028808594;1,9199999570846558;32,73044967651367;41,88768005371094;52,154541015625;49,25279235839844;40,335121154785156;136436,0
2025-06-11;12,460841178894043;21,057601928710938;15,025758743286133;39,102230072021484;8,479999542236328;22,811437606811523;27,64827537536621;34,90958786010742;39,529998779296875;32,61326599121094;17,477108001708984;9,001068115234375;29,04507064819336;1,899999976158142;31,970121383666992;41,8972053527832;51,85114669799805;48,821311950683594;40,325592041015625;137128,0
2025-06-12;12,36230182647705;21,07728385925293;15,173069953918457;40,10460662841797;8,289999961853027;22,86676025390625;27,716968536376953;35,034263610839844;39,52000045776367;32,864620208740234;17,44872283935547;9,07654857635498;29,699872970581055;1,8899999856948853;31,906757354736328;42,33521270751953;51,82178497314453;48,5;40,29697799682617;137800,0
2025-06-13;12,21897029876709;21,24456214904785;14,998138427734375;39,423377990722656;7,940000057220459;22,497941970825195;27,792530059814453;34,90958786010742;38,4900016784668;32,46963882446289;17,373022079467773;8,434962272644043;30,429506301879883;1,8300000429153442;31,77098274230957;41,91624450683594;52,957069396972656;47,85737228393555;40,42094421386719;137213,0
2025-06-16;12,254803657531738;21,62832260131836;15,320380210876465;40,28950881958008;8,420000076293945;23,15259552001953;27,92304039001465;35,408294677734375;39,15999984741211;33,0621223449707;17,80829429626465;9,001068115234375;30,130168914794922;1,899999976158142;32,15114974975586;42,83988952636719;53,094085693359375;49,41803741455078;40,5639762878418;139256,0
2025-06-17;12,066681861877441;21,54960060119629;15,550555229187012;40,591190338134766;8,199999809265137;23,383106231689453;27,77191925048828;35,1397590637207;39,380001068115234;33,25959777832031;17,64743423461914;8,80293083190918;30,813032150268555;1,850000023841858;32,30948257446289;42,46852111816406;51,51839065551758;47,19638442993164;39,4864616394043;138840,0
2025-06-18;12,08459758758545;21,461042404174805;15,430868148803711;40,67877960205078;8,149999618530273;23,549076080322266;27,88182830810547;35,06303787231445;39,4900016784668;33,0621223449707;17,71367073059082;8,82180118560791;30,784969329833984;1,7699999809265137;32,10920333862305;42,73514938354492;51,68477249145508;47,04031753540039;39,91556167602539;138717,0
2025-06-20;12,120429992675781;21,008403778076172;15,30196762084961;40,698238372802734;7,869999885559082;23,29090118408203;27,510892868041992;34,458831787109375;37,41999816894531;32,89155960083008;17,562271118164062;8,35004711151123;30,700780868530273;1,7200000286102295;31,681318283081055;41,19256591796875;50,76479721069336;45,8285026550293;39,705780029296875;137116,0
2025-06-23;12,147305488586426;20,752561569213867;15,182278633117676;40,43548583984375;7,739999771118164;23,401546478271484;28,438228607177734;34,14234161376953;36,75;32,81973648071289;17,988080978393555;8,406658172607422;29,933727264404297;1,649999976158142;31,590282440185547;40,38318634033203;50,64735412597656;46,40686798095703;39,75743865966797;136551,0
2025-06-24;12,102514266967773;21,09696388244629;15,228314399719238;41,311344146728516;7,630000114440918;23,770366668701172;29,91509246826172;34,525962829589844;37,86000061035156;33,43914794921875;18,25303077697754;8,58592414855957;29,344409942626953;1,6399999856948853;32,20934295654297;41,43061828613281;50,74522399902344;46,39768981933594;39,60452651977539;137165,0
2025-06-25;11,78001880645752;20,919841766357422;15,099413871765137;41,01939392089844;7,25;23,189476013183594;29,36556053161621;33,74913024902344;35,77000045776367;32,83769607543945;17,96915626525879;8,614230155944824;29,194738388061523;1,6699999570846558;31,508346557617188;41,087825775146484;50,39289474487305;46,34260559082031;39,96769714355469;135767,0
2025-06-26;11,932308197021484;21,25440216064453;15,237523078918457;41,02912521362305;7,420000076293945;23,8256893157959;29,674673080444336;34,02725601196289;36,59000015258789;32,59531784057617;18,48012924194336;8,887846946716309;29,4285945892334;1,649999976158142;32,20934295654297;38,0978889465332;50,510337829589844;47,7380256652832;41,162330627441406;137114,0
2025-06-27;11,78001880645752;21,382320404052734;15,255935668945312;40,57172775268555;7,5;23,622838973999023;30,93172264099121;33,835445404052734;36,27000045776367;32,55940246582031;18,508514404296875;8,774625778198242;29,194738388061523;1,6299999952316284;31,77235984802246;38,61207962036133;50,06013870239258;48,53671646118164;40,474220275878906;136866,0
2025-06-30;11,932308197021484;21,736562728881836;15,495314598083496;41,11670684814453;7,440000057220459;24,10230255126953;31,192752838134766;34,48760223388672;36,849998474121094;33,169837951660156;18,6220645904541;9,29355525970459;29,353761672973633;1,649999976158142;32,24575424194336;39,071250915527344;50,118858337402344;48,33475112915039;40,88517761230469;138855,0
2025-07-01;11,98605728149414;21,55944061279297;15,6332426071167;41,72007751464844;7,510000228881836;24,498783111572266;31,598031997680664;34,6506462097168;36,400001525878906;33,32040786743164;18,593677520751953;9,16146469116211;29,456661224365234;1,6699999570846558;32,23665237426758;39,17731475830078;49,756744384765625;48,98655700683594;40,617576599121094;139549,0
2025-07-02;12,227928161621094;21,63816261291504;15,350788116455078;40,42575454711914;7,96999979019165;23,779586791992188;32,09260940551758;33,940940856933594;34,529998779296875;33,050968170166016;17,978618621826172;8,557619094848633;29,980499267578125;1,6799999475479126;31,672216415405273;36,92097854614258;50,60820388793945;50,76755142211914;40,55068588256836;139051,0
2025-07-03;12,075638771057129;21,943201065063477;15,716726303100586;41,165367126464844;8,229999542236328;23,93633270263672;33,535125732421875;34,58351135253906;34,95000076293945;33,86825942993164;18,45018196105957;8,6708402633667;30,083396911621094;1,7000000476837158;32,03636932373047;37,84665298461914;50,950748443603516;50,528865814208984;40,81827926635742;140928,0
2025-07-04;12,111472129821777;22,071123123168945;15,641664505004883;41,301612854003906;8,210000038146973;23,982437133789062;31,804101943969727;34,59309768676758;35,61000061035156;33,886226654052734;18,498004913330078;8,727449417114258;30,04598045349121;1,7100000381469727;31,799667358398438;37,77915954589844;50,84309387207031;50,675750732421875;41,095436096191406;141478,0
2025-07-07;12,003973960876465;21,707042694091797;15,491535186767578;40,86368179321289;8,119999885559082;23,659719467163086;29,791446685791016;33,87380599975586;34,86000061035156;33,43716812133789;18,440616607666016;8,595359802246094;29,989856719970703;1,690000057220459;31,162399291992188;37,306671142578125;49,92312240600586;49,93213653564453;40,45511245727539;139490,0
2025-07-08;11,98605728149414;21,64800262451172;15,529068946838379;39,900238037109375;8,140000343322754;23,668941497802734;29,61284828186035;33,78749465942383;34,31999969482422;33,35633850097656;18,45974349975586;8,397222518920898;30,42015266418457;1,6699999570846558;31,6449031829834;36,911338806152344;49,844825744628906;50,106571197509766;38,81129455566406;139303,0
2025-07-09;11,92335033416748;21,10680389404297;15,350788116455078;40,055946350097656;7,929999828338623;23,779586791992188;29,125139236450195;33,279197692871094;33,630001068115234;32,6647834777832;18,555391311645508;8,066994667053223;30,23306655883789;1,6100000143051147;30,980321884155273;35,995304107666016;48,93464279174805;49,6108283996582;38,33344268798828;137481,0
2025-07-10;11,8516845703125;20,870641708374023;15,14435863494873;39,70560073852539;8,329999923706055;23,4107666015625;29,049579620361328;33,02983856201172;33,11000061035156;31,65888214111328;18,32583999633789;7,8688578605651855;30,158233642578125;1,5800000429153442;30,780040740966797;36,882408142089844;48,787837982177734;50,74919128417969;38,13274002075195;136743,0
2025-07-11;11,941266059875488;20,801761627197266;15,059908866882324;39,734798431396484;8,25;23,604398727416992;28,561872482299805;32,94352340698242;32,31999969482422;31,398427963256836;17,885868072509766;7,585805416107178;30,523048400878906;1,5399999618530273;30,31574821472168;35,34925842285156;48,83677673339844;51,41018295288086;37,98938751220703;136187,0
2025-07-14;11,905433654785156;20,349124908447266;15,116209983825684;39,51096725463867;8,199999809265137;23,5306339263916;29,193832397460938;32,75171661376953;33,29999923706055;31,344541549682617;17,378942489624023;7,500889301300049;30,12081527709961;1,5299999713897705;30,443199157714844;35,15640640258789;48,88570785522461;50,82263946533203;37,77912902832031;135299,0
2025-07-15;11,887517929077148;20,565603256225586;15,106825828552246;39,1508903503418;8,079999923706055;24,3420352935791;28,66490936279297;33,05860900878906;33,58000183105469;31,452308654785156;17,732833862304688;7,595240592956543;29,886959075927734;1,5099999904632568;30,652585983276367;35,59031677246094;49,423988342285156;49,49148178100586;37,91292953491211;135250,0
2025-07-16;12,254803657531738;20,545921325683594;15,069290161132812;39,94889450073242;8,0;24,563325881958008;28,64430046081543;32,95311737060547;33,5;31,60498809814453;17,751962661743164;7,651850700378418;29,737289428710938;1,5099999904632568;30,597963333129883;35,677101135253906;49,44356155395508;49,941322326660156;39,2987060546875;135511,0
2025-07-17;12,057723045349121;20,408161163330078;15,041142463684082;40,591190338134766;7,909999847412109;24,766176223754883;28,355796813964844;33,116153717041016;33,66999816894531;32,08099365234375;17,904996871948242;7,736766815185547;29,437950134277344;1,5199999809265137;30,570655822753906;36,024234771728516;49,423988342285156;49,84951400756836;40,22574234008789;135565,0
2025-07-18;11,932308197021484;19,935840606689453;14,703350067138672;39,24821090698242;7,820000171661377;24,50800323486328;28,65117073059082;32,81884765625;32,189998626708984;31,49721336364746;16,958097457885742;7,434844017028809;28,98894500732422;1,5199999809265137;29,942487716674805;34,5200080871582;49,53164291381836;50,08820724487305;40,493343353271484;133382,0
2025-07-21;12,021890640258789;19,54224395751953;14,712736129760742;38,732425689697266;7,989999771118164;24,27749252319336;28,829769134521484;32,93393325805664;31,489999771118164;31,86545181274414;16,709415435791016;7,170661926269531;29,04507064819336;1,4900000095367432;30,06083869934082;34,5392951965332;49,913333892822266;51,456085205078125;40,11105728149414;134167,0
2025-07-22;12,003973960876465;19,571760177612305;14,665817260742188;38,61564636230469;8,5600004196167;23,705821990966797;28,57560920715332;32,54072189331055;31,1200008392334;31,43434715270996;16,661592483520508;7,0763115882873535;29,325700759887695;1,4600000381469727;29,78772735595703;34,5200080871582;50,16779327392578;52,78723907470703;39,48984146118164;134036,0
2025-07-23;12,174180030822754;19,886642456054688;14,900397300720215;39,306602478027344;8,770000457763672;23,91789436340332;29,214439392089844;33,18328857421875;31,81999969482422;31,784618377685547;16,862449645996094;7,359364032745361;29,924375534057617;1,5399999618530273;30,1336669921875;34,934627532958984;50,64735412597656;52,71379852294922;36,32645034790039;135368,0
2025-07-24;12,093555450439453;19,748882293701172;14,712736129760742;38,40154266357422;8,550000190734863;22,995847702026367;29,24191665649414;32,75171661376953;31,959999084472656;31,488229751586914;16,336395263671875;7,114051342010498;29,87760353088379;1,5099999904632568;29,6784725189209;34,683929443359375;50,40268325805664;51,8967399597168;34,62529373168945;133808,0
2025-07-25;12,066681861877441;19,916160583496094;14,600138664245605;38,304229736328125;8,369999885559082;23,30012321472168;28,953413009643555;32,49277114868164;32,58000183105469;31,622953414916992;15,992069244384766;7,0763115882873535;29,915019989013672;1,4800000190734863;29,605649948120117;34,886417388916016;51,44988250732422;51,134769439697266;34,56795120239258;133524,0
2025-07-28;11,699396133422852;19,620960235595703;14,48753833770752;37,45756530761719;8,0;22,53482437133789;28,85037612915039;32,12833023071289;31,989999771118164;30,958341598510742;15,657307624816895;6,774388790130615;29,952438354492188;1,440000057220459;29,532814025878906;33,91252899169922;51,03883361816406;50,63903045654297;35,27033233642578;132129,0
2025-07-29;11,815851211547852;19,63080406188965;14,459389686584473;37,681396484375;8,010000228881836;22,7192325592041;28,71986198425293;32,38727569580078;32,459999084472656;31,137968063354492;15,638178825378418;6,585687160491943;30,345317840576172;1,4199999570846558;29,70578956604004;34,201805114746094;50,74522399902344;50,32689666748047;35,12629699707031;132726,0
2025-07-30;11,78001880645752;19,58160400390625;14,693967819213867;38,07066345214844;7,940000057220459;22,84832000732422;28,032949447631836;33,116153717041016;33,4900016784668;31,49721336364746;16,03032684326172;6,925350189208984;30,654008865356445;1,4299999475479126;29,815032958984375;34,3175163269043;51,06819152832031;49,42721939086914;35,385562896728516;133990,0
2025-07-31;11,161904335021973;19,384803771972656;14,57198715209961;38,08039855957031;8,020000457763672;22,60858726501465;27,428464889526367;32,67498779296875;33,06999969482422;31,578046798706055;15,561660766601562;6,661167144775391;30,53240394592285;1,4199999570846558;29,587440490722656;33,391841888427734;51,03883361816406;49,07836151123047;35,63523483276367;133071,0
2025-08-01;11,009614944458008;18,05640411376953;14,600138664245605;38,02200698852539;7,619999885559082;22,599367141723633;27,613929748535156;32,924346923828125;32,65999984741211;31,38723373413086;15,772082328796387;6,812129020690918;30,130168914794922;1,399999976158142;29,496402740478516;33,141136169433594;50,637569427490234;49,3445930480957;35,702449798583984;132437,0
2025-08-04;11,11711311340332;18,420482635498047;14,711909294128418;38,119319915771484;7,449999809265137;22,378076553344727;27,40098762512207;32,84762191772461;33,95000076293945;31,719703674316406;16,13553810119629;6,774388790130615;30,083396911621094;1,3899999856948853;30,224708557128906;33,131492614746094;49,688236236572266;49,73935317993164;35,59682083129883;132971,0
2025-08-05;11,072321891784668;18,322084426879883;14,740092277526855;38,15825271606445;7,239999771118164;22,31353187561035;27,421592712402344;32,81884765625;35,529998779296875;32,070159912109375;16,1546688079834;6,793258190155029;30,223712921142578;1,3799999952316284;30,424991607666016;33,353267669677734;49,883975982666016;49,67509078979492;35,65443801879883;133151,0
2025-08-06;11,17982006072998;18,400802612304688;14,72130298614502;38,75189208984375;7,21999979019165;22,811437606811523;27,682621002197266;32,895572662353516;35,869998931884766;32,474517822265625;16,996356964111328;6,925350189208984;30,261125564575195;1,340000033378601;31,298959732055664;34,134307861328125;50,52012252807617;49,36295700073242;36,64350509643555;134538,0
2025-08-07;11,233569145202637;18,60744285583496;14,834038734436035;39,209285736083984;7,309999942779541;22,91286277770996;27,56584930419922;33,701175689697266;36,16999816894531;33,049598693847656;17,254602432250977;7,000830173492432;30,429506301879883;1,2999999523162842;32,682743072509766;34,37537384033203;52,98643112182617;49,72098922729492;37,45012283325195;136528,0
2025-08-08;11,081280708312988;18,62712287902832;14,99374771118164;39,66667556762695;7,409999847412109;23,15259552001953;27,82000732421875;34,14234161376953;35,630001068115234;33,27424240112305;16,00163459777832;6,64229679107666;28,558650970458984;1,2400000095367432;33,01958084106445;34,134307861328125;53,417057037353516;50,85017776489258;36,58588790893555;135913,0
2025-08-11;11,027531623840332;18,794403076171875;14,937378883361816;39,53234100341797;7,260000228881836;22,82065773010254;27,13309097290039;33,614864349365234;35,13999938964844;33,480918884277344;15,705130577087402;6,623426914215088;28,736379623413086;1,190000057220459;33,32000732421875;33,343631744384766;52,927711486816406;50,79509735107422;35,74085998535156;135623,0
2025-08-12;10,955864906311035;18,932161331176758;15,284977912902832;44,71836471557617;7,550000190734863;23,327783584594727;27,421592712402344;34,85204315185547;35,599998474121094;34,172813415527344;15,992069244384766;6,632862567901611;28,811214447021484;1,2100000381469727;33,69326400756836;33,18934631347656;52,93749237060547;51,32755661010742;35,15510177612305;137914,0
2025-08-13;10,857325553894043;18,97152328491211;15,15345287322998;43,76018524169922;7,420000076293945;22,783775329589844;26,93388557434082;34,21907043457031;34,880001068115234;33,84933090209961;15,389496803283691;6,349809646606445;28,596065521240234;1,2000000476837158;33,529396057128906;33,55575942993164;52,71239471435547;51,39919662475586;35,164703369140625;136687,0
2025-08-14;10,767744064331055;19,532400131225586;15,040719985961914;43,96762466430664;6,96999979019165;23,22635841369629;27,02318572998047;34,04643630981445;37,77000045776367;33,80439758300781;15,322546005249023;6,302634239196777;28,23124885559082;1,0499999523162842;33,74789047241211;33,17006301879883;52,761329650878906;50,76252365112305;35,03987121582031;136356,0
2025-08-15;10,785659790039062;20,31960105895996;15,059507369995117;43,90835952758789;6,769999980926514;23,788806915283203;27,030052185058594;34,430057525634766;38,20000076293945;33,68758773803711;15,427755355834961;6,246023178100586;28,221893310546875;1,0399999618530273;34,166664123535156;32,996498107910156;52,19369125366211;50,66749954223633;34,54053497314453;136341,0
2025-08-18;10,81253433227539;20,73288345336914;15,36013126373291;44,52080154418945;7,079999923706055;23,4107666015625;27,304819107055664;34,468421936035156;39,369998931884766;33,93020248413086;15,5042724609375;6,519641399383545;28,39962387084961;1,149999976158142;34,78572463989258;33,632904052734375;51,47924041748047;50,553470611572266;34,96304702758789;137322,0
2025-08-19;10,81253433227539;19,48320198059082;14,834038734436035;42,969932556152344;6,840000152587891;22,931304931640625;27,13309097290039;33,595680236816406;37,81999969482422;32,94431686401367;15,179075241088867;6,472465991973877;28,10028839111328;1,0399999618530273;33,97548294067383;32,591514587402344;51,88050842285156;50,59148025512695;34,18523406982422;134432,0
2025-08-20;10,839409828186035;19,54224395751953;14,881010055541992;42,495784759521484;6,769999980926514;22,627029418945312;27,14682960510254;33,845035552978516;37,540000915527344;32,962467193603516;15,026041030883789;6,302634239196777;28,268665313720703;1,0299999713897705;33,993690490722656;32,05154037475586;51,37158966064453;50,36341857910156;34,636558532714844;134667,0
2025-08-21;10,803576469421387;19,374963760375977;14,834038734436035;42,09077835083008;6,829999923706055;22,571704864501953;27,54524040222168;33,28878402709961;36,849998474121094;32,998756408691406;14,767796516418457;6,302634239196777;28,33414649963379;1,0299999713897705;33,90265655517578;31,530845642089844;51,18563461303711;50,79103469848633;34,48291778564453;134511,0
2025-08-22;10,937949180603027;20,172000885009766;15,322556495666504;42,772369384765625;7,159999847412109;24,093082427978516;27,63052749633789;34,286197662353516;38,310001373291016;33,9242057800293;15,217334747314453;6,5102057456970215;29,149137496948242;1,0399999618530273;34,38515853881836;33,38219451904297;52,614524841308594;52,06437301635742;36,00973129272461;137968,0
2025-08-25;10,857325553894043;19,72920036315918;15,36013126373291;42,72298049926758;7,239999771118164;24,452680587768555;27,497079849243164;34,1902961730957;39,099998474121094;33,75182342529297;15,159947395324707;6,717778205871582;29,321334838867188;1,0499999523162842;34,184871673583984;33,38219451904297;52,2719841003418;52,187904357910156;36,2305908203125;138025,0
2025-08-26;10,9110746383667;20,053922653198242;15,322556495666504;42,52541732788086;7,25;24,489561080932617;27,574338912963867;34,17111587524414;38,939998626708984;33,52499771118164;14,968652725219727;6,604557037353516;29,110872268676758;1,0199999809265137;34,20307922363281;33,18934631347656;51,48903274536133;52,65353012084961;36,09615707397461;137771,0
2025-08-27;10,884200096130371;20,2999210357666;15,435293197631836;43,49347686767578;7,380000114440918;24,895263671875;27,841232299804688;34,76572799682617;39,79999923706055;34,087528228759766;15,293850898742676;6,774388790130615;29,330900192260742;1,059999942779541;34,822139739990234;33,74861145019531;51,85114669799805;52,625022888183594;36,240196228027344;139206,0
2025-08-28;10,973782539367676;20,71320152282715;15,7734956741333;43,95774841308594;7,730000019073486;25,66056251525879;27,96063232421875;35,1397590637207;40,900001525878906;34,79523468017578;15,475580215454102;7,397103786468506;29,58919906616211;1,090000033378601;35,541343688964844;34,413936614990234;51,704341888427734;52,64402770996094;36,317012786865234;141049,0
2025-08-29;11,063364028930664;21,047761917114258;15,811073303222656;44,31336212158203;7,610000133514404;25,927955627441406;28,051937103271484;35,07262420654297;41,709999084472656;34,9222526550293;15,552095413208008;7,727332592010498;29,751829147338867;1,1699999570846558;35,83266830444336;34,55857467651367;51,33243942260742;52,79607009887695;36,16337203979492;141422,0
2025-09-01;11,018572807312012;20,752561569213867;15,707730293273926;43,87872314453125;7,539999961853027;25,63290023803711;27,391725540161133;34,81367874145508;41,54999923706055;35,201515197753906;15,532966613769531;7,8122477531433105;29,81879425048828;1,2400000095367432;35,60506820678711;34,761070251464844;51,4303092956543;52,834075927734375;36,30741500854492;141125,0
2025-09-02;10,893157958984375;20,09328269958496;15,528068542480469;43,95774841308594;7,440000057220459;25,596019744873047;27,476011276245117;34,420467376708984;41,36000061035156;34,602420806884766;15,389496803283691;7,689590930938721;29,97185707092285;1,2100000381469727;35,459407806396484;34,712852478027344;51,146484375;52,634525299072266;36,182579040527344;140335,0
2025-09-03;10,660244941711426;19,955520629882812;15,518662452697754;43,76018524169922;7,429999828338623;25,457712173461914;27,391725540161133;34,123165130615234;40,849998474121094;34,3028678894043;15,332110404968262;7,755636692047119;29,713560104370117;1,2699999809265137;35,577762603759766;35,05998611450195;50,8626708984375;52,834075927734375;36,345821380615234;139864,0
2025-09-04;10,893157958984375;20,09328269958496;15,829039573669434;44,84678268432617;7,650000095367432;25,881853103637695;27,363632202148438;34,37251663208008;41,290000915527344;34,43902587890625;15,4086275100708;8,161346435546875;29,713560104370117;1,2899999618530273;35,541343688964844;35,677101135253906;50,569053649902344;52,938602447509766;35,76966857910156;140993,0
2025-09-05;10,973782539367676;20,811601638793945;16,214651107788086;45,706180572509766;7,789999961853027;26,582609176635742;27,672666549682617;35,0918083190918;41,380001068115234;34,82027053833008;15,638178825378418;8,746320724487305;29,263935089111328;1,2799999713897705;35,77804183959961;36,737770080566406;50,882240295410156;53,42323684692383;36,345821380615234;142640,0
2025-09-08;10,875242233276367;20,61480140686035;16,130006790161133;44,91592788696289;7,840000152587891;26,213790893554688;27,742902755737305;34,92876434326172;40,45000076293945;34,656883239746094;15,179075241088867;8,406658172607422;29,378732681274414;1,350000023841858;35,51403045654297;36,072444915771484;50,50054931640625;53,556270599365234;35,95211410522461;141792,0
2025-09-09;11,04544734954834;21,057601928710938;15,97951889038086;45,00483322143555;7,789999961853027;26,3981990814209;28,2415714263916;34,72736740112305;39,63999938964844;34,357337951660156;14,91126537322998;8,416093826293945;29,60833168029785;1,2899999618530273;35,29553985595703;35,92780303955078;50,8039436340332;53,39472579956055;35,51039505004883;141618,0
2025-09-10;11,072321891784668;21,697202682495117;15,866659164428711;45,05422592163086;7,75;26,840782165527344;28,494421005249023;34,95753860473633;40,0;34,384559631347656;15,265157699584961;8,727449417114258;30,144054412841797;1,2799999713897705;35,59596252441406;36,004947662353516;49,717594146728516;53,76532745361328;35,7984733581543;142349,0
2025-09-11;11,215653419494629;21,864482879638672;16,017141342163086;45,80495834350586;7,820000171661377;28,15930938720703;28,494421005249023;34,93836212158203;39,7400016784668;34,4481086730957;15,475580215454102;9,43508243560791;30,029254913330078;1,2699999809265137;35,8599739074707;37,306671142578125;50,45161819458008;54,18343734741211;35,366363525390625;143151,0
2025-09-12;11,269402503967285;21,953044891357422;15,829039573669434;44,99495315551758;7,829999923706055;27,974899291992188;28,367998123168945;34,689002990722656;39,33000183105469;33,930702209472656;15,159947395324707;9,29355525970459;29,828359603881836;1,2699999809265137;35,7052116394043;36,515995025634766;49,3554801940918;54,164432525634766;35,48159408569336;142272,0
2025-09-15;11,314193725585938;21,520082473754883;16,017141342163086;45,31105422973633;7,869999885559082;28,15930938720703;28,599773406982422;35,06303787231445;39,33000183105469;34,49348831176758;15,513837814331055;9,982316017150879;30,08665657043457;1,2899999618530273;36,160404205322266;36,92097854614258;49,423988342285156;54,639556884765625;35,05907440185547;143547,0
2025-09-16;11,385858535766602;21,588964462280273;15,97951889038086;45,47898483276367;8,069999694824219;28,23307228088379;28,41716194152832;34,76572799682617;38,13999938964844;34,40271759033203;16,164234161376953;10,133277893066406;30,16318702697754;1,309999942779541;36,68842315673828;37,7020149230957;49,60015106201172;54,82960891723633;35,30874252319336;144062,0
2025-09-17;11,457524299621582;21,520082473754883;16,53443145751953;46,130943298339844;8,109999656677246;28,288394927978516;28,64191246032715;35,15894317626953;38,63999938964844;34,89289093017578;16,279008865356445;10,671077728271484;30,34494972229004;1,340000033378601;37,08899688720703;38,666263580322266;49,815467834472656;54,92463302612305;35,25112533569336;145594,0
2025-09-18;11,215653419494629;21,74640464782715;16,36513900756836;46,18033218383789;7,909999847412109;28,23307228088379;28,78940773010254;35,11098861694336;38,79999923706055;34,93827438354492;16,307703018188477;10,595597267150879;30,048389434814453;1,3200000524520874;37,626121520996094;38,47341537475586;49,649085998535156;54,820106506347656;35,27033233642578;145500,0
2025-09-19;11,242527961730957;21,274084091186523;16,65669822692871;46,91131591796875;8,010000228881836;28,269954681396484;29,288076400756836;35,667240142822266;38,18000030517578;35,40121841430664;16,183361053466797;10,482375144958496;29,713560104370117;1,2899999618530273;38,4272575378418;38,23235321044922;49,423988342285156;55,03866195678711;34,90542984008789;145865,0
2025-09-22;11,072321891784668;21,165843963623047;16,68491554260254;46,57545852661133;7,949999809265137;27,670623779296875;29,00011444091797;35,082218170166016;37,560001373291016;34,89289093017578;15,561660766601562;10,227627754211426;30,01012420654297;1,190000057220459;37,97206115722656;37,7309455871582;49,277183532714844;55,11468505859375;35,63523483276367;145109,0
2025-09-23;11,161904335021973;21,775920867919922;16,788372039794922;47,2274169921875;7,980000019073486;27,845813751220703;28,964994430541992;35,71519470214844;38,04999923706055;35,446598052978516;15,226899147033691;10,378589630126953;30,517148971557617;1,1699999570846558;38,23607635498047;39,13874435424805;49,06187438964844;54,80109786987305;35,24152755737305;146425,0
2025-09-24;11,090238571166992;21,756244659423828;16,65669822692871;47,247169494628906;8,039999961853027;28,030221939086914;28,515491485595703;35,408294677734375;37,29999923706055;35,210594177246094;15,459397315979004;10,265368461608887;31,205936431884766;1,100000023841858;37,83935546875;39,10017395019531;48,88570785522461;55,010154724121094;35,42397689819336;146492,0
2025-09-25;11,161904335021973;21,441362380981445;16,5250244140625;46,77301788330078;7,949999809265137;27,707504272460938;28,28371238708496;35,13016891479492;37,0099983215332;34,92919921875;15,246030807495117;10,3974609375;30,95720863342285;1,0199999809265137;37,32677459716797;38,8109016418457;49,16952896118164;55,31423568725586;34,90542984008789;145306,0
2025-09-26;11,161904335021973;21,756244659423828;16,60967445373535;47,454612731933594;7,989999771118164;28,0210018157959;28,199434280395508;35,22607421875;36,59000015258789;35,101661682128906;15,34301471710205;10,557855606079102;30,851974487304688;1,0299999713897705;37,729515075683594;39,14823913574219;48,396358489990234;54,24995422363281;34,876625061035156;145447,0
2025-09-29;11,11711311340332;21,766080856323242;16,778966903686523;48,25474166870117;8,039999961853027;28,25151252746582;28,852619171142578;35,49460983276367;36,349998474121094;35,301361083984375;15,28482437133789;10,02005672454834;30,431049346923828;1,0299999713897705;38,71805953979492;39,128700256347656;48,1223258972168;54,43050003051758;35,03096008300781;146337,0
2025-09-30;10,830451011657715;21,736562728881836;16,919721603393555;47,671932220458984;7,900000095367432;28,30683708190918;28,585725784301758;35,43706512451172;35,849998474121094;35,46475601196289;14,673819541931152;9,05767822265625;30,096220016479492;1,0199999809265137;38,516693115234375;38,53288269042969;48,83677673339844;54,715579986572266;35,242862701416016;146237,0
2025-10-01;10,74086856842041;21,57912254333496;16,632781982421875;47,2372932434082;8,210000038146973;28,343717575073242;28,817502975463867;35,21648406982422;35,47999954223633;34,826927185058594;14,693216323852539;9,05767822265625;30,01968765258789;1,0299999713897705;38,11395263671875;39,050559997558594;48,82698440551758;55,409263610839844;34,47231674194336;145517,0
2025-10-02;10,68712043762207;21,41184425354004;16,36370086669922;46,664363861083984;8,15999984741211;28,03944206237793;28,50144386291504;34,76572799682617;35,54999923706055;34,44550704956055;14,353769302368164;8,642535209655762;29,732694625854492;1,0099999904632568;38,02241897583008;37,87845993041992;49,032508850097656;55,77986145019531;34,799800872802734;143950,0
2025-10-03;10,633370399475098;21,234722137451172;16,373275756835938;47,217533111572266;8,199999809265137;28,122426986694336;28,30478286743164;34,76572799682617;35,86000061035156;34,69978332519531;14,256784439086914;8,633099555969238;29,65616226196289;1,0099999904632568;38,077335357666016;38,093345642089844;49,619728088378906;55,67533493041992;35,05986022949219;144201,0
2025-10-06;10,61545467376709;21,067441940307617;16,27752685546875;47,04960632324219;8,729999542236328;27,66140365600586;28,0589599609375;34,63146209716797;36,0;34,300201416015625;13,956131935119629;8,453832626342773;29,3882999420166;0,9700000286102295;38,104801177978516;37,331478118896484;48,44529724121094;56,625587463378906;34,36636734008789;143608,0
2025-10-07;10,490039825439453;20,870641708374023;16,009422302246094;45,47898483276367;8,399999618530273;26,94220542907715;28,199434280395508;33,77790069580078;35,33000183105469;33,755332946777344;13,16085433959961;8,472702026367188;29,493532180786133;0,8999999761581421;37,40915298461914;35,95425796508789;47,84829330444336;55,82737350463867;34,41452407836914;141356,0
2025-10-08;10,642329216003418;20,782085418701172;16,26795196533203;46,86192321777344;8,460000038146973;27,54153823852539;27,9676570892334;33,845035552978516;36,130001068115234;33,81890106201172;13,3936185836792;8,576488494873047;29,321334838867188;0,9200000166893005;37,51899337768555;35,91518783569336;46,810882568359375;56,25498962402344;34,1929931640625;142145,0
2025-10-09;10,498998641967773;20,850963592529297;16,354127883911133;46,8322868347168;8,420000076293945;26,92376708984375;28,00277328491211;33,883399963378906;35,869998931884766;33,7644157409668;13,422714233398438;8,463268280029297;28,900409698486328;0,8799999952316284;36,42060852050781;35,85658264160156;46,673858642578125;56,16946792602539;35,830406188964844;141708,0
2025-10-10;10,579622268676758;20,280242919921875;16,133901596069336;46,565574645996094;7,909999847412109;26,757797241210938;28,410137176513672;33,806671142578125;33,709999084472656;33,72808837890625;13,558492660522461;8,312307357788086;28,642112731933594;0,8700000047683716;36,42060852050781;34,967735290527344;47,163204193115234;55,941402435302734;35,33917999267578;140680,0
2025-10-13;10,624412536621094;20,545921325683594;16,200925827026367;46,7335090637207;8,40999984741211;26,711694717407227;29,147607803344727;33,940940856933594;33,7599983215332;33,86431121826172;13,713668823242188;8,114171028137207;28,91954231262207;0,8500000238418579;36,383995056152344;35,29983139038086;47,18278121948242;56,77762985229492;36,446842193603516;141783,0
2025-10-14;10,794618606567383;20,36880111694336;16,43072509765625;45,834598541259766;8,449999809265137;26,573387145996094;28,129196166992188;33,816261291503906;32,959999084472656;34,00959777832031;13,8882417678833;8,284001350402832;28,718645095825195;0,8799999952316284;36,8050422668457;35,03610610961914;46,96746826171875;56,77762985229492;35,95561981201172;141683,0
2025-10-15;10,74086856842041;19,994882583618164;16,622230529785156;46,85204315185547;8,520000457763672;26,767019271850586;27,9676570892334;34,22865676879883;33,400001525878906;34,00959777832031;13,820351600646973;8,406658172607422;28,460350036621094;0,8700000047683716;37,08879089355469;35,934722900390625;46,615142822265625;57,8324089050293;36,04230499267578;142604,0
2025-10-16;10,884200096130371;20,04408073425293;16,8137264251709;45,21227264404297;8,300000190734863;26,582609176635742;28,276689529418945;34,41088104248047;32,619998931884766;33,92787170410156;13,878543853759766;7,736766815185547;28,173355102539062;0,8500000238418579;37,16201400756836;35,26076126098633;46,781517028808594;57,30026626586914;37,01511764526367;142200,0
2025-10-17;11,081280708312988;20,565603256225586;16,928627014160156;45,814842224121094;8,34000015258789;26,527286529541016;28,136219024658203;34,84245681762695;32,900001525878906;34,045928955078125;13,810653686523438;7,925468921661377;28,44121551513672;0,9300000071525574;37,33592987060547;35,7491340637207;46,615142822265625;57,13872528076172;38,67179489135742;143399,0
2025-10-20;11,072321891784668;20,437685012817383;17,244598388671875;46,111183166503906;8,720000267028809;27,338685989379883;28,02384376525879;35,005489349365234;33,040000915527344;34,65437698364258;13,868844985961914;7,8688578605651855;28,460350036621094;0,9200000166893005;37,59221649169922;36,110538482666016;46,69343566894531;57,87042236328125;38,084251403808594;144509,0
2025-10-21;10,946907997131348;20,211362838745117;17,01480484008789;46,308746337890625;8,649999618530273;27,430891036987305;27,85527992248535;34,77531814575195;32,630001068115234;34,32745361328125;14,188895225524902;7,887727737426758;28,230754852294922;0,9599999785423279;38,02241897583008;36,48170471191406;46,46833801269531;57,775394439697266;38,20946502685547;144085,0
2025-10-22;10,81253433227539;20,358963012695312;17,03395652770996;46,723628997802734;8,609999656677246;27,44933319091797;27,623502731323242;35,07262420654297;32,36000061035156;34,60897445678711;14,033719062805176;7,8688578605651855;28,556015014648438;0,9399999976158142;38,544151306152344;36,91147232055664;47,192569732666016;58,80167007446289;38,54657745361328;144873,0
2025-10-23;10,857325553894043;20,31960105895996;17,215879440307617;46,70387268066406;8,760000228881836;27,61530113220215;27,672666549682617;35,17811965942383;32,22999954223633;34,581729888916016;14,37316608428955;7,425409317016602;28,881275177001953;0,9599999785423279;38,480079650878906;37,31194305419922;47,63298034667969;58,6876335144043;39,91429901123047;145721,0
2025-10-24;10,848366737365723;20,191682815551758;17,311626434326172;47,069366455078125;8,630000114440918;27,781269073486328;27,581361770629883;35,5809211730957;32,43000030517578;34,536319732666016;14,353769302368164;7,623546123504639;28,54644775390625;0,9700000286102295;38,68144989013672;37,84915542602539;48,05381393432617;58,65913009643555;39,84687805175781;146172,0
2025-10-27;10,884200096130371;20,516403198242188;17,45525360107422;47,17802429199219;8,920000076293945;27,855031967163086;27,99574851989746;35,7535514831543;32,38999938964844;34,826927185058594;14,37316608428955;8,038689613342285;28,699512481689453;0,949999988079071;38,94689178466797;38,40590286254883;48,06360626220703;58,592613220214844;40,13582992553711;146969,0
2025-10-28;10,776701927185059;20,62464141845703;17,46483039855957;47,36570739746094;9,119999885559082;27,781269073486328;27,91849136352539;34,612281799316406;32,119998931884766;34,944984436035156;14,140401840209961;8,170781135559082;28,689945220947266;0,9300000071525574;38,99265670776367;38,25939178466797;48,41593551635742;59,10574722290039;40,76190185546875;147429,0
2025-10-29;10,776701927185059;20,880481719970703;18,029752731323242;48,95608901977539;9,3100004196167;27,61530113220215;28,136219024658203;35,197303771972656;31,600000381469727;35,725975036621094;14,188895225524902;8,048124313354492;28,718645095825195;0,9200000166893005;39,184879302978516;38,84544372558594;48,05381393432617;60,179534912109375;40,50183868408203;148633,0
2025-10-30;11,278360366821289;21,28392219543457;17,33077621459961;48,521453857421875;9,359999656677246;27,781269073486328;27,9676570892334;35,30280303955078;31,56999969482422;35,680564880371094;14,150101661682129;8,019819259643555;28,59427833557129;0,9399999976158142;39,175724029541016;38,32776641845703;47,65255355834961;60,635658264160156;39,92393493652344;148780,0
2025-10-31;11,385858535766602;21,54960060119629;17,388229370117188;48,22510528564453;9,4399995803833;28,094764709472656;28,094079971313477;35,149349212646484;31,280000686645508;35,81679153442383;14,392563819885254;7,991513252258301;28,460350036621094;0,949999988079071;39,66999816894531;38,52311325073242;47,84829330444336;62,013526916503906;40,54999923706055;149540,0
2025-11-03;11,565022468566895;21,726722717285156;17,57973289489746;47,90900421142578;9,300000190734863;28,223852157592773;28,30478286743164;36,06045150756836;30,399999618530273;36,41429138183594;14,305276870727539;7,8688578605651855;28,795177459716797;0,9399999976158142;39,4503173828125;38,72823715209961;47,51553726196289;62,09904479980469;41,22422790527344;150454,0
2025-11-04;11,78897762298584;21,91368293762207;17,636255264282227;48,44242477416992;9,130000114440918;28,5373477935791;29,049278259277344;36,21390151977539;30,549999237060547;36,30527114868164;14,518644332885742;7,906598091125488;28,938674926757812;0,9200000166893005;39,322174072265625;39,94917678833008;48,35721206665039;61,405364990234375;41,17607116699219;150704,0
2025-11-05;11,806894302368164;22,248245239257812;18,010068893432617;49,77597427368164;8,710000038146973;29,201221466064453;29,646276473999023;36,971553802490234;31,600000381469727;36,45972442626953;14,99386978149414;8,246260643005371;29,512666702270508;0,9100000262260437;40,07273483276367;40,60359573364258;47,85808181762695;62,46014404296875;41,90808868408203;153294,0
2025-11-06;11,71731185913086;22,494243621826172;17,933385848999023;49,60804748535156;8,5;29,588481903076172;30,12387466430664;37,46982192993164;31,360000610351562;36,45972442626953;14,12100601196289;7,538629531860352;29,665729522705078;0,8899999856948853;43,42280960083008;40,193363189697266;47,613407135009766;62,24158477783203;42,29336166381836;153339,0
2025-11-07;11,753144264221191;22,523761749267578;17,952556610107422;49,973541259765625;8,350000381469727;30,731821060180664;29,85698127746582;37,6591682434082;31,06999969482422;36,49605941772461;13,529397964477539;7,6801557540893555;30,785009384155273;0,8399999737739563;43,30381774902344;39,93940734863281;46,605350494384766;61,55739974975586;43,343231201171875;154064,0
2025-11-10;11,806894302368164;22,4155216217041;18,288028717041016;50,58598327636719;8,289999961853027;30,750259399414062;30,376724243164062;37,958126068115234;31,360000610351562;36,74136734008789;14,062814712524414;7,944338321685791;30,95720863342285;0,8700000047683716;42,72716522216797;41,09197235107422;45,7049560546875;61,96601104736328;43,699607849121094;155257,0
2025-11-11;12,174180030822754;23,094482421875;18,68100929260254;51,7614860534668;8,3100004196167;31,939699172973633;30,741945266723633;38,984561920166016;31,579999923706055;37,45002746582031;14,499246597290039;8,576488494873047;31,76079559326172;0,9200000166893005;41,94914627075195;42,24454116821289;45,55815124511719;61,80447006225586;44,33530807495117;157749,0
2025-11-12;12,201053619384766;22,43520164489746;18,633087158203125;53,0160026550293;8,729999542236328;31,76451301574707;31,149311065673828;39,36324691772461;32,689998626708984;36,596004486083984;14,489548683166504;8,633099555969238;30,9476375579834;0,9300000071525574;43,01091766357422;42,058963775634766;47,0457649230957;62,488651275634766;43,237281799316406;157633,0
2025-11-13;12,210012435913086;22,140003204345703;18,67142677307129;53,34198760986328;8,609999656677246;31,294265747070312;30,699804306030273;39,144004821777344;18,889999389648438;36,74136734008789;14,382864952087402;8,54818344116211;31,081575393676758;0,8700000047683716;42,42510986328125;41,06267166137695;46,644500732421875;62,40312576293945;43,169857025146484;157162,0
2025-11-14;12,263760566711426;22,080965042114258;18,661842346191406;52,739418029785156;8,649999618530273;32,50214767456055;30,32053565979004;39,32338333129883;17,790000915527344;36,88673400878906;14,70291519165039;9,048243522644043;31,282466888427734;0,8700000047683716;42,15966796875;43,025943756103516;46,350894927978516;62,02302169799805;42,80384826660156;157739,0
2025-11-17;12,326468467712402;22,140003204345703;18,518068313598633;52,334415435791016;8,350000381469727;31,626203536987305;30,306488037109375;39,12407302856445;18,0;36,614173889160156;14,673819541931152;8,614230155944824;31,454668045043945;0,8500000238418579;41,363338470458984;42,16640090942383;47,46660232543945;61,97551345825195;42,35115432739258;156993,0
2025-11-18;12,308551788330078;21,529922485351562;18,297616958618164;51,75160598754883;8,149999618530273;31,847496032714844;30,3626766204834;39,04435348510742;17,0;36,432464599609375;14,625327110290527;8,93502140045166;31,559900283813477;0,8500000238418579;41,25349807739258;42,00035095214844;47,4959602355957;61,785457611083984;41,84066390991211;156522,0
2025-11-19;12,012931823730469;21,234722137451172;18,115501403808594;51,484893798828125;8,109999656677246;31,49711799621582;30,10280418395996;38,77528762817383;17,34000015258789;36,20532989501953;14,470151901245117;8,80293083190918;31,397266387939453;0,8500000238418579;40,93313980102539;41,75616455078125;47,300228118896484;61,71894073486328;42,04293441772461;155381,0
2025-11-21;12,201053619384766;21,64800262451172;18,010068893432617;50,58598327636719;8,100000381469727;31,44179344177246;29,948287963867188;38,70553207397461;17,420000076293945;36,314353942871094;14,732010841369629;9,085983276367188;31,158103942871094;0,8299999833106995;40,832454681396484;41,06267166137695;47,2806510925293;61,91850280761719;41,62876510620117;154770,0
2025-11-24;12,335427284240723;21,490562438964844;18,019651412963867;50,566226959228516;8,109999656677246;31,819833755493164;30,503145217895508;38,615840911865234;17,1299991607666;36,17807388305664;14,644723892211914;9,340730667114258;31,129404067993164;0,8100000023841858;41,6287841796875;41,97105026245117;46,95768356323242;61,85197830200195;41,59986877441406;155278,0
2025-11-25;12,308551788330078;21,61848258972168;18,163427352905273;51,13916015625;8,3100004196167;31,958141326904297;30,432910919189453;39,01445770263672;17,059999465942383;36,25984573364258;14,770804405212402;9,680394172668457;30,880674362182617;0,8100000023841858;41,65624237060547;42,498497009277344;46,781517028808594;62,33660888671875;41,37833786010742;155910,0
2025-11-26;12,245844841003418;21,864482879638672;18,709768295288086;52,02819061279297;8,640000343322754;32,253196716308594;31,163358688354492;39,56255340576172;15,84000015258789;37,113868713378906;14,984170913696289;9,538866996765137;30,832841873168945;0,8100000023841858;42,93769073486328;43,71943664550781;46,840240478515625;63,267860412597656;42,765323638916016;158555,0
2025-11-27;12,29063606262207;21,80544090270996;18,67142677307129;52,01831817626953;8,479999542236328;32,059566497802734;31,190046310424805;39,52268981933594;15,0;36,986671447753906;15,401206970214844;9,54830265045166;30,995473861694336;0,8299999833106995;42,1505126953125;43,66083526611328;47,172996520996094;63,030296325683594;42,42820739746094;158292,0
2025-11-28;12,41604995727539;22,11048126220703;18,83437156677246;53,34198760986328;8,4399995803833;32,944732666015625;30,128089904785156;39,622344970703125;14,100000381469727;37,83161163330078;15,275126457214355;9,699263572692871;30,411916732788086;0,8399999737739563;42,681400299072266;44,19804763793945;46,56620788574219;64,04706573486328;42,620845794677734;159072,0
2025-12-01;12,550423622131348;21,903841018676758;18,546823501586914;53,0160026550293;8,449999809265137;33,1475830078125;29,852767944335938;39,163936614990234;14,0600004196167;37,53862380981445;15,28482437133789;9,755874633789062;30,469316482543945;0,8399999737739563;41,83015060424805;44,34456253051758;46,46833801269531;64,54119110107422;43,516605377197266;158611,0
2025-12-02;12,541465759277344;22,271005630493164;18,747323989868164;54,507606506347656;8,579999923706055;33,94976043701172;30,550905227661133;40,060821533203125;14,600000381469727;38,37483596801758;15,313920021057129;9,991751670837402;30,679779052734375;0,8600000143051147;42,544105529785156;46,444576263427734;47,172996520996094;65,0733413696289;43,9307746887207;161092,0
2025-12-03;12,675837516784668;22,138286590576172;18,22922706604004;55,396644592285156;9,050000190734863;33,93132019042969;30,295249938964844;40,02096176147461;14,640000343322754;38,37483596801758;14,99386978149414;10,60503101348877;30,90937614440918;0,8600000143051147;41,93083953857422;46,122249603271484;47,907012939453125;67,17340087890625;43,39139175415039;161755,0
2025-12-04;12,496674537658691;22,524076461791992;18,488271713256836;56,226402282714844;9,289999961853027;35,305171966552734;30,71806526184082;41,10718536376953;15,550000190734863;39,32011413574219;14,586532592773438;10,991869926452637;31,110271453857422;0,8600000143051147;43,404502868652344;48,44691848754883;48,48444366455078;68,34220886230469;44,26997375488281;164456,0
2025-12-05;12,192095756530762;20,93146324157715;17,38492774963379;51,7812385559082;8,90999984741211;31,81061363220215;29,14479637145996;39,104148864746094;14,470000267028809;37,50226593017578;13,461507797241211;9,916271209716797;30,01012420654297;0,8299999833106995;40,365638732910156;44,862239837646484;49,423988342285156;66,7267837524414;45,43753433227539;157369,0
2025-12-08;12,201053619384766;21,36671257019043;17,50965118408203;52,29490280151367;8,760000228881836;33,13835906982422;29,5872802734375;38,79521942138672;13,600000381469727;37,684043884277344;13,810653686523438;9,944576263427734;30,287551879882812;0,8700000047683716;40,713462829589844;44,95014953613281;49,31633377075195;66,2706527709961;46,478607177734375;158187,0
2025-12-09;12,21897029876709;21,25790023803711;17,279388427734375;51,56392288208008;9,050000190734863;32,290077209472656;29,636444091796875;38,416534423828125;13,510000228881836;37,60224151611328;13,558492660522461;9,453951835632324;30,4788818359375;0,8600000143051147;40,438865661621094;43,953857421875;49,37505340576172;66,30867004394531;46,37158203125;157981,0
2025-12-10;12,183137893676758;21,36671257019043;17,586406707763672;52,778934478759766;9,630000114440918;32,540000915527344;29,783939361572266;38,36670684814453;13,479999542236328;37,8981819152832;13,59728717803955;9,425646781921387;30,5554141998291;0,8399999737739563;40,38394546508789;44,92084503173828;50,569053649902344;67,52498626708984;47,15968322753906;159075,0
2025-12-11;12,344385147094727;21,3370361328125;17,787887573242188;54,11248016357422;9,770000457763672;32,849998474121094;29,803604125976562;38,745391845703125;13,9399995803833;37,869354248046875;13,655477523803711;9,03880786895752;30,048389434814453;0,8600000143051147;40,521244049072266;45,663177490234375;48,41593551635742;68,41822814941406;47,23752212524414;159189,0
2025-12-12;12,577298164367676;21,46563148498535;17,90302085876465;54,616268157958984;9,699999809265137;33,13999938964844;29,941267013549805;39,69210433959961;14,699999809265137;38,20566940307617;13,998322486877441;9,31242561340332;30,2205867767334;0,8500000238418579;41,18942642211914;46,3859748840332;48,014671325683594;68,61000061035156;48,181297302246094;160766,0
2025-12-15;12,7922945022583;21,77228355407715;18,1524715423584;55,77200698852539;9,579999923706055;33,04999923706055;30,46240997314453;40,30995559692383;15,289999961853027;38,7822151184082;14,264488220214844;9,284119606018066;30,32581901550293;0,8600000143051147;43,12990951538086;46,64969253540039;47,6721305847168;69,02999877929688;48,336971282958984;162482,0
2025-12-16;12,684796333312988;21,475522994995117;17,653566360473633;52,85795593261719;9,680000305175781;31,469999313354492;29,803604125976562;38,84504699707031;14,470000267028809;37,782875061035156;13,732157707214355;8,963327407836914;29,407432556152344;0,8299999833106995;42,27865982055664;44,246883392333984;47,87765121459961;69,29000091552734;48,58994674682617;158578,0
2025-12-17;12,559382438659668;21,317251205444336;17,50965118408203;51,11940383911133;9,5600004196167;31,0;29,86260414123535;37,958126068115234;14,510000228881836;37,44655227661133;13,239258766174316;8,680274963378906;29,732694625854492;0,8199999928474426;41,15281677246094;42,59617233276367;48,7291145324707;70,16999816894531;48,45372772216797;157327,0
2025-12-18;12,469799995422363;21,35681915283203;17,586406707763672;52,117095947265625;9,59000015258789;30,5;30,147756576538086;38,416534423828125;14,229999542236328;37,638729095458984;13,189969062805176;8,82180118560791;29,560497283935547;0,8199999928474426;41,6653938293457;42,81904220581055;51,52817916870117;70,3499984741211;48,64832305908203;157923,0
2025-12-19;13,279999732971191;21,20844078063965;17,749507904052734;52,11213302612305;9,279999732971191;29,770000457763672;30,569360733032227;38,57598114013672;14,260000228881836;37,98466110229492;13,35755443572998;8,727449417114258;29,665729522705078;0,8100000023841858;41,26816177368164;43,27372360229492;51,314788818359375;70,8499984741211;48,375892639160156;158473,0
2025-12-22;13,119999885559082;21,0699520111084;17,500057220458984;51,41411590576172;9,199999809265137;29,040000915527344;29,888946533203125;37,46982192993164;14,0600004196167;38,0615348815918;12,8942289352417;8,482137680053711;29,751829147338867;0,8100000023841858;40,262351989746094;42,927772521972656;51,194801330566406;72,91999816894531;47,556175231933594;158142,0
2025-12-23;13,470000267028809;21,515092849731445;17,663158416748047;52,7104377746582;9,210000038146973;29,549999237060547;30,687694549560547;38,29695129394531;14,149999618530273;38,686126708984375;13,35755443572998;8,765191078186035;29,91182518005371;0,8100000023841858;41,49720764160156;44,380775451660156;51,49477005004883;72,9000015258789;48,17482376098633;160456,0
2025-12-26;13,720000267028809;21,614011764526367;17,653566360473633;52,301597595214844;9,15999984741211;29,6299991607666;30,84547233581543;38,36670684814453;14,550000190734863;38,698612213134766;13,456133842468262;8,727449417114258;30,01051139831543;0,8100000023841858;41,27812194824219;44,370887756347656;51,67475128173828;73,12000274658203;48,643802642822266;160897,0
2025-12-29;13,869999885559082;21,485414505004883;17,73991584777832;52,291622161865234;8,930000305175781;28,989999771118164;30,4904727935791;38,36670684814453;14,75;38,57985305786133;13,308263778686523;8,82180118560791;30,32630729675293;0,800000011920929;40,581024169921875;44,45984649658203;51,544761657714844;72,12000274658203;48,60388946533203;160490,0
2025-12-30;13,859999656677246;21,683256149291992;17,824491500854492;52,58000183105469;8,9399995803833;29,6200008392334;30,934221267700195;38,5;14,729999542236328;38,82727813720703;13,258974075317383;8,856711387634277;30,415124893188477;0,8100000023841858;40,44160461425781;43,06615447998047;51,44477462768555;71,95999908447266;48,40432357788086;161125,0
2026-01-02;13,649999618530273;21,445846557617188;17,853885650634766;52,189998626708984;8,699999809265137;23,959999084472656;30,697553634643555;38,29999923706055;14,5600004196167;38,766075134277344;13,189969062805176;8,747735977172852;30,306570053100586;0,800000011920929;40,30218505859375;42,93765640258789;51,86473083496094;72,37999725341797;48,14488983154297;160539,0
2026-01-05;13,710000038146973;21,643688201904297;18,608196258544922;53,599998474121094;9,050000190734863;25,270000457763672;30,687694549560547;38,599998474121094;15,170000076293945;39,33048629760742;12,795649528503418;8,866618156433105;29,80327033996582;0,8199999928474426;40,78019714355469;43,234188079833984;50,42487716674805;73,12000274658203;47,97526168823242;161870,0
2026-01-06;13,699999809265137;21,88109588623047;18,71609878540039;54,310001373291016;9,319999694824219;25,139999389648438;30,9835262298584;38,9900016784668;16,489999771118164;39,5681266784668;13,258974075317383;9,064754486083984;29,250625610351562;0,8100000023841858;42,323768615722656;43,80747985839844;50,22489929199219;75,87000274658203;48,0650634765625;163664,0
2026-01-07;13,699999809265137;21,46563148498535;18,48067855834961;53,25;9,850000381469727;24,219999313354492;30,47075080871582;38,25;16,139999389648438;38,93439865112305;12,943519592285156;9,203451156616211;29,43813133239746;0,8299999833106995;40,820030212402344;43,45164108276367;49,9349250793457;76,31999969482422;47,59608840942383;161975,0
2026-01-08;13,640000343322754;21,584335327148438;18,16678237915039;54,400001525878906;9,859999656677246;24,489999771118164;30,431306838989258;38,79999923706055;15,369999885559082;39,538421630859375;13,229400634765625;9,134102821350098;29,80327033996582;0,8199999928474426;40,5013542175293;43,06615447998047;49,564964294433594;75,58000183105469;45,61042404174805;162937,0
2026-01-09;13,899999618530273;21,623905181884766;18,186399459838867;54,720001220703125;9,84000015258789;24,770000457763672;30,520055770874023;38,88999938964844;15,25;39,459205627441406;13,111104965209961;8,797270774841309;29,90195655822754;0,8500000238418579;41,01919937133789;42,7103157043457;50,98482131958008;74,72000122070312;45,99957275390625;163370,0
2026-01-12;13,899999618530273;21,63379669189453;18,049070358276367;54,06999969482422;9,920000076293945;24,579999923706055;30,75672149658203;38,29999923706055;15,260000228881836;39,10273742675781;13,219542503356934;8,500065803527832;29,96116828918457;0,8500000238418579;40,989322662353516;42,40390396118164;52,10470962524414;74,73999786376953;46,64815902709961;163150,0
2026-01-13;13,90999984741211;20,971033096313477;17,84307289123535;53,38999938964844;10,050000190734863;24,780000686645508;29,849502563476562;37,33000183105469;13,979999542236328;38,7858772277832;13,051956176757812;8,123605728149414;30,730920791625977;0,8299999833106995;40,05322265625;41,38581085205078;51,50476837158203;75,3499984741211;46,29892349243164;161973,0
2026-01-14;14,199999809265137;21,267791748046875;18,16678237915039;54,5;10,270000457763672;24,920000076293945;30,500333786010742;37,59000015258789;13,890000343322754;39,2116584777832;13,327980995178223;8,321742057800293;31,56975555419922;0,8600000143051147;40,172725677490234;41,43523025512695;52,16469955444336;78,91999816894531;46,907588958740234;165146,0
2026-01-15;14,039999961853027;21,22822380065918;18,539533615112305;55,08000183105469;9,949999809265137;24,950000762939453;30,145334243774414;37,75;13,25;39,54832077026367;13,318121910095215;8,658574104309082;31,37238311767578;0,8600000143051147;40,152809143066406;41,49454116821289;52,34468078613281;78,8499984741211;46,33883285522461;165568,0
2026-01-16;14,100000381469727;21,139196395874023;18,549341201782227;54,400001525878906;9,510000228881836;24,700000762939453;30,046722412109375;37,439998626708984;12,989999771118164;39,22156524658203;13,140678405761719;8,381183624267578;31,619098663330078;0,8199999928474426;40,083099365234375;40,22934341430664;51,594757080078125;78,87999725341797;46,219093322753906;164800,0
2026-01-19;14,09000015258789;21,079843521118164;18,539533615112305;54,81999969482422;9,210000038146973;24,6200008392334;30,322834014892578;37,470001220703125;13,489999771118164;39,16214370727539;13,199827194213867;8,28211498260498;31,74738883972168;0,800000011920929;40,28226852416992;40,338069915771484;51,844730377197266;78,56999969482422;46,11931228637695;164849,0
2026-01-20;14,069999694824219;21,307361602783203;18,80438232421875;55,099998474121094;8,930000305175781;25,360000610351562;30,806026458740234;37,959999084472656;13,229999542236328;39,52851486206055;13,426559448242188;8,321742057800293;31,865816116333008;0,7900000214576721;39,97355270385742;40,258995056152344;51,344783782958984;80,08000183105469;46,328857421875;166277,0
2026-01-21;14,3100004196167;22,158071517944336;19,38313102722168;57,72999954223633;9,369999885559082;26,489999771118164;31,861164093017578;39,09000015258789;13,880000114440918;41,26136016845703;14,28420352935791;8,727923393249512;32,99083709716797;0,8100000023841858;40,87977981567383;42,12713623046875;52,194698333740234;82,5;47,486328125;171817,0
2026-01-22;14,59000015258789;23,196731567382812;19,912830352783203;58,310001373291016;9,539999961853027;26,899999618530273;32,77824401855469;40,25;13,789999961853027;42,657527923583984;14,737669944763184;8,876524925231934;33,13887023925781;0,8100000023841858;43,21007537841797;43,3725700378418;52,184696197509766;82,9800033569336;49,12275695800781;175589,0
2026-01-23;14,899999618530273;24,01776885986328;20,39348602294922;59,09000015258789;10,140000343322754;28,020000457763672;32,76838302612305;40,90999984741211;13,739999771118164;43,14272689819336;14,639090538024902;9,282705307006836;34,579689025878906;0,8100000023841858;43,767757415771484;44,232505798339844;52,244693756103516;85,0199966430664;49,76136016845703;178859,0
2026-01-26;15,050000190734863;24,136470794677734;20,481767654418945;60,22999954223633;9,960000038146973;28,059999465942383;32,91630172729492;40,720001220703125;13,59000015258789;43,71703338623047;14,540511131286621;9,381773948669434;34,895484924316406;0,8299999833106995;43,90717315673828;45,16163635253906;51,66474914550781;83,06999969482422;51,4975700378418;178721,0
2026-01-27;14,869999885559082;24,42333984375;21,02128028869629;61,70000076293945;10,670000076293945;29,790000915527344;33,00505065917969;41,5;13,869999885559082;44,87556076049805;15,013692855834961;9,550189971923828;35,65536880493164;0,8999999761581421;43,41920471191406;47,14839553833008;51,2747917175293;84,9000015258789;52,58519744873047;181919,0
2026-01-28;14,949999809265137;25,125669479370117;21,30574607849121;62,220001220703125;10,890000343322754;30,049999237060547;33,08393859863281;41,400001525878906;13,75;45,885562896728516;15,32914924621582;9,986090660095215;36,8494758605957;1,0800000429153442;43,96692657470703;48,41358947753906;51,75474166870117;86,97000122070312;51,45765686035156;184691,0
2026-01-29;14,760000228881836;25,224592208862305;21,031089782714844;60,970001220703125;10,520000457763672;29,700000762939453;33,064212799072266;40,81999969482422;13,430000305175781;45,69742965698242;15,0826997756958;9,62944507598877;37,20474624633789;1,0399999618530273;42,55281448364258;47,573421478271484;49,35498809814453;87,41000366210938;51,95656967163086;183134,0
2026-01-30;14,850000381469727;24,947614669799805;20,903566360473633;59,95000076293945;10,069999694824219;29,899999618530273;32,31477355957031;40,91999816894531;13,0;45,053802490234375;14,717954635620117;9,698792457580566;37,263954162597656;1,0299999713897705;42,2142219543457;47,830413818359375;49,32499313354492;84,31999969482422;51,60733413696289;181364,0
2026-02-02;15,0600004196167;25,026748657226562;21,168418884277344;61,119998931884766;10,010000228881836;30,6299991607666;33,044490814208984;40,95000076293945;12,739999771118164;45,44823455810547;14,836250305175781;9,738419532775879;36,750789642333984;0,9399999976158142;43,69804763793945;48,996768951416016;48,71505355834961;84,81999969482422;51,836830139160156;182793,0
2026-02-03;15,380000114440918;25,412540435791016;21,285228729248047;61,220001220703125;10,369999885559082;32,0;33,31074142456055;41,209999084472656;12,800000190734863;45,705787658691406;15,36858081817627;10,025717735290527;37,08632278442383;0,9800000190734863;42,46318817138672;50,06428146362305;49,08501434326172;88,98999786376953;53,88236618041992;185674,0
2026-02-04;15,300000190734863;24,82891082763672;20,59797477722168;58,20000076293945;10,229999542236328;30,510000228881836;32,78810501098633;40,2599983215332;12,460000038146973;44,20008850097656;14,984119415283203;9,639350891113281;37,0271110534668;0,8500000238418579;41,48725128173828;49,481101989746094;49,5949592590332;89,43000030517578;51,288028717041016;181708,0
2026-02-05;15,479999542236328;24,17603874206543;20,764877319335938;58,97999954223633;9,899999618530273;31,100000381469727;32,84727478027344;40,43000030517578;12,050000190734863;45,09162521362305;14,984119415283203;9,560096740722656;36,513938903808594;0,8500000238418579;41,43745803833008;49,49098587036133;50,42487716674805;86,44999694824219;52,09626388549805;182127,0
2026-02-06;15,420000076293945;24,06722640991211;20,234710693359375;60,27000045776367;9,510000228881836;31,1299991607666;32,886714935302734;40,88999938964844;11,770000457763672;46,3100471496582;15,279858589172363;10,104972839355469;36,168540954589844;0,8399999737739563;41,3577880859375;50,41023254394531;50,19490051269531;85,62999725341797;51,73704528808594;182950,0
2026-02-09;15,390000343322754;24,55193519592285;20,52924919128418;60,20000076293945;9,850000381469727;30,790000915527344;32,985328674316406;41,40999984741211;11,449999809265137;47,85536193847656;15,200995445251465;10,867799758911133;36,829734802246094;0,8399999737739563;41,98517608642578;49,99509048461914;51,33478546142578;87,30999755859375;53,63290786743164;186241,0
2026-02-10;15,65999984741211;24,532150268554688;20,539066314697266;58,939998626708984;9,390000343322754;31,1299991607666;33,31074142456055;41,380001068115234;11,329999923706055;47,96432113647461;14,855965614318848;10,501246452331543;36,85934066772461;0,7699999809265137;41,12874221801758;49,906131744384766;51,11480712890625;87,05000305175781;52,285850524902344;185929,0
2026-02-11;15,770000457763672;24,640962600708008;21,147775650024414;59,209999084472656;9,619999885559082;31,280000686645508;34,48421096801758;42,04999923706055;11,1899995803833;48,905391693115234;15,053126335144043;10,996588706970215;37,57975387573242;0,7699999809265137;41,9752197265625;50,49919128417969;57,92411804199219;90,08999633789062;53,47325897216797;189699,0
2026-02-12;16,520000457763672;25,74886703491211;20,843420028686523;58,5;8,699999809265137;30,829999923706055;33,655879974365234;41,369998931884766;10,720000267028809;47,78602600097656;14,87568187713623;10,055438041687012;36,62249755859375;0,6700000166893005;42,224185943603516;51,003292083740234;58,244083404541016;89,2300033569336;53,912296295166016;187766,0
2026-02-13;16,350000381469727;25,155345916748047;20,58815574645996;59,59000015258789;8,729999542236328;30,639999389648438;33,23185348510742;41,0;10,399999618530273;47,32044982910156;15,131989479064941;10,134693145751953;36,4053840637207;0,6299999952316284;42,48310470581055;50,84514236450195;58,334075927734375;87,02999877929688;53,68280029296875;186464,0
2026-02-18;16,1299991607666;25,541135787963867;20,52924919128418;60,31999969482422;8,59000015258789;31,520000457763672;32,80782699584961;40,849998474121094;10,119999885559082;47,53837585449219;15,279858589172363;10,184226989746094;36,70144271850586;0,6700000166893005;42,652400970458984;50,70676040649414;57,194190979003906;83,91999816894531;53,2736930847168;186016,0
2026-02-19;16,170000076293945;26,17422103881836;20,941600799560547;61,849998474121094;8,529999732971191;31,68000030517578;33,2515754699707;41,27000045776367;10,789999961853027;48,093101501464844;15,36858081817627;10,481432914733887;37,31330108642578;0,6200000047683716;44,45489501953125;51,82369613647461;57,12419891357422;83,45999908447266;51,258094787597656;188534,0
2026-02-20;16,030000686645508;26,698497772216797;21,36376953125;62,18000030517578;8,579999923706055;31,950000762939453;33,17268753051758;41,709999084472656;10,5;48,76670455932617;15,378438949584961;10,699382781982422;37,47119903564453;0,6000000238418579;44,90302658081055;52,21907043457031;56,854225158691406;86,80999755859375;51,87674331665039;190534,0
2026-02-23;16,190000534057617;26,540225982666016;20,843420028686523;60,61000061035156;8,529999732971191;31,469999313354492;33,19240951538086;41,5099983215332;9,970000267028809;47,00345993041992;15,309432983398438;10,273388862609863;38,08305358886719;0,6299999952316284;43,37937545776367;50,70676040649414;56,99420928955078;87,38999938964844;51,856788635253906;188854,0
2026-02-24;16,579999923706055;27,049415588378906;21,010324478149414;61,150001525878906;8,529999732971191;31,729999542236328;33,70518493652344;42,36000061035156;10,489999771118164;47,71668243408203;15,654461860656738;10,035625457763672;39,05017852783203;0,6499999761581421;43,28974533081055;51,448089599609375;58,57405090332031;87,7300033569336;51,29800796508789;191490,0
2026-02-25;16,3799991607666;27,508216857910156;20,784513473510742;61,79999923706055;8,619999885559082;31,690000534057617;32,94588088989258;42,2400016784668;10,260000228881836;47,34025955200195;15,55588150024414;9,40158748626709;39,05017852783203;0,6399999856948853;43,33953857421875;50,202659606933594;58,894020080566406;89,97000122070312;50,170467376708984;191248,0
2026-02-26;16,40999984741211;27,208999633789062;20,59797477722168;62,040000915527344;8,630000114440918;31,600000381469727;33,340328216552734;42,900001525878906;10,75;47,22138595581055;15,822046279907227;9,49074935913086;39,08965301513672;0,6499999761581421;41,377708435058594;49,86659240722656;58,9740104675293;89,20999908447266;49,272430419921875;191005,0
2026-02-27;16,270000457763672;26,879858016967773;20,764877319335938;61,2599983215332;8,619999885559082;30,709999084472656;33,21213150024414;42,11000061035156;10,489999771118164;46,33976364135742;15,358722686767578;9,26289176940918;38,81333541870117;0,6299999952316284;40,13288879394531;50,173004150390625;57,994110107421875;88,47000122070312;49,591732025146484;188787,0
2026-03-02;15,90999984741211;26,879858016967773;20,843420028686523;61,09000015258789;8,420000076293945;30,649999618530273;32,84727478027344;41,70000076293945;10,359999656677246;45,50554275512695;15,299574851989746;9,104381561279297;40,58968734741211;0,6499999761581421;39,535377502441406;51,13179016113281;58,05410385131836;88,16000366210938;48,58393096923828;189307,0
2026-03-03;15,569999694824219;25,770000457763672;19,84992027282715;57,5099983215332;7,909999847412109;29,239999771118164;31,81185531616211;40,4900016784668;10,010000228881836;43,97944259643555;14,747528076171875;8,916152954101562;40,412052154541016;0,6899999976158142;38,4897346496582;48,33451843261719;57,264183044433594;84,4800033569336;47,29674530029297;183105,0
2026-03-04;15,600000381469727;25,940000534057617;20,134891510009766;59,88999938964844;8,0;29,709999084472656;32,55143737792969;41,790000915527344;9,960000038146973;44,60375213623047;14,944687843322754;9,441214561462402;39,967960357666016;0,6000000238418579;39,15695571899414;49,77763366699219;56,4942626953125;84,08999633789062;47,236873626708984;185366,0
2026-03-05;15,289999961853027;25,0;19,486330032348633;57,150001525878906;7,510000228881836;28,34000015258789;31,36810874938965;40,5;9,600000381469727;43,11729431152344;14,510936737060547;9,074662208557129;40,15546417236328;0,5899999737739563;37,97188949584961;46,35764694213867;55,79433059692383;81,29000091552734;46,608245849609375;180464,0
2026-03-06;15,229999542236328;24,75;19,211181640625;56,0;7,190000057220459;28,010000228881836;31,683664321899414;40,470001220703125;9,579999923706055;42,54253005981445;14,560227394104004;9,243078231811523;41,60615539550781;0,550000011920929;38,250728607177734;45,300018310546875;54,91442108154297;78,86000061035156;46,51844024658203;179365,0
2026-03-09;15,40999984741211;24,700000762939453;19,211181640625;56,70000076293945;7,190000057220459;27,799999237060547;31,930191040039062;40,900001525878906;9,420000076293945;42,77045440673828;14,363066673278809;9,43130874633789;42,593017578125;0,550000011920929;38,400108337402344;45,220943450927734;54,79443359375;79,26000213623047;46,47853088378906;180915,0
2026-03-10;15,449999809265137;25,139999389648438;19,682865142822266;57,91999816894531;7,269999980926514;28,520000457763672;32,147132873535156;41,65999984741211;9,520000457763672;43,40467834472656;15,003835678100586;10,0455322265625;42,36603927612305;0,5199999809265137;38,599273681640625;46,6937141418457;55,59435272216797;80,55999755859375;47,08720016479492;183447,0
2026-03-11;15,430000305175781;25,34000015258789;19,594425201416016;58,220001220703125;7,130000114440918;28,530000686645508;31,92032814025879;41,400001525878906;9,579999923706055;43,493865966796875;15,457303047180176;9,946463584899902;44,21147155761719;0,49000000953674316;38,27064514160156;46,30821990966797;54,89442443847656;79,8499984741211;46,77787780761719;183969,0
2026-03-12;14,949999809265137;24,229999542236328;19,053955078125;56,099998474121094;6,099999904632568;27,520000457763672;31,161026000976562;40,150001525878906;9,239999771118164;42,304691314697266;14,806676864624023;9,31242561340332;44,40884780883789;0,46000000834465027;37,10549545288086;44,647647857666016;53,464569091796875;79,23999786376953;45,720184326171875;179285,0
2026-03-13;15,0;23,75;18,660888671875;55,11000061035156;5,71999979019165;26,579999923706055;31,111719131469727;40,0;8,670000076293945;42,01731491088867;14,846108436584473;9,252985000610352;44,08317947387695;0,44999998807907104;36,4482307434082;43,11557388305664;53,39457702636719;78,30000305175781;46,10933303833008;177653,0
2026-03-16;15,100000381469727;23,899999618530273;18,67071533203125;55,900001525878906;6,03000020980835;26,989999771118164;31,535747528076172;40,540000915527344;8,880000114440918;42,61189651489258;14,984119415283203;9,748327255249023;45,25754928588867;0,5;36,886409759521484;44,27204513549805;53,14460372924805;78,83999633789062;45,86985778808594;179875,0
2026-03-17;15,020000457763672;23,670000076293945;18,5233154296875;56,099998474121094;6,340000152587891;27,399999618530273;31,437135696411133;40,560001373291016;8,619999885559082;42,32451248168945;14,905255317687988;8,955780029296875;45,77071762084961;0,6100000143051147;37,015869140625;44,10401153564453;53,10460662841797;78,95999908447266;46,09935760498047;180410,0
2026-03-18;14,739999771118164;23,40999984741211;18,307125091552734;55,41999816894531;6,059999942779541;27,299999237060547;31,161026000976562;40,130001068115234;8,210000038146973;41,89839553833008;14,87568187713623;8,767550468444824;46,382572174072266;0,550000011920929;36,866493225097656;43,599910736083984;52,554664611816406;77,12999725341797;46,059444427490234;179640,0
2026-03-19;14,770000457763672;23,510000228881836;18,316951751708984;55,11000061035156;6,090000152587891;27,110000610351562;31,64422035217285;41,29999923706055;9,4399995803833;42,19568634033203;14,934829711914062;8,688295364379883;46,165462493896484;0,5600000023841858;37,015869140625;43,90632247924805;51,11480712890625;76,62999725341797;46,48850631713867;180271,0
2026-03-20;14,470000267028809;23,270000457763672;18,012325286865234;52,7400016784668;5,989999771118164;25,049999237060547;30,87505340576172;39,97999954223633;8,960000038146973;41,51513671875;14,629232406616211;8,262301445007324;45,07004165649414;0,550000011920929;37,075618743896484;42,7103157043457;50,174903869628906;75,55000305175781;45,85987854003906;176219,0
2026-03-23;14,65999984741211;23,959999084472656;18,67071533203125;55,22999954223633;6,539999961853027;27,219999313354492;31,604774475097656;41,36000061035156;9,4399995803833;42,74410629272461;15,437585830688477;8,678388595581055;45,425315856933594;0,5600000023841858;38,73869705200195;46,49602508544922;51,6147575378418;77,48999786376953;47,25;181932,0
2026-03-24;14,699999809265137;23,649999618530273;18,61175537109375;55,630001068115234;6,570000171661377;27,209999084472656;31,26949691772461;41,16999816894531;9,600000381469727;42,504310607910156;15,457303047180176;8,609040260314941;46,649024963378906;0,5400000214576721;38,659027099609375;45,90296173095703;51,16480255126953;78,0999984741211;47,45000076293945;182509,0
2026-03-25;15,010000228881836;23,860000610351562;18,945863723754883;56,68000030517578;6,599999904632568;28,479999542236328;31,99921989440918;42,209999084472656;10,050000190734863;43,063838958740234;15,4399995803833;8,807177543640137;46,87600326538086;0,5600000023841858;39,25653839111328;47,03966522216797;51,394779205322266;79,55000305175781;48,18000030517578;185424,0
2026-03-26;14,829999923706055;23,059999465942383;18,493833541870117;55,20000076293945;6,440000057220459;27,450000762939453;31,24977684020996;40,0;9,9399995803833;41,904808044433594;15,1899995803833;8,361369132995605;47,38917541503906;0,550000011920929;38,22085189819336;45,72504425048828;50,794837951660156;78,91000366210938;47,52000045776367;182733,0
2026-03-27;14,760000228881836;22,65999984741211;18,199033737182617;53,529998779296875;6,179999828338623;25,93000030517578;31,10186004638672;39,08000183105469;9,6899995803833;41,415225982666016;14,890000343322754;8,014630317687988;48,76091384887695;0,5099999904632568;37,709999084472656;44,62788391113281;50,43487548828125;79,0;47,40999984741211;181557,0
2026-03-30;14,84000015258789;22,399999618530273;18,149898529052734;53,400001525878906;6,139999866485596;26,559999465942383;31,456857681274414;39,599998474121094;9,930000305175781;41,56509780883789;14,1899995803833;7,925468921661377;49,017494201660156;0,5299999713897705;37,849998474121094;45,02000045776367;50,554866790771484;79,5;49,04999923706055;182514,0
2026-03-31;15,25;23,0;18,8377685546875;56,290000915527344;6,329999923706055;27,31999969482422;32,373939514160156;40,77000045776367;10,100000381469727;43,44352340698242;14,960000038146973;8,688295364379883;48,03063201904297;0,5099999904632568;38,970001220703125;46,97999954223633;51,89472961425781;82,4800033569336;51,0099983215332;187462,0
2026-04-01;15,359999656677246;23,6299991607666;19,093263626098633;57,599998474121094;6,519999980926514;28,520000457763672;32,42324447631836;40,61000061035156;10,479999542236328;43,81155014038086;14,960000038146973;8,757643699645996;46,747711181640625;0,5299999713897705;39,439998626708984;47,75;52,08470916748047;83,0;51,0099983215332;187953,0
2026-04-02;15,279999732971191;23,389999389648438;18,807003021240234;57,27000045776367;6,46999979019165;27,520000457763672;32,81768798828125;40,5;10,619999885559082;43,281768798828125;14,84000015258789;8,668481826782227;47,5174674987793;0,5400000214576721;39,779998779296875;47,66999816894531;50,84483337402344;83,55000305175781;50,310001373291016;188052,0
2026-04-06;15,449999809265137;23,43000030517578;19,01356315612793;57,709999084472656;6,409999847412109;26,889999389648438;32,83740997314453;40,459999084472656;10,680000305175781;43,4716911315918;14,649999618530273;8,737829208374023;48,29708480834961;0,5400000214576721;39,72999954223633;47,13999938964844;49,5949592590332;83,08999633789062;50,619998931884766;188162,0
2026-04-07;15,479999542236328;23,440000534057617;19,190723419189453;58,209999084472656;6,360000133514404;25,68000030517578;32,67963409423828;41,09000015258789;10,260000228881836;43,44170379638672;14,800000190734863;8,698202133178711;47,87273406982422;0,5199999809265137;39,91999816894531;47,150001525878906;46,42528533935547;83,69000244140625;50,650001525878906;188259,0
2026-04-08;15,859999656677246;24,489999771118164;20,149761199951172;62,119998931884766;6,71999979019165;27,350000381469727;33,72490692138672;43,150001525878906;11,1899995803833;44,961063385009766;15,5;8,866618156433105;45,99769592285156;0,5400000214576721;40,61000061035156;49,36000061035156;47,3351936340332;85,58999633789062;52,77000045776367;192201,0
2026-04-09;16,059999465942383;24,719999313354492;20,269641876220703;63,04999923706055;6,789999961853027;28,059999465942383;33,98129653930664;43,79999923706055;11,720000267028809;45,73073959350586;15,90999984741211;9,144009590148926;47,270751953125;0,5400000214576721;40,9900016784668;50,040000915527344;47,59516525268555;84,69000244140625;52,5;195129,0
2026-04-10;16,1200008392334;24,729999542236328;20,419490814208984;62,779998779296875;6,420000076293945;27,809999465942383;35,5590705871582;44,77000045776367;13,25;46,05060577392578;15,720000267028809;9,064754486083984;48,385902404785156;0,5799999833106995;41,400001525878906;49,0;47,155208587646484;85,58999633789062;52,880001068115234;197324,0
2026-04-13;15,930000305175781;24,75;20,569339752197266;63,79999923706055;6,519999980926514;28,0;36,722679138183594;44,650001525878906;13,069999694824219;45,810707092285156;15,8100004196167;9,12419605255127;49,12605285644531;0,5799999833106995;41,66999816894531;48,810001373291016;47,795143127441406;87,36000061035156;52,040000915527344;198001,0
2026-04-14;15,890000343322754;25,3799991607666;20,7591495513916;63,25;6,639999866485596;28,0;37,42281723022461;45,040000915527344;13,050000190734863;46,51041030883789;15,670000076293945;9,163823127746582;47,251014709472656;0,5799999833106995;42,40999984741211;50,9900016784668;48,505069732666016;88,30000305175781;51,900001525878906;198657,0
2026-04-15;15,829999923706055;24,399999618530273;20,77912712097168;64,33000183105469;6,639999866485596;27,600000381469727;37,87642288208008;45,349998474121094;12,649999618530273;47,020198822021484;15,600000381469727;9,302519798278809;46,274017333984375;0,5699999928474426;40,0;51,939998626708984;47,82514572143555;88,44000244140625;49,959999084472656;197738,0
2026-04-16;15,430000305175781;24,280000686645508;20,829078674316406;64,33999633789062;6,619999885559082;27,25;37,659481048583984;45,2599983215332;12,350000381469727;46,96022033691406;15,050000190734863;9,163823127746582;47,94181823730469;0,5299999713897705;39,25;50,779998779296875;47,52517318725586;87,44000244140625;48,400001525878906;196819,0
2026-04-17;15,329999923706055;24,399999618530273;21,238666534423828;63,599998474121094;6,789999961853027;27,719999313354492;36,98892593383789;45,189998626708984;12,229999542236328;46,780296325683594;15,430000305175781;9,203451156616211;45,61281967163086;0,5199999809265137;40,029998779296875;51,13999938964844;47,925132751464844;89,75;48,650001525878906;195734,0
2026-04-20;15,3100004196167;24,280000686645508;21,00889778137207;64,12999725341797;6,820000171661377;27,770000457763672;36,900177001953125;45,060001373291016;12,380000114440918;46,35047912597656;15,149999618530273;9,26289176940918;46,40230941772461;0,5400000214576721;39,439998626708984;51,97999954223633;47,795143127441406;88,7300033569336;48,47999954223633;196132,0
2026-04-22;15,0;23,399999618530273;20,38951873779297;62,029998779296875;6,639999866485596;27,09000015258789;36,21976089477539;43,75;12,649999618530273;45,011043548583984;14,619999885559082;8,866618156433105;47,04376983642578;0,5299999713897705;38,63999938964844;50,5;47,34518814086914;87,22000122070312;47,189998626708984;192889,0
2026-04-23;14,739999771118164;23,0;19,949960708618164;60,959999084472656;6,389999866485596;27,049999237060547;36,42684555053711;43,91999816894531;13,300000190734863;44,161399841308594;14,34000015258789;8,569413185119629;47,77000045776367;0,5;37,86000061035156;49,38999938964844;46,68525695800781;85,97000122070312;48,279998779296875;191378,0
2026-04-24;14,5;22,700000762939453;19,90001106262207;60,880001068115234;6,429999828338623;26,600000381469727;36,16059494018555;44,11000061035156;14,09000015258789;44,351318359375;14,279999732971191;8,648667335510254;47,15999984741211;0,5199999809265137;38,709999084472656;49,290000915527344;45,6353645324707;85,87000274658203;47,79999923706055;190745,0
2026-04-27;14,539999961853027;22,510000228881836;19,710201263427734;60,5099983215332;6,400000095367432;25,059999465942383;35,69712448120117;43,38999938964844;13,149999618530273;43,97148132324219;13,970000267028809;8,529999732971191;47,369998931884766;0,49000000953674316;38,43000030517578;48,31999969482422;45,2953987121582;85,5;48,189998626708984;189579,0
2026-04-28;14,579999923706055;22,540000915527344;19,55036163330078;60,18000030517578;6,420000076293945;24,200000762939453;34,65184783935547;42,63999938964844;12,039999961853027;44,0814323425293;14,010000228881836;8,539999961853027;47,52000045776367;0,4699999988079071;38,43000030517578;47,310001373291016;45,44538497924805;84,38999938964844;47,290000915527344;188619,0
2026-04-29;14,329999923706055;21,709999084472656;19,090824127197266;58,56999969482422;6,159999847412109;23,399999618530273;34,16865921020508;41,70000076293945;11,75;42,851951599121094;13,420000076293945;8,079999923706055;48,959999084472656;0,46000000834465027;37,7400016784668;45,20000076293945;44,81544876098633;79,44000244140625;44,099998474121094;184750,0
2026-04-30;14,510000228881836;22,209999084472656;19,300613403320312;59,34000015258789;6,230000019073486;23,489999771118164;34,819488525390625;42,31999969482422;12,390000343322754;43,171817779541016;13,600000381469727;8,229999542236328;49,08000183105469;0,4699999988079071;38,369998931884766;45,90999984741211;43,84000015258789;81,18000030517578;44,86000061035156;187318,0
2026-05-04;14,4399995803833;21,90999984741211;18,89102554321289;58,11000061035156;6,079999923706055;22,31999969482422;34,661712646484375;42,04999923706055;11,5;42,400001525878906;13,520000457763672;8,0;49,34000015258789;0,4699999988079071;37,900001525878906;44,97999954223633;42,58000183105469;78,66000366210938;44,36000061035156;185600,0
