Fecha;Aluar;Banco Macro;BYMA;Central Puerto;Soc. Comercial del Plata;Cresud;Edenor;Grupo Financiero Galicia;Holcim Argentina;IRSA;Loma Negra;Mirgor;Molinos Rio de la Plata;Pampa Energia;Supervielle;Telecom Argentina;Transportadora Gas del Sur;Transener;Ternium Argentina;Grupo Supervielle (VALO);INDICE MERVAL
2025-03-31;878,3751831054688;9384,529296875;213,3982391357422;1455,0;79,6756362915039;1373,458251953125;2010,0;6858,966796875;1815,0;1539,0611572265625;2920,0;23955,923828125;3300,521240234375;4045,0;3377,444580078125;2660,515380859375;6665,91796875;1792,8580322265625;788,50732421875;306,4984130859375;2338761,0
2025-04-01;863,419921875;9521,5634765625;211,00857543945312;1485,0;80,5621566772461;1392,33740234375;2030,0;6945,1826171875;1810,0;1570,7476806640625;2915,0;23531,70703125;3251,198486328125;4145,0;3377,444580078125;2725,284423828125;6838,56005859375;1792,8580322265625;758,6978759765625;304,0266418457031;2356531,0
2025-04-03;812,5718383789062;9280,572265625;207,6630096435547;1460,0;75,57550048828125;1401,7769775390625;1950,0;6772,75048828125;1735,0;1552,64111328125;2805,0;24554,822265625;3136,11181640625;3940,0;3239,790283203125;2730,2666015625;6445,31884765625;1719,0599365234375;723,118896484375;303,0379638671875;2275659,0
2025-04-04;790,6373901367188;8496,166015625;204,55642700195312;1340,0;68,04010772705078;1326,2603759765625;1780,0;6169,23681640625;1605,0;1511,9012451171875;2640,0;23257,2109375;2844,284912109375;3660,0;2895,65478515625;2580,799560546875;5984,93896484375;1610,533447265625;711,5797729492188;289,19610595703125;2107816,0
2025-04-07;784,6552734375;8269,3486328125;204,79541015625;1295,0;65,158935546875;1274,3427734375;1720,0;5901,01025390625;1525,0;1439,474853515625;2460,0;22633,357421875;2696,31640625;3510,0;2816,995361328125;2550,906005859375;5687,6103515625;1467,2784423828125;682,73193359375;275,35418701171875;2025967,0
2025-04-08;756,7387084960938;8430,0107421875;198,58224487304688;1255,0;60,94798278808594;1217,705322265625;1620,0;5977,646484375;1440,0;1425,8948974609375;2355,0;22009,505859375;2494,91455078125;3425,0;2895,65478515625;2605,710693359375;5706,79296875;1341,3876953125;653,8840942382812;262,99542236328125;1990621,0
2025-04-09;788,6433715820312;9734,205078125;220,3282928466797;1370,0;66,04544830322266;1260,183349609375;1735,0;6686,5341796875;1545,0;1534,534423828125;2515,0;23182,349609375;2745,63916015625;3620,0;3323,3662109375;2834,8935546875;6723,46533203125;1380,457275390625;689,4630737304688;270,9050598144531;2182907,0
2025-04-10;785,6522827148438;9223,8681640625;216,26585388183594;1360,0;68,37255859375;1260,183349609375;1725,0;6389,56689453125;1520,0;1489,2679443359375;2445,0;21934,64453125;2651,103759765625;3560,0;3156,214599609375;2725,284423828125;6119,216796875;1328,364501953125;715,4261474609375;263,984130859375;2111490,0
2025-04-11;816,5599365234375;9994,0986328125;223,91282653808594;1440,0;69,14825439453125;1335,699951171875;1930,0;6916,44384765625;1660,0;1543,5877685546875;2670,0;22907,853515625;2790,851806640625;3730,0;3446,271728515625;2989,343017578125;6406,9541015625;1415,1856689453125;737,5427856445312;263,4897766113281;2248803,0
2025-04-14;849,4616088867188;10844,66015625;211,50299072265625;1430,0;72,14024353027344;1364,0186767578125;1985,0;7395,421875;1775,0;1575,2742919921875;2780,0;23506,751953125;3271,749755859375;3855,0;3805,156005859375;2790,053466796875;6819,3779296875;1606,1923828125;746,1971435546875;275,84857177734375;2364950,0
2025-04-15;804,595703125;10466,634765625;206,72325134277344;1400,0;70,14558410644531;1359,2989501953125;2025,0;7098,45556640625;1775,0;1552,64111328125;2695,0;23232,2578125;3464,930908203125;3740,0;3628,171875;2680,4443359375;6598,779296875;1636,579833984375;697,1558837890625;280,29779052734375;2284280,0
2025-04-16;758,7327270507812;10017,7275390625;195,72988891601562;1320,0;63,718345642089844;1330,980224609375;1995,0;6772,75048828125;1695,0;1480,214599609375;2555,0;22808,0390625;3164,883544921875;3615,0;3475,76904296875;2525,994873046875;6100,0341796875;1601,851318359375;661,5768432617188;270,9050598144531;2177975,0
2025-04-21;659,0306396484375;9497,9375;187,60433959960938;1240,0;58,731693267822266;1236,58447265625;1855,0;6552,4208984375;1570,0;1412,31494140625;2330,0;21510,423828125;2852,50537109375;3360,0;3357,77978515625;2321,72314453125;5630,06298828125;1701,6956787109375;571,18701171875;262,5010986328125;2045707,0
2025-04-22;656,0396118164062;10183,11328125;195,72988891601562;1305,0;63,16427230834961;1326,2603759765625;1880,0;6973,9208984375;1585,0;1489,2679443359375;2475,0;22084,369140625;2778,52099609375;3570,0;3623,255615234375;2366,563232421875;5917,80029296875;1784,1759033203125;579,8413696289062;267,9389343261719;2163891,0
2025-04-23;696,9174194335938;10537,5126953125;201,46556091308594;1355,0;66,26707458496094;1307,3812255859375;1985,0;7261,30810546875;1695,0;1507,37451171875;2750,0;23057,578125;2897,718017578125;3660,0;3741,2451171875;2471,190185546875;6023,30419921875;1936,113037109375;605,8043823242188;284,25250244140625;2239402,0
2025-04-24;687,9442749023438;10537,5126953125;198,8367156982422;1330,0;64,82649230957031;1312,10107421875;1910,0;7261,30810546875;1720,0;1548,1143798828125;2840,0;23381,984375;3004,584228515625;3640,0;3696,9990234375;2421,367919921875;6119,216796875;1931,77197265625;604,8428344726562;283,26385498046875;2232745,0
2025-04-25;691,9323120117188;10584,7666015625;196,6858367919922;1320,0;61,9453125;1316,82080078125;1885,0;7290,046875;1690,0;1552,64111328125;2775,0;23581,61328125;3144,332275390625;3650,0;3721,580078125;2296,81201171875;5994,5302734375;1901,384521484375;619,2667236328125;271,8937683105469;2225243,0
2025-04-28;690,935302734375;10253,9931640625;193,8179931640625;1285,0;61,169612884521484;1260,183349609375;1845,0;7117,61474609375;1695,0;1498,3212890625;2755,0;23456,84375;3021,025146484375;3530,0;3638,00439453125;2336,669921875;5946,57421875;1923,08984375;626,95947265625;265,9615478515625;2179249,0
2025-04-29;676,97705078125;10135,859375;196,92481994628906;1300,0;60,28309631347656;1250,7437744140625;1870,0;6983,5009765625;1675,0;1530,0078125;2720,0;23631,5234375;3033,355712890625;3485,0;3620,0;2326,705322265625;5889,02685546875;1901,384521484375;602,9196166992188;272,8824768066406;2158848,0
2025-04-30;657,03662109375;9923,21875;190,23318481445312;1260,0;57,955989837646484;1231,8646240234375;1790,0;6887,70556640625;1610,0;1493,7945556640625;2670,0;24155,55859375;3033,355712890625;3385,0;3515,0;2286,847412109375;5793,1142578125;1823,245361328125;579,8413696289062;264,4784240722656;2100844,0
2025-05-05;657,03662109375;9521,5634765625;186,64840698242188;1250,0;59,61820983886719;1212,9854736328125;1750,0;6686,5341796875;1550,0;1507,37451171875;2665,0;25003,99609375;2881,277099609375;3355,0;3325,0;2256,9541015625;5898,61767578125;1831,927490234375;593,3036499023438;266,45587158203125;2059932,0
2025-05-06;676,97705078125;9828,7109375;190,9501495361328;1290,0;63,718345642089844;1231,8646240234375;1845,0;6801,4892578125;1645,0;1539,0611572265625;2760,0;25602,896484375;3025,13525390625;3465,0;3480,0;2306,7763671875;6013,712890625;1897,04345703125;609,6507568359375;279,80340576171875;2129994,0
2025-05-07;661,0247192382812;9497,9375;189,5162353515625;1265,0;60,61553955078125;1189,386474609375;1755,0;6514,1015625;1715,0;1516,4278564453125;2580,0;25677,7578125;2947,040771484375;3315,0;3340,0;2321,72314453125;5821,8876953125;1814,5633544921875;600,0348510742188;270,4107360839844;2059915,0
2025-05-08;647,06640625;9568,8193359375;182,82461547851562;1265,0;59,50739288330078;1194,1063232421875;1730,0;6552,4208984375;1670,0;1539,0611572265625;2590,0;25577,943359375;2930,599853515625;3355,0;3325,0;2331,6875;5917,80029296875;1766,8116455078125;575,9949951171875;270,9050598144531;2061722,0
2025-05-09;629,1200561523438;9639,69921875;180,9127197265625;1370,0;60,17228317260742;1241,30419921875;1860,0;6547,384765625;1695,0;1584,32763671875;2660,0;25353,353515625;2967,592041015625;3495,0;3375,0;2401,43896484375;6195,94677734375;1823,245361328125;568,30224609375;270,9050598144531;2114386,0
2025-05-12;618,15283203125;10135,859375;186,17044067382812;1425,0;63,828369140625;1260,183349609375;1960,0;7039,88720703125;1705,0;1602,4342041015625;2760,0;25328,400390625;2955,26123046875;3745,0;3590,0;2456,24365234375;6464,50146484375;1970,8414306640625;548,1087646484375;281,7807312011719;2230395,0
2025-05-13;661,0247192382812;10183,11328125;187,84332275390625;1470,0;71,06893157958984;1274,3427734375;2080,0;7059,20166015625;1750,0;1620,540771484375;2855,0;24405,09765625;2934,710205078125;3875,0;3625,0;2535,95947265625;6598,779296875;2118,4375;591,3804931640625;307,487060546875;2285483,0
2025-05-14;676,97705078125;10253,9931640625;194,29595947265625;1515,0;77,41835021972656;1269,6229248046875;2070,0;6991,6025390625;1785,0;1588,854248046875;2810,0;25128,767578125;2889,49755859375;3880,0;3600,0;2555,88818359375;6675,50927734375;2261,692626953125;593,3036499023438;322,81201171875;2301643,0
2025-05-15;681,962158203125;10112,2333984375;194,05697631835938;1545,0;77,6411361694336;1269,6229248046875;2070,0;6933,662109375;1795,0;1602,4342041015625;2855,0;24465,806640625;2844,284912109375;3830,0;3520,0;2575,817138671875;6982,42919921875;2426,65283203125;595,2268676757812;313,41937255859375;2298473,0
2025-05-16;728,8220825195312;10277,619140625;194,05697631835938;1540,0;75,74745178222656;1260,183349609375;2015,0;7049,5439453125;1760,0;1606,9608154296875;2885,0;24640,5625;2864,836181640625;3860,0;3580,0;2555,88818359375;6915,2900390625;2387,583251953125;627,9210815429688;310,9476013183594;2318360,0
2025-05-19;725,8310546875;10584,7666015625;195,01292419433594;1580,0;76,9727783203125;1297,941650390625;2080,0;7146,11328125;1795,0;1629,5941162109375;2955,0;24540,701171875;2889,49755859375;3960,0;3790,0;2650,55078125;7097,52392578125;2448,358154296875;618,3051147460938;313,9136962890625;2369505,0
2025-05-20;748,7625122070312;10513,88671875;194,29595947265625;1630,0;76,9727783203125;1297,941650390625;2180,0;7155,7705078125;1895,0;1665,807373046875;3070,0;24191,189453125;2992,25341796875;3945,0;3845,0;2595,74609375;7059,1591796875;2391,92431640625;640,4218139648438;313,41937255859375;2378464,0
2025-05-21;758,7327270507812;10230,3662109375;189,27725219726562;1565,0;72,51704406738281;1283,7823486328125;2090,0;6991,6025390625;1815,0;1634,1207275390625;3025,0;23042,794921875;3033,355712890625;3805,0;3670,0;2511,048095703125;6838,56005859375;2253,010498046875;652,9225463867188;308,47576904296875;2319549,0
2025-05-22;759,729736328125;10206,740234375;192,86204528808594;1595,0;72,96261596679688;1279,0625;2085,0;6952,974609375;1845,0;1611,487548828125;3095,0;22868,0390625;2967,592041015625;3765,0;3715,0;2421,367919921875;6838,56005859375;2179,21240234375;650,0377197265625;311,9363098144531;2314897,0
2025-05-23;786,6492919921875;10324,8720703125;200,9875946044922;1585,0;73,51958465576172;1316,82080078125;2110,0;7078,5146484375;1875,0;1616,01416015625;3195,0;23392,306640625;2914,158935546875;3805,0;3660,0;2446,279052734375;6915,2900390625;2187,89453125;652,9225463867188;338,136962890625;2345902,0
2025-05-26;805,5927124023438;10348,5;208,63514709472656;1615,0;74,6335220336914;1321,5406494140625;2145,0;7078,5146484375;1900,0;1638,6474609375;3295,0;23267,482421875;2885,38720703125;3815,0;3685,0;2431,332275390625;6982,42919921875;2248,66943359375;670,231201171875;336,1595764160156;2370800,0
2025-05-27;814,5658569335938;10253,9931640625;211,0250244140625;1610,0;76,19302368164062;1359,2989501953125;2100,0;6972,2900390625;1870,0;1652,2274169921875;3240,0;23067,759765625;2794,9619140625;3810,0;3475,0;2421,367919921875;6924,88134765625;2222,623046875;672,1544189453125;342,5860900878906;2355098,0
2025-05-28;827,5271606445312;10017,7275390625;208,87413024902344;1585,0;74,2993392944336;1378,1781005859375;2100,0;6885,376953125;1845,0;1634,1207275390625;3080,0;22967,8984375;2996,36376953125;3830,0;3345,0;2421,367919921875;6934,47265625;2309,444091796875;685,61669921875;350,00140380859375;2344330,0
2025-05-29;832,5122680664062;9545,1923828125;212,21995544433594;1620,0;70,9575424194336;1368,738525390625;2020,0;6721,208984375;1760,0;1652,2274169921875;3120,0;22768,1796875;2897,718017578125;3740,0;3170,0;2401,43896484375;6656,32666015625;2313,78515625;686,5783081054688;364,33758544921875;2308056,0
2025-05-30;794,62548828125;9568,8193359375;210,06907653808594;1565,0;69,06385040283203;1354,5791015625;1985,0;6721,208984375;1730,0;1643,174072265625;3045,0;22868,0390625;2926,48974609375;3700,0;3135,0;2346,63427734375;6474,0927734375;2344,172607421875;674,0775756835938;357,4167175292969;2278992,0
2025-06-02;752,7506103515625;9261,671875;201,70455932617188;1500,0;63,828369140625;1368,738525390625;1930,0;6547,384765625;1680,0;1643,174072265625;2970,0;22793,14453125;2868,9462890625;3585,0;3045,0;2306,7763671875;6416,54541015625;2357,19580078125;635,6138305664062;334,18212890625;2206291,0
2025-06-03;715,86083984375;9290,021484375;199,31468200683594;1505,0;65,83345031738281;1349,859375;1930,0;6566,69873046875;1730,0;1647,70068359375;3010,0;22343,771484375;2877,166748046875;3685,0;3040,0;2336,669921875;6464,50146484375;2400,6064453125;623,1130981445312;354,9449157714844;2224638,0
2025-06-04;702,8995361328125;8628,4755859375;195,49090576171875;1435,0;66,72459411621094;1349,859375;1825,0;6257,67822265625;1665,0;1620,540771484375;2990,0;21145,4453125;2897,718017578125;3455,0;2830,0;2291,82958984375;6234,3115234375;2200,917724609375;611,573974609375;355,4392395019531;2126915,0
2025-06-05;705,890625;8552,869140625;197,4027862548828;1470,0;64,71951293945312;1274,3427734375;1830,0;6286,6484375;1650,0;1584,32763671875;2895,0;20496,353515625;2844,284912109375;3505,0;2840,0;2251,9716796875;6260,0;2140,142822265625;614,458740234375;359,39410400390625;2124156,0
2025-06-06;704,8936157226562;8694,6298828125;200,7486114501953;1490,0;66,05623626708984;1264,9031982421875;1895,0;6402,53173828125;1635,0;1620,540771484375;2880,0;20571,248046875;2815,51318359375;3550,0;2920,0;2351,616455078125;6390,0;2057,66259765625;620,2283325195312;359,888427734375;2156778,0
2025-06-09;675,97998046875;8562,3212890625;193,8179931640625;1455,0;63,939762115478516;1246,0240478515625;1830,0;6267,3349609375;1575,0;1570,7476806640625;2845,0;20596,212890625;2745,63916015625;3500,0;2850,0;2256,9541015625;6250,0;2018,5931396484375;599,0732421875;360,3827819824219;2111197,0
2025-06-10;687,9442749023438;8930,8955078125;199,5536651611328;1510,0;65,16508483886719;1274,3427734375;1900,0;6605,3271484375;1645,0;1616,01416015625;2930,0;21170,41015625;2770,300537109375;3630,0;2990,0;2406,421142578125;6470,0;2140,142822265625;610,6123657226562;365,3262939453125;2202667,0
2025-06-11;683,9561767578125;8770,234375;199,31468200683594;1470,0;64,16254425048828;1222,425048828125;1860,0;6460,47216796875;1610,0;1539,0611572265625;2865,0;21070,55078125;2729,1982421875;3625,0;2845,0;2286,847412109375;6590,0;2157,507080078125;612,5355834960938;359,888427734375;2171272,0
2025-06-12;685,9501953125;8798,5888671875;202,89947509765625;1495,0;64,94229888916016;1236,58447265625;1850,0;6460,47216796875;1630,0;1548,1143798828125;2945,0;20646,142578125;2692,2060546875;3645,0;2860,0;2316,740966796875;6750,0;2213,94091796875;619,2667236328125;362,8545837402344;2187671,0
2025-06-13;656,0396118164062;8382,7587890625;192,86204528808594;1465,0;61,600502014160156;1184,666748046875;1740,0;6305,96142578125;1570,0;1493,7945556640625;2770,0;21345,16796875;2585,33984375;3565,0;2705,0;2266,91845703125;6400,0;2239,9873046875;597,1500244140625;354,4505615234375;2127156,0
2025-06-17;630,1170654296875;8203,193359375;194,05697631835938;1410,0;59,038455963134766;1222,425048828125;1680,0;6199,736328125;1490,0;1480,214599609375;2665,0;21395,09765625;2466,14306640625;3475,0;2605,0;2197,167236328125;6340,0;2205,2587890625;572,1486206054688;341,5974426269531;2072440,0
2025-06-18;626,1289672851562;8155,94189453125;189,5162353515625;1430,0;57,924522399902344;1203,5458984375;1690,0;6122,4814453125;1510,0;1457,5814208984375;2705,0;20870,830078125;2425,04052734375;3410,0;2555,0;2147,3447265625;6500,0;2096,732177734375;564,4558715820312;330,2272644042969;2050983,0
2025-06-19;620,1468505859375;8184,29248046875;191,6671142578125;1440,0;57,924522399902344;1222,425048828125;1695,0;6151,45068359375;1520,0;1466,6346435546875;2770,0;21170,41015625;2429,15087890625;3430,0;2560,0;2142,362548828125;6620,0;2096,732177734375;568,30224609375;331,2160339355469;2064099,0
2025-06-23;582,2600708007812;7759,01220703125;187,12637329101562;1360,0;54,35993576049805;1189,386474609375;1595,0;5803,80322265625;1465,0;1502,847900390625;2635,0;20721,0390625;2326,394775390625;3360,0;2480,0;2102,504638671875;6110,0;1944,795166015625;543,30078125;310,9476013183594;1977116,0
2025-06-24;627,1259765625;8240,9951171875;194,05697631835938;1430,0;56,58780288696289;1212,9854736328125;1645,0;6074,19677734375;1525,0;1530,0078125;2780,0;21594,818359375;2544,237548828125;3425,0;2725,0;2172,255859375;6330,0;1988,2056884765625;583,687744140625;320,34027099609375;2064590,0
2025-06-25;654,0455322265625;8089,78759765625;191,1891326904297;1385,0;55,13969039916992;1217,705322265625;1595,0;6006,59765625;1465,0;1520,9544677734375;2675,0;21644,748046875;2453,812255859375;3350,0;2655,0;2117,451416015625;6120,0;1905,7255859375;591,3804931640625;317,8685302734375;2024393,0
2025-06-26;687,9442749023438;8127,5888671875;190,23318481445312;1410,0;55,25108337402344;1217,705322265625;1605,0;6025,912109375;1465,0;1534,534423828125;2685,0;21370,1328125;2449,701904296875;3380,0;2665,0;2107,48681640625;6240,0;1836,2685546875;601,9580078125;314,90234375;2038948,0
2025-06-27;703,8966064453125;8140,0859375;189,5162353515625;1425,0;55,36247634887695;1222,425048828125;1665,0;5996,94091796875;1465,0;1525,481201171875;2720,0;21120,48046875;2441,4814453125;3390,0;2640,0;2117,451416015625;6280,0;1827,58642578125;605,8043823242188;312,4306945800781;2041078,0
2025-06-30;716,8578491210938;7997,443359375;183,30259704589844;1410,0;52,80043029785156;1227,1448974609375;1600,0;5871,40185546875;1440,0;1525,481201171875;2650,0;20471,390625;2388,04833984375;3345,0;2560,0;2122,43359375;6260,0;1792,8580322265625;592,3421020507812;306,9927673339844;1994825,0
2025-07-01;713,8668212890625;8102,04833984375;185,6924591064453;1455,0;53,35739517211914;1264,9031982421875;1615,0;5977,626953125;1460,0;1620,540771484375;2780,0;20521,31640625;2309,953857421875;3395,0;2620,0;2167,273681640625;6400,0;1736,4241943359375;588,4957275390625;322,81201171875;2031093,0
2025-07-02;733,8071899414062;8149,5947265625;189,5162353515625;1460,0;54,91690444946289;1274,3427734375;1630,0;6016,25537109375;1500,0;1625,0675048828125;2785,0;20770,96875;2379,827880859375;3500,0;2635,0;2212,11376953125;6520,0;1827,58642578125;613,4971313476562;336,6539306640625;2063027,0
2025-07-03;723,8369750976562;8102,04833984375;189,0382537841797;1445,0;54,24854278564453;1274,3427734375;1630,0;6045,22509765625;1535,0;1656,7540283203125;2825,0;20920,759765625;2412,7099609375;3600,0;2635,0;2202,1494140625;6660,0;1914,40771484375;621,1898803710938;340,11431884765625;2078161,0
2025-07-04;722,8399658203125;8159,103515625;185,6924591064453;1425,0;53,023216247558594;1288,5020751953125;1630,0;6035,568359375;1565,0;1647,70068359375;2820,0;20970,69140625;2416,820068359375;3620,0;2640,0;2192,184814453125;6760,0;1931,77197265625;622,1514892578125;341,10308837890625;2078697,0
2025-07-07;710,875732421875;8006,95263671875;182,58563232421875;1440,0;51,01813888549805;1297,941650390625;1600,0;5978,54833984375;1500,0;1665,807373046875;2750,0;21120,48046875;2367,497314453125;3545,0;2590,0;2182,220458984375;6750,0;1831,927490234375;613,4971313476562;331,7103576660156;2049934,0
2025-07-08;695,92041015625;8415,8603515625;188,32130432128906;1490,0;51,46371078491211;1302,6614990234375;1740,0;6172,3427734375;1520,0;1661,2806396484375;2880,0;21519,921875;2425,04052734375;3780,0;2755,0;2251,9716796875;7030,0;1901,384521484375;600,9963989257812;335,1708679199219;2129786,0
2025-07-10;680,965087890625;8149,5947265625;188,56028747558594;1455,0;51,68649673461914;1288,5020751953125;1650,0;5997,92822265625;1475,0;1661,2806396484375;2730,0;21020,619140625;2375,7177734375;3605,0;2645,0;2197,167236328125;6710,0;1844,95068359375;604,8428344726562;332,6990661621094;2068736,0
2025-07-11;680,965087890625;7902,34814453125;183,5415802001953;1395,0;50,34977722167969;1255,463623046875;1590,0;5813,8232421875;1510,0;1611,487548828125;2700,0;20895,794921875;2375,7177734375;3495,0;2530,0;2137,38037109375;6290,0;1901,384521484375;598,1116333007812;330,2272644042969;2007433,0
2025-07-14;726,8280639648438;8016,46240234375;183,5415802001953;1440,0;52,02067565917969;1279,0625;1620,0;5891,34130859375;1510,0;1679,38720703125;2745,0;21131,701171875;2363,386962890625;3705,0;2580,0;2202,1494140625;6570,0;1940,4541015625;632,7290649414062;331,2160339355469;2064025,0
2025-07-15;714,8638305664062;7987,93310546875;186,17044067382812;1450,0;52,24346160888672;1316,82080078125;1620,0;5891,34130859375;1480,0;1692,9671630859375;2755,0;21331,529296875;2359,27685546875;3715,0;2580,0;2306,7763671875;6600,0;2031,6163330078125;629,84423828125;330,7216491699219;2075072,0
2025-07-16;703,8966064453125;7617,0654296875;186,88739013671875;1435,0;51,12953186035156;1316,82080078125;1555,0;5736,3056640625;1465,0;1679,38720703125;2680,0;21731,18359375;2338,7255859375;3590,0;2470,0;2281,865234375;6510,0;2070,685791015625;625,0362548828125;330,7216491699219;2027274,0
2025-07-17;696,9174194335938;7940,38623046875;184,73651123046875;1465,0;51,90928268432617;1335,699951171875;1590,0;5930,1005859375;1450,0;1738,2337646484375;2700,0;22130,837890625;2359,27685546875;3635,0;2555,0;2311,758544921875;6690,0;2144,48388671875;618,3051147460938;330,7216491699219;2066134,0
2025-07-18;720,845947265625;7959,40576171875;185,21449279785156;1475,0;51,01813888549805;1330,980224609375;1625,0;5910,7197265625;1450,0;1720,1270751953125;2735,0;21756,162109375;2445,591796875;3695,0;2515,0;2341,652099609375;6730,0;2070,685791015625;631,7674560546875;333,6877746582031;2075286,0
2025-07-21;705,890625;7968,91455078125;182,107666015625;1460,0;49,34723663330078;1297,941650390625;1580,0;5852,58251953125;1440,0;1715,6004638671875;2740,0;21306,55078125;2367,497314453125;3585,0;2465,0;2311,758544921875;6600,0;2022,9342041015625;606,7659912109375;330,2272644042969;2042466,0
2025-07-22;686,947265625;7940,38623046875;182,82461547851562;1445,0;47,67633819580078;1293,221923828125;1525,0;5842,892578125;1410,0;1661,2806396484375;2670,0;21506,376953125;2297,623291015625;3520,0;2450,0;2242,00732421875;6480,0;1979,5235595703125;593,3036499023438;325,7781677246094;2010482,0
2025-07-23;688,9412841796875;8168,61328125;184,258544921875;1500,0;49,4586296081543;1335,699951171875;1595,0;6036,6865234375;1395,0;1715,6004638671875;2805,0;22455,5546875;2404,4892578125;3670,0;2525,0;2306,7763671875;6720,0;2031,6163330078125;597,1500244140625;327,75555419921875;2083677,0
2025-07-24;689,9382934570312;8491,93359375;184,258544921875;1520,0;49,4586296081543;1354,5791015625;1635,0;6298,30908203125;1420,0;1747,2869873046875;2955,0;22380,62109375;2420,930419921875;3780,0;2605,0;2351,616455078125;6860,0;2057,66259765625;606,7659912109375;327,75555419921875;2135087,0
2025-07-25;708,8817138671875;8739,1787109375;184,258544921875;1565,0;51,68649673461914;1392,33740234375;1715,0;6433,96435546875;1455,0;1801,6068115234375;3010,0;22780,275390625;2503,135009765625;3840,0;2660,0;2436,314697265625;7150,0;2209,599853515625;634,6522216796875;349,0291748046875;2197099,0
2025-07-28;705,890625;8682,123046875;185,6924591064453;1585,0;56,14222717285156;1420,6561279296875;1855,0;6414,5859375;1560,0;1810,66015625;3110,0;23030,05859375;2593,560302734375;3875,0;2605,0;2461,225830078125;7220,0;2279,056884765625;632,7290649414062;349,5242004394531;2213570,0
2025-07-29;719,8489379882812;9068,591796875;191,90609741210938;1650,0;61,377716064453125;1463,13427734375;1930,0;6618,06884765625;1645,0;1901,193115234375;3145,0;23279,84375;2601,78076171875;4070,0;2860,0;2511,048095703125;7750,0;2344,172607421875;639,460205078125;356,95037841796875;2304343,0
2025-07-30;747,7655029296875;9011,1943359375;193,3400115966797;1635,0;59,818206787109375;1430,095703125;1895,0;6637,4482421875;1610,0;1869,506591796875;3150,0;23354,779296875;2515,4658203125;4110,0;2830,0;2491,119140625;7720,0;2352,854736328125;667,346435546875;358,4355773925781;2306756,0
2025-07-31;784,6552734375;9030,328125;197,4027862548828;1650,0;58,48148727416992;1430,095703125;1940,0;6656,828125;1550,0;1819,71337890625;3175,0;23429,7109375;2527,796630859375;4115,0;2825,0;2496,1015625;7820,0;2279,056884765625;669,2695922851562;360,9110107421875;2319511,0
2025-08-01;771,6939697265625;8762,48046875;194,5349578857422;1650,0;55,808048248291016;1401,7769775390625;1930,0;6482,4130859375;1480,0;1792,553466796875;3185,0;23329,80078125;2482,583984375;4065,0;2725,0;2471,190185546875;7710,0;2326,808349609375;649,076171875;356,95037841796875;2278849,0
2025-08-04;742,7803955078125;8934,66796875;191,1891326904297;1620,0;56,25362014770508;1420,6561279296875;1975,0;6482,4130859375;1500,0;1860,4532470703125;3190,0;24254,0;2556,568115234375;4050,0;2820,0;2511,048095703125;7710,0;2313,78515625;628,8826904296875;360,9110107421875;2287329,0
2025-08-05;722,8399658203125;9326,873046875;196,20785522460938;1645,0;58,48148727416992;1448,974853515625;2015,0;6647,13818359375;1510,0;1874,033203125;3255,0;24254,0;2527,796630859375;4180,0;2980,0;2535,95947265625;7890,0;2404,947509765625;622,1514892578125;362,396240234375;2346867,0
2025-08-06;722,8399658203125;9613,85546875;199,31468200683594;1725,0;62,04607391357422;1463,13427734375;2075,0;6850,6220703125;1610,0;1937,4063720703125;3340,0;24778,544921875;2610,001220703125;4385,0;3115,0;2600,728515625;7900,0;2439,676025390625;610,6123657226562;366,3568115234375;2415041,0
2025-08-07;724,8340454101562;9231,212890625;196,20785522460938;1720,0;60,9321403503418;1401,7769775390625;1920,0;6647,9716796875;1675,0;1923,826416015625;3290,0;24428,84765625;2671,65478515625;4135,0;3015,0;2600,728515625;7770,0;2305,10302734375;592,3421020507812;374,278076171875;2349021,0
2025-08-08;727,8250732421875;9059,025390625;198,1197509765625;1675,0;60,709354400634766;1382,8978271484375;1895,0;6589,65673828125;1670,0;1887,6131591796875;3035,0;24179,064453125;2552,4580078125;3980,0;2925,0;2680,4443359375;7550,0;2239,9873046875;608,689208984375;368,8322448730469;2300926,0
2025-08-11;711,8727416992188;9049,4599609375;195,49090576171875;1695,0;61,377716064453125;1406,496826171875;1885,0;6589,65673828125;1750,0;1910,2464599609375;3005,0;23729,453125;2577,119384765625;4000,0;2925,0;2680,4443359375;7670,0;2183,553466796875;615,4203491210938;371,3075866699219;2303302,0
2025-08-12;721,8429565429688;9183,384765625;194,5349578857422;1675,0;59,37263488769531;1415,9364013671875;1960,0;6677,1298828125;1795,0;1955,512939453125;3015,0;23005,080078125;2577,119384765625;4045,0;2910,0;2735,248779296875;7710,0;2248,66943359375;607,7276000976562;361,40606689453125;2311836,0
2025-08-13;711,8727416992188;9011,1943359375;195,72988891601562;1630,0;60,900001525878906;1392,33740234375;1940,0;6638,25244140625;1755,0;1919,2996826171875;2885,0;22405,599609375;2523,686279296875;4030,0;2875,0;2785,0712890625;7600,0;2296,4208984375;600,0348510742188;354,4750061035156;2287631,0
2025-08-14;705,890625;8647,6875;186,88739013671875;1555,0;58,79999923706055;1330,980224609375;1805,0;6268,9208984375;1650,0;1846,873291015625;2815,0;21606,291015625;2408,599609375;3910,0;2600,0;2555,88818359375;7350,0;2179,21240234375;585,6109008789062;342,09808349609375;2188543,0
2025-08-18;704,8936157226562;8819,8759765625;185,9314422607422;1520,0;60,099998474121094;1349,859375;1820,0;6200,88525390625;1605,0;1819,71337890625;2740,0;20981,833984375;2400,379150390625;3900,0;2635,0;2600,728515625;7390,0;2287,739013671875;581,7645263671875;345,06854248046875;2198382,0
2025-08-19;680,965087890625;8188,51904296875;185,6924591064453;1435,0;55,900001525878906;1307,3812255859375;1695,0;5899,5888671875;1525,0;1747,2869873046875;2635,0;20757,02734375;2330,505126953125;3700,0;2475,0;2411,4033203125;7040,0;2222,623046875;574,07177734375;347,048828125;2092206,0
2025-08-20;676,97705078125;8312,876953125;181,6296844482422;1435,0;53,29999923706055;1307,3812255859375;1605,0;5870,431640625;1465,0;1774,4468994140625;2665,0;20457,287109375;2351,056396484375;3715,0;2440,0;2401,43896484375;7130,0;2205,2587890625;559,6478881835938;343,5832824707031;2081951,0
2025-08-21;675,97998046875;8322,4404296875;183,06361389160156;1465,0;52,900001525878906;1345,1395263671875;1615,0;5919,02783203125;1480,0;1788,02685546875;2720,0;20607,15625;2375,7177734375;3755,0;2440,0;2466,2080078125;7460,0;2266,03369140625;574,07177734375;345,06854248046875;2103163,0
2025-08-22;689,9382934570312;8389,404296875;182,82461547851562;1460,0;52,099998474121094;1382,8978271484375;1575,0;5870,431640625;1475,0;1815,186767578125;2705,0;20582,177734375;2367,497314453125;3750,0;2415,0;2431,332275390625;7420,0;2279,056884765625;576,95654296875;340,11773681640625;2106200,0
2025-08-25;709,8787231445312;7844,14013671875;181,6296844482422;1395,0;47,349998474121094;1345,1395263671875;1470,0;5588,572265625;1390,0;1801,6068115234375;2690,0;19633,0;2227,7490234375;3610,0;2210,0;2351,616455078125;7130,0;2144,48388671875;580,8029174804688;314,33111572265625;2021852,0
2025-08-26;722,8399658203125;7729,34765625;177,80589294433594;1445,0;46,650001525878906;1345,1395263671875;1480,0;5491,38037109375;1375,0;1792,553466796875;2700,0;19508,109375;2404,4892578125;3685,0;2250,0;2386,4921875;7360,0;2200,917724609375;566,3790283203125;319,2889709472656;2033345,0
2025-08-27;734,80419921875;7368,189453125;173,50413513183594;1400,0;43,900001525878906;1316,82080078125;1435,0;5267,83740234375;1305,0;1747,2869873046875;2550,0;18858,669921875;2244,190185546875;3590,0;2150,0;2281,865234375;7270,0;2105,414306640625;562,5326538085938;317,8016052246094;1974151,0
2025-08-28;694,9234008789062;7637,87548828125;178,7618408203125;1460,0;44,29999923706055;1316,82080078125;1500,0;5219,24072265625;1285,0;1806,1334228515625;2505,0;19108,453125;2268,8515625;3675,0;2135,0;2371,54541015625;7400,0;2053,321533203125;551,9551391601562;326,7258605957031;1997379,0
2025-08-29;720,845947265625;7531,927734375;184,01954650878906;1445,0;42,349998474121094;1279,0625;1455,0;5151,20654296875;1260,0;1806,1334228515625;2530,0;18608,88671875;2248,30029296875;3645,0;2105,0;2426,35009765625;7360,0;2066,3447265625;548,1087646484375;326,2300720214844;1984845,0
2025-09-01;746,7684936523438;7377,8212890625;177,80589294433594;1400,0;40,900001525878906;1250,7437744140625;1410,0;5054,01416015625;1200,0;1729,180419921875;2445,0;18234,2109375;2083,890869140625;3535,0;2085,0;2321,72314453125;7100,0;2031,6163330078125;555,801513671875;319,7847900390625;1939743,0
2025-09-02;735,80126953125;7637,87548828125;175,65501403808594;1410,0;40,75;1274,3427734375;1430,0;5267,83740234375;1190,0;1783,500244140625;2540,0;18159,275390625;2038,67822265625;3610,0;2125,0;2321,72314453125;7210,0;1988,2056884765625;531,7616577148438;319,2889709472656;1975730,0
2025-09-03;697,9144897460938;7435,61083984375;173,26515197753906;1380,0;39,70000076293945;1231,8646240234375;1415,0;5141,4873046875;1185,0;1724,65380859375;2495,0;17784,599609375;1890,7095947265625;3610,0;2055,0;2256,9541015625;7000,0;1965,0;519,2609252929688;310,3647766113281;1933987,0
2025-09-04;693,9263916015625;7714,92822265625;176,84996032714844;1415,0;38,900001525878906;1250,7437744140625;1480,0;5384,46826171875;1195,0;1751,813720703125;2510,0;17809,578125;1944,1427001953125;3725,0;2160,0;2276,883056640625;7240,0;1970,0;509,64495849609375;306,8941955566406;1990320,0
2025-09-05;683,9561767578125;7840,1396484375;176,37197875976562;1395,0;38,79999923706055;1260,183349609375;1515,0;5425,35888671875;1240,0;1797,0802001953125;2490,0;17709,6640625;1989,3553466796875;3760,0;2215,0;2341,652099609375;7270,0;1920,0;490,4130859375;308,87738037109375;1997624,0
2025-09-08;694,4248657226562;6313,52783203125;151,75637817382812;1262,0;34,7599983215332;1199,77001953125;1258,0;4332,48095703125;1130,0;1655,8486328125;2293,0;16460,748046875;1890,7095947265625;3267,5;1758,0;2049,69287109375;6170,0;1883,0;490,4130859375;286,0710144042969;1732924,0
2025-09-09;691,9323120117188;6072,736328125;152,4733428955078;1230,0;33,29999923706055;1169,5634765625;1259,0;4220,265625;1110,0;1623,2568359375;2286,0;17010,271484375;1944,1427001953125;3372,5;1669,0;2050,689208984375;6340,0;1936,0;500,0290222167969;283,0962829589844;1728447,0
2025-09-10;699,9085083007812;6544,68603515625;156,29713439941406;1295,0;34,279998779296875;1206,3778076171875;1351,0;4503,24365234375;1155,0;1678,48193359375;2311,0;18009,40625;2293,512939453125;3580,0;1792,0;2136,3837890625;6730,0;2037,0;530,3192749023438;285,8231506347656;1825228,0
2025-09-11;679,9680786132812;6405,02734375;157,7310333251953;1310,0;34,13999938964844;1201,657958984375;1297,0;4412,9833984375;1140,0;1643,174072265625;2277,0;17709,6640625;2445,0;3587,5;1704,0;2114,4619140625;6515,0;2001,0;529,357666015625;283,3442077636719;1805182,0
2025-09-12;664,0157470703125;6183,50048828125;157,9700164794922;1260,0;33,209999084472656;1183,7227783203125;1248,0;4303,20751953125;1100,0;1591,5701904296875;2240,0;16920,96484375;2280,0;3512,5;1614,0;2080,582763671875;6295,0;1906,0;519,2609252929688;271,9410095214844;1759874,0
2025-09-15;665,0127563476562;6096,81591796875;157,49205017089844;1242,0;32,400001525878906;1209,2095947265625;1235,0;4200,75048828125;1070,0;1590,6649169921875;2243,0;16970,953125;2245,0;3545,0;1599,0;2106,490478515625;6310,0;1809,0;534,1656494140625;258,0588684082031;1748702,0
2025-09-16;682,4606323242188;6188,31591796875;161,3158416748047;1272,0;32,869998931884766;1226,200927734375;1260,0;4332,48095703125;1090,0;1594,2862548828125;2253,0;17295,875;2295,0;3637,5;1622,0;2135,387451171875;6540,0;1808,0;549,5511474609375;259,5462341308594;1788269,0
2025-09-17;686,947265625;6173,86865234375;162,0327911376953;1251,0;33,06999969482422;1291,333984375;1244,0;4300,76806640625;1065,0;1624,162109375;2220,0;17045,935546875;2410,0;3595,0;1672,0;2121,43701171875;6570,0;1748,0;548,5895385742188;262,52099609375;1783520,0
2025-09-18;657,53515625;5928,26220703125;143,391845703125;1204,0;30,200000762939453;1287,55810546875;1166,0;4093,4130859375;992,5;1607,8662109375;2211,0;15896,208984375;2335,0;3507,5;1574,0;2013,82080078125;6285,0;1556,0;522,62646484375;241,20199584960938;1695530,0
2025-09-19;651,0545043945312;5827,13037109375;142,4359130859375;1203,0;29,34000015258789;1302,6614990234375;1176,0;3988,51708984375;952,5;1679,38720703125;2229,0;15996,185546875;2300,0;3572,5;1551,0;2079,58642578125;6390,0;1475,0;529,8384399414062;242,4414825439453;1683960,0
2025-09-22;641,0842895507812;6554,3173828125;162,49237060546875;1253,0;35,18000030517578;1289,446044921875;1322,0;4495,92431640625;1100,0;1652,2274169921875;2344,0;16870,9765625;2505,0;3677,5;1797,0;2127,415771484375;6560,0;1788,0;523,1072998046875;275,4115295410156;1811039,0
2025-09-23;637,5947265625;6549,501953125;175,49176025390625;1281,0;36,70000076293945;1254,5196533203125;1335,0;4366,6337890625;1165,0;1606,9608154296875;2242,0;16945,958984375;2690,0;3680,0;1742,0;2094,532958984375;6385,0;1912,0;537,0504150390625;293,260009765625;1815382,0
2025-09-24;660,5261840820312;6583,212890625;182,7414093017578;1371,0;36,68000030517578;1254,5196533203125;1330,0;4461,771484375;1230,0;1656,7540283203125;2227,0;17395,8515625;2700,0;3677,5;1778,0;2103,5009765625;6435,0;2179,0;555,801513671875;301,8707275390625;1843319,0
2025-09-25;643,0783081054688;6356,869140625;176,74169921875;1316,0;33,150001525878906;1244,1361083984375;1243,0;4178,79541015625;1160,0;1606,9608154296875;2192,0;16296,1142578125;2420,0;3572,5;1641,0;2077,593505859375;6325,0;1989,0;533,2040405273438;298,64349365234375;1767848,0
2025-09-26;660,5261840820312;6382,1845703125;182,7414093017578;1272,0;31,170000076293945;1267,7349853515625;1211,0;4234,90234375;1145,0;1584,32763671875;2243,0;16146,1494140625;2305,0;3637,5;1581,0;2151,33056640625;6435,0;1859,0;545,2239379882812;307,33221435546875;1791046,0
2025-09-29;686,947265625;6396,75634765625;183,99136352539062;1243,0;31,450000762939453;1299,82958984375;1209,0;4291,0107421875;1120,0;1638,6474609375;2251,0;15571,287109375;2275,0;3597,5;1591,0;2181,223876953125;6415,0;1858,0;560,6094970703125;305,0979309082031;1793185,0
2025-09-30;693,9263916015625;6260,7587890625;178,4916229248047;1236,0;29,899999618530273;1333,81201171875;1191,0;4147,08251953125;1080,0;1634,1207275390625;2255,0;15046,412109375;2235,0;3682,5;1517,0;2227,060546875;6470,0;1799,0;554,359130859375;299,38824462890625;1773440,0
2025-10-01;729,3206176757812;6119,9033203125;175,2417755126953;1221,0;30,170000076293945;1350,80322265625;1172,0;4088,534912109375;1060,0;1629,5941162109375;2227,0;15246,3642578125;2215,0;3660,0;1465,0;2260,939697265625;6375,0;1812,0;594,2652587890625;297,40228271484375;1764590,0
2025-10-02;751,2550659179688;6285,04345703125;179,49156188964844;1247,0;31,31999969482422;1381,0098876953125;1216,0;4232,46337890625;1125,0;1643,174072265625;2307,0;15246,3642578125;2270,0;3750,0;1554,0;2297,808349609375;6460,0;1903,0;610,131591796875;298,14703369140625;1808661,0
2025-10-03;756,7387084960938;6338,4716796875;180,2415313720703;1214,0;32,4900016784668;1353,6351318359375;1191,0;4269,05517578125;1135,0;1593,380859375;2273,0;15646,2685546875;2230,0;3707,5;1531,0;2270,904296875;6425,0;1929,0;632,2482299804688;292,6855773925781;1805024,0
2025-10-06;734,3057250976562;6425,89794921875;180,2415313720703;1192,0;32,040000915527344;1324,3724365234375;1181,0;4264,17578125;1170,0;1579,8009033203125;2302,0;15471,310546875;2190,0;3680,0;1550,0;2284,8544921875;6445,0;1917,0;613,4971313476562;286,2311096191406;1802570,0
2025-10-07;696,4189453125;6430,75634765625;175,7417449951172;1200,0;31,299999237060547;1364,0186767578125;1206,0;4256,64013671875;1140,0;1593,380859375;2336,0;15421,322265625;2180,0;3730,0;1515,0;2247,986083984375;6465,0;1922,0;583,2069091796875;283,74859619140625;1793952,0
2025-10-08;716,8578491210938;6581,32470703125;174,9917755126953;1231,0;30,979999542236328;1380,06591796875;1264,0;4310,58349609375;1120,0;1575,2742919921875;2403,0;15471,310546875;2215,0;3772,5;1544,0;2230,0498046875;6530,0;1934,0;598,1116333007812;287,7205505371094;1819464,0
2025-10-09;718,3533935546875;7237,029296875;191,99098205566406;1325,0;33,900001525878906;1401,7769775390625;1337,0;4678,380859375;1200,0;1597,9075927734375;2456,0;16296,1142578125;2345,0;3860,0;1730,0;2270,904296875;6810,0;2125,0;600,9963989257812;297,40228271484375;1924930,0
2025-10-13;690,4368286132812;7441,02587890625;197,24073791503906;1364,0;34,41999816894531;1360,2427978515625;1452,0;4837,75927734375;1250,0;1593,380859375;2398,0;16521,060546875;2325,0;3890,0;1898,0;2250,975341796875;6905,0;2211,0;584,6493530273438;322,971923828125;1958155,0
2025-10-14;689,9382934570312;7217,60107421875;188,2411651611328;1329,0;32,189998626708984;1329,09228515625;1404,0;4602,369140625;1130,0;1566,220947265625;2310,0;15771,2392578125;2250,0;3770,0;1751,0;2187,20263671875;6640,0;2006,0;570,7062377929688;311,30419921875;1884774,0
2025-10-15;702,8995361328125;7416,73974609375;180,9915008544922;1446,0;32,18000030517578;1335,699951171875;1421,0;4705,3515625;1155,0;1570,7476806640625;2321,0;15771,2392578125;2310,0;3857,5;1830,0;2204,142333984375;6630,0;1999,0;561,0902709960938;307,0840148925781;1912739,0
2025-10-16;735,80126953125;7552,73828125;179,74156188964844;1450,0;31,610000610351562;1340,4197998046875;1391,0;4759,2958984375;1105,0;1566,220947265625;2332,0;15521,298828125;2270,0;3847,5;1843,0;2273,8935546875;6590,0;1943,0;587,0532836914062;312,793701171875;1929505,0
2025-10-17;794,126953125;7960,73193359375;181,74147033691406;1481,0;31,790000915527344;1397,0572509765625;1434,0;4864,73095703125;1110,0;1616,01416015625;2402,0;15671,2626953125;2410,0;3927,5;1953,0;2422,3642578125;6835,0;1961,0;615,4203491210938;313,2901916503906;1989555,0
2025-10-20;849,4616088867188;8004,4453125;178,74160766601562;1467,0;32,0099983215332;1407,440673828125;1398,0;4913,7705078125;1095,0;1602,4342041015625;2387,0;15671,2626953125;2405,0;3770,0;1929,0;2385,495849609375;6840,0;1892,0;627,4402465820312;315,7726745605469;1978419,0
2025-10-21;881,3662719726562;8291,0126953125;182,24143981933594;1431,0;31,93000030517578;1413,1044921875;1379,0;5016,7529296875;1095,0;1656,7540283203125;2460,0;15696,2568359375;2510,0;3822,5;2001,0;2347,630859375;6885,0;1851,0;620,7091064453125;314,7797546386719;2002849,0
2025-10-22;829,022705078125;8640,7216796875;182,9914093017578;1438,0;32,150001525878906;1401,7769775390625;1412,0;5203,1044921875;1105,0;1656,7540283203125;2479,0;15521,298828125;2520,0;3865,0;1942,0;2306,7763671875;7010,0;1839,0;598,5924682617188;314,034912109375;2018811,0
2025-10-23;791,1359252929688;8781,5771484375;183,99136352539062;1492,0;32,56999969482422;1381,953857421875;1460,0;5315,8955078125;1155,0;1692,9671630859375;2527,5;15696,2568359375;2580,0;3892,5;2129,0;2352,613037109375;7045,0;1819,0;577,9181518554688;317,5104064941406;2055520,0
2025-10-24;800,1090698242188;8752,4326171875;191,4910125732422;1499,0;33,13999938964844;1381,0098876953125;1509,0;5443,3984375;1195,0;1670,333984375;2505,0;15596,2802734375;2530,0;3920,0;2127,0;2454,250732421875;7050,0;1886,0;566,8598022460938;317,2621765136719;2076859,0
2025-10-27;809,5807495117188;11258,6806640625;223,98947143554688;1926,0;41,290000915527344;1635,87841796875;1929,0;6953,818359375;1455,0;2027,9393310546875;3015,0;18020,703125;2775,0;4522,5;2912,5;3158,7392578125;8960,0;2442,0;566,8598022460938;362,03302001953125;2529084,0
2025-10-28;880,3692626953125;11987,240234375;239,48875427246094;2024,0;46,81999969482422;1660,4329833984375;2115,0;7512,87060546875;1620,0;2032,4659423828125;3112,5;19170,427734375;3000,0;4620,0;3170,0;3280,803955078125;9200,0;2630,0;594,74609375;385,15740966796875;2670388,0
2025-10-29;928,7247314453125;12316,349609375;271,48724365234375;2139,0;55,70000076293945;1661,35302734375;2366,0;7738,45263671875;1770,0;2046,0458984375;3167,5;20395,13671875;3505,0;4915,0;3440,0;3230,981689453125;9400,0;2695,0;675,5199584960938;401,3196105957031;2801881,0
2025-10-30;931,7158203125;12306,5908203125;278,9869079589844;2139,0;55,29999923706055;1609,838134765625;2284,0;7851,244140625;1705,0;2005,3060302734375;3095,0;21144,95703125;3465,0;4847,5;3347,5;3156,248046875;9120,0;2702,5;694,7518920898438;401,0709533691406;2793520,0
2025-10-31;983,5609130859375;13184,935546875;304,9856872558594;2344,0;57,5;1717,46728515625;2502,5;8675,109375;1930,0;2150,158935546875;3322,5;23069,498046875;3825,0;5155,0;3770,0;3367,9931640625;9390,0;2877,5;701,0022583007812;441,84942626953125;3002607,0
2025-11-03;1005,9938354492188;13331,326171875;304,9856872558594;2440,0;59,400001525878906;1749,6640625;2652,5;9008,580078125;1995,0;2140,0;3260,0;22694,587890625;4025,0;5410,0;3930,0;3759,098876953125;9300,0;2972,5;759,6594848632812;455,5251159667969;3104495,0
2025-11-04;967,6085815429688;13184,935546875;317,7350769042969;2428,0;60,0;1839,0;2645,0;8890,8837890625;1920,0;2015,0;3255,0;22019,748046875;3900,0;5350,0;3830,0;3639,525146484375;9075,0;3010,0;780,333740234375;445,08184814453125;3080710,0
2025-11-05;973,5906982421875;12970,2294921875;322,7348327636719;2320,0;62,70000076293945;1767,0;2552,5;8635,87890625;1875,0;1985,0;3415,0;21794,802734375;3795,0;5270,0;3807,5;3679,383056640625;8985,0;3060,0;768,7946166992188;441,1034851074219;3048197,0
2025-11-06;963,1219482421875;12784,7998046875;312,2353210449219;2217,0;59,900001525878906;1687,0;2425,0;8508,3740234375;1825,0;2020,0;3282,5;21694,826171875;3590,0;5170,0;3622,5;3646,99853515625;8715,0;3072,5;752,447509765625;438,8656005859375;2973544,0
2025-11-07;981,5668334960938;12130,9208984375;297,9859924316406;2135,0;58,0;1666,0;2386,0;7940,75;1760,0;2055,0;3200,0;21519,8671875;3480,0;5030,0;3470,0;3495,040283203125;8430,0;3130,0;715,9069213867188;433,8926696777344;2864647,0
2025-11-10;1094,7286376953125;12189,4775390625;293,2362365722656;2232,0;61,599998474121094;1720,0;2473,0;8083,34033203125;1955,0;2100,0;3345,0;21744,814453125;3590,0;5175,0;3450,0;3637,033935546875;8785,0;3297,5;834,663818359375;435,8818359375;2951889,0
2025-11-11;1120,6512451171875;12150,439453125;284,48663330078125;2203,0;70,30000305175781;1773,0;2450,0;8009,58740234375;1905,0;2180,0;3372,5;23044,50390625;3865,0;5185,0;3390,0;3604,6494140625;9130,0;3480,0;825,5286865234375;442,0980529785156;2958258,0
2025-11-12;1074,788330078125;12492,0185546875;290,2363586425781;2205,0;74,69999694824219;1758,0;2414,0;8068,5888671875;1875,0;2195,0;3492,5;23044,50390625;3925,0;5285,0;3485,0;3724,22314453125;8995,0;3407,5;818,3167114257812;449,30889892578125;2984608,0
2025-11-13;985,554931640625;11916,21484375;284,48663330078125;2190,0;73,80000305175781;1724,0;2338,0;7685,07275390625;1840,0;2170,0;3395,0;22594,611328125;3685,0;5145,0;3260,0;3646,99853515625;8890,0;3215,0;767,3522338867188;447,071044921875;2883333,0
2025-11-14;1117,66015625;12091,884765625;292,48626708984375;2260,0;79,9000015258789;1758,0;2432,0;7773,57666015625;1910,0;2215,0;3562,5;23294,4453125;3910,0;5370,0;3467,5;3689,34765625;9210,0;3490,0;793,7960815429688;449,80621337890625;2992809,0
2025-11-17;1074,788330078125;11564,876953125;291,4862976074219;2217,0;80,5999984741211;1759,0;2312,0;7512,982421875;2015,0;2230,0;3530,0;23575,0;4085,0;5255,0;3275,0;3823,867919921875;8905,0;3572,5;781,2953491210938;451,2981262207031;2926871,0
2025-11-18;1060,8299560546875;11398,966796875;293,2362365722656;2204,0;79,0999984741211;1775,0;2375,0;7434,3125;2005,0;2325,0;3487,5;23425,0;4055,0;5325,0;3272,5;3752,5;9105,0;3617,5;799,0848388671875;450,8008117675781;2932664,0
2025-11-19;1045,8746337890625;11174,5009765625;285,986572265625;2152,0;76,30000305175781;1752,0;2387,0;7183,55224609375;1915,0;2275,0;3397,5;23700,0;3815,0;5250,0;3135,0;3675,0;9095,0;3547,5;778,891357421875;449,80621337890625;2869724,0
2025-11-20;1024,937255859375;11369,6884765625;285,2366027832031;2169,0;66,5999984741211;1734,0;2371,0;7173,71826171875;1975,0;2285,0;3385,0;23875,0;3715,0;5275,0;3085,0;3555,0;9065,0;3492,5;767,8330078125;458,2961120605469;2850533,0
2025-11-21;1006,9908447265625;10891,4775390625;276,2370300292969;2105,0;65,5;1674,0;2255,0;6868,8720703125;1920,0;2245,0;3347,5;23950,0;3660,0;5155,0;2892,5;3427,5;8940,0;3382,5;761,5827026367188;457,7982482910156;2761615,0
2025-11-25;1003,0028076171875;11506,3212890625;285,986572265625;2183,0;69,80000305175781;1745,0;2383,0;7335,97509765625;1880,0;2200,0;3480,0;24725,0;3570,0;5300,0;3135,0;3557,5;8990,0;3427,5;763,9866333007812;477,4643859863281;2865760,0
2025-11-26;1010,9789428710938;12436,6845703125;292,7362365722656;2300,0;74,4000015258789;1819,0;2602,5;7699,8232421875;1945,0;2305,0;3670,0;25700,0;3760,0;5445,0;3380,0;3660,0;9335,0;3430,0;772,1602172851562;480,7005920410156;2985632,0
2025-11-27;1031,9163818359375;12819,201171875;298,2359924316406;2351,0;75,30000305175781;1849,0;2587,5;7724,40771484375;1940,0;2355,0;3757,5;26250,0;3780,0;5415,0;3415,0;3667,5;9290,0;3447,5;785,1417236328125;515,8009033203125;3020019,0
2025-11-28;1046,8717041015625;12730,9287109375;299,4859313964844;2434,0;74,0;1815,0;2572,5;7788,32763671875;2065,0;2320,0;3750,0;26200,0;3860,0;5405,0;3402,5;3725,0;9175,0;3455,0;774,0833740234375;529,24365234375;3026470,0
2025-12-01;1085,7554931640625;12652,462890625;299,98590087890625;2550,0;74,0;1769,0;2670,0;7871,91455078125;2205,0;2305,0;3780,0;26650,0;3775,0;5470,0;3462,5;3812,5;9435,0;3630,0;784,1801147460938;528,2478637695312;3060289,0
2025-12-02;1072,794189453125;12436,6845703125;301,23583984375;2542,5;73,80000305175781;1727,0;2605,0;7793,24365234375;2260,0;2290,0;3810,0;26650,0;3765,0;5430,0;3385,0;3855,0;9400,0;3597,5;784,6609497070312;527,75;3042001,0
2025-12-03;1068,80615234375;12946,70703125;303,7357482910156;2700,0;74,19999694824219;1785,0;2717,5;7970,2509765625;2260,0;2330,0;3852,5;26700,0;3725,0;5610,0;3600,0;3875,0;9780,0;3670,0;780,333740234375;518,7882080078125;3129449,0
2025-12-04;1064,818115234375;13240,9501953125;299,7359313964844;2642,5;72,30000305175781;1759,0;2617,5;7748,9921875;2220,0;2295,0;3800,0;26800,0;3700,0;5570,0;3545,0;3862,5;9675,0;3817,5;779,8529663085938;508,332763671875;3096396,0
2025-12-05;1061,8270263671875;12985,939453125;301,48583984375;2617,5;71,80000305175781;1738,0;2505,0;7574,72705078125;2160,0;2285,0;3720,0;27050,0;3715,0;5455,0;3397,5;3817,5;9505,0;3957,5;756,2938842773438;508,8306579589844;3046355,0
2025-12-09;1023,9402465820312;12809,3935546875;301,9858093261719;2550,0;69,0999984741211;1707,0;2460,0;7426,78271484375;2110,0;2275,0;3710,0;26550,0;3765,0;5400,0;3250,0;3635,0;9470,0;3875,0;731,29248046875;494,89013671875;2987064,0
2025-12-10;990,04150390625;13201,7177734375;304,2357177734375;2542,5;66,30000305175781;1737,0;2406,0;7397,19384765625;2140,0;2285,0;3840,0;26650,0;3760,0;5475,0;3245,0;3647,5;9615,0;3950,0;734,6580200195312;494,3922119140625;3013647,0
2025-12-11;933,7098388671875;13064,404296875;302,98577880859375;2520,0;62,79999923706055;1758,0;2323,0;7249,25;2155,0;2275,0;3877,5;26300,0;3675,0;5445,0;3277,5;3565,0;9590,0;4020,0;715,4261474609375;496,134765625;2980581,0
2025-12-12;953,1517333984375;12897,666015625;299,98590087890625;2470,0;64,5999984741211;1800,0;2319,0;7259,11328125;2150,0;2330,0;3870,0;26000,0;3605,0;5395,0;3335,0;3557,5;9610,0;4047,5;774,0833740234375;489,4134521484375;2979065,0
2025-12-15;952,6532592773438;13084,021484375;295,23614501953125;2507,5;64,19999694824219;1798,0;2357,0;7397,19384765625;2145,0;2350,0;3895,0;26550,0;3530,0;5460,0;3447,5;3567,5;9675,0;4062,5;779,8529663085938;507,8349304199219;3012681,0
2025-12-16;1026,9312744140625;13250,7578125;294,73614501953125;2493,0;62,599998474121094;1757,0;2376,0;7609,24755859375;2165,0;2355,0;3822,5;27200,0;3665,0;5470,0;3480,0;3507,5;9565,0;4245,0;799,565673828125;507,8349304199219;3034429,0
2025-12-17;1063,821044921875;13201,7177734375;293,9862060546875;2575,0;63,0;1800,0;2394,0;7702,94482421875;2120,0;2360,0;3815,0;27450,0;3640,0;5455,0;3462,5;3570,0;9465,0;4237,5;707,7333984375;501,8603515625;3035517,0
2025-12-18;1096,7227783203125;14045,21484375;296,486083984375;2745,0;66,80000305175781;1831,0;2464,0;8205,953125;2200,0;2405,0;4040,0;27600,0;3660,0;5485,0;3747,5;3610,0;9810,0;4297,5;715,4261474609375;509,826416015625;3163224,0
2025-12-19;1077,779296875;13682,3154296875;298,9859619140625;2677,5;65,5999984741211;1820,0;2440,0;8255,26953125;2155,0;2380,0;3940,0;27600,0;3680,0;5495,0;3670,0;3545,0;9695,0;4315,0;713,0221557617188;518,7882080078125;3139467,0
2025-12-22;1042,8836669921875;13741,1630859375;295,4861145019531;2742,5;67,80000305175781;1800,0;2453,0;8176,365234375;2130,0;2365,0;3935,0;27700,0;3665,0;5465,0;3712,5;3522,5;9660,0;4227,5;683,6935424804688;532,2308349609375;3136090,0
2025-12-23;1002,0057373046875;13456,7275390625;292,48626708984375;2722,5;66,80000305175781;1791,0;2403,0;8146,77734375;2265,0;2365,0;3935,0;27650,0;3655,0;5435,0;3720,0;3507,5;9555,0;4172,5;694,2710571289062;537,6848754882812;3114970,0
2025-12-24;998,0177001953125;13603,849609375;296,486083984375;2700,0;67,19999694824219;1793,0;2409,0;8156,6396484375;2295,0;2375,0;3945,0;27600,0;3640,0;5480,0;3700,0;3472,5;9565,0;4345,0;695,7134399414062;542,1697387695312;3121145,0
2025-12-26;1003,9998168945312;13672,5068359375;291,4862976074219;2712,5;64,9000015258789;1810,0;2420,0;8265,1328125;2370,0;2410,0;3980,0;27500,0;3625,0;5375,0;3685,0;3477,5;9480,0;4180,0;671,1928100585938;548,6478881835938;3112380,0
2025-12-29;972,0951538085938;13603,568359375;284,48663330078125;2662,5;61,900001525878906;1878,0;2371,0;8255,26953125;2435,0;2485,0;3945,0;27350,0;3515,0;5375,0;3670,0;3500,0;9400,0;3777,5;662,0576782226562;550,142822265625;3100075,0
2025-12-30;990,5400390625;13367,15625;290,7363586425781;2612,5;59,5;1918,0;2336,0;8087,59912109375;2535,0;2550,0;3885,0;27300,0;3435,0;5260,0;3570,0;3527,5;9325,0;3577,5;646,1913452148438;548,6478881835938;3051617,0
2026-01-02;1004,0;13672,521484375;301,23583984375;2697,5;61,099998474121094;1936,0;2320,0;8235,54296875;2620,0;2555,0;3997,5;27000,0;3490,0;5440,0;3595,0;3595,0;9515,0;3470,0;673,1160278320312;549,1461791992188;3126292,0
2026-01-05;1022,0;13849,83203125;317,7350769042969;2657,5;59,5;1893,0;2305,0;8398,2822265625;2525,0;2480,0;4017,5;26750,0;3520,0;5365,0;3677,5;3580,0;9405,0;3390,0;697,6366577148438;547,1528930664062;3130197,0
2026-01-06;1031,0;13879,3828125;331,9844055175781;2640,0;59,599998474121094;1881,0;2281,0;8353,8984375;2415,0;2500,0;3920,0;25950,0;3470,0;5235,0;3705,0;3605,0;9185,0;3457,5;705,3294067382812;552,6344604492188;3112377,0
2026-01-07;1001,0;13761,17578125;320,2349548339844;2502,5;56,5;1819,0;2149,0;8225,6796875;2265,0;2435,0;3735,0;24700,0;3315,0;5020,0;3560,0;3492,5;8860,0;3490,0;727,4461059570312;552,1360473632812;3013957,0
2026-01-08;975,0;14194,5986328125;316,4851379394531;2547,5;56,79999923706055;1890,0;2193,0;8413,0751953125;2300,0;2480,0;3810,0;24525,0;3220,0;5085,0;3632,5;3510,0;9255,0;3675,0;762,0634765625;548,1495971679688;3074880,0
2026-01-09;1005,0;14312,8056640625;320,2349548339844;2565,0;56,79999923706055;1905,0;2219,0;8451,5390625;2290,0;2490,0;3805,0;24175,0;3210,0;5065,0;3652,5;3460,0;9170,0;3795,0;770,7178344726562;552,1360473632812;3089461,0
2026-01-12;995,0;14273,4033203125;322,48486328125;2545,0;55,20000076293945;1951,0;2214,0;8327,90625;2295,0;2575,0;3852,5;23650,0;3230,0;5070,0;3595,0;3590,0;8975,0;3795,0;758,2171020507812;560,6074829101562;3076947,0
2026-01-13;969,0;13997,5888671875;320,2349548339844;2540,0;52,5;1930,0;2157,0;8055,9140625;2210,0;2565,0;3710,0;23350,0;3120,0;5050,0;3450,0;3452,5;8945,0;3747,5;734,6580200195312;570,5738525390625;3036293,0
2026-01-14;960,0;13613,4189453125;316,4851379394531;2413,0;49,16999816894531;1919,0;2027,0;7680,0703125;2175,0;2570,0;3595,0;22275,0;3025,0;4935,0;3307,5;3315,0;8920,0;3292,5;728,8884887695312;571,0722045898438;2950111,0
2026-01-15;975,0;13416,4072265625;315,98516845703125;2354,0;50,0;1877,0;2008,0;7764,14111328125;2265,0;2500,0;3530,0;22300,0;2910,0;4792,5;3250,0;3312,5;8690,0;3387,5;754,8515014648438;595,9880981445312;2926727,0
2026-01-16;990,0;13682,373046875;316,4851379394531;2314,0;54,599998474121094;1885,0;2040,0;7680,0703125;2295,0;2535,0;3542,5;22675,0;2950,0;4792,5;3240,0;3287,5;8725,0;3280,0;770,2369995117188;600,4729614257812;2933230,0
2026-01-19;998,0;13258,7998046875;317,4850769042969;2303,0;60,29999923706055;1862,0;2038,0;7670,18017578125;2285,0;2450,0;3477,5;22350,0;3010,0;4795,0;3217,5;3270,0;8715,0;3332,5;756,7747192382812;601,9678955078125;2912976,0
2026-01-20;998,5;13603,568359375;316,4851379394531;2316,0;60,0;1879,0;2058,0;7630,6171875;2265,0;2470,0;3497,5;21650,0;2990,0;4905,0;3225,0;3327,5;8910,0;3345,0;740,9083862304688;597,9813842773438;2942092,0
2026-01-21;1028,0;14509,8154296875;322,7348327636719;2385,0;59,099998474121094;1899,0;2294,0;8031,18798828125;2245,0;2485,0;3642,5;22300,0;3065,0;5010,0;3400,0;3412,5;9330,0;3422,5;759,6594848632812;599,4762573242188;3047554,0
2026-01-22;1056,0;14431,01171875;323,9847717285156;2493,0;58,400001525878906;1926,0;2337,0;8011,40673828125;2240,0;2485,0;3552,5;22325,0;3165,0;5035,0;3407,5;3787,5;9255,0;3357,5;758,6978759765625;604,4595336914062;3066435,0
2026-01-23;1076,0;14490,115234375;324,2347717285156;2477,0;57,599998474121094;1912,0;2242,0;8036,13330078125;2240,0;2505,0;3592,5;22225,0;3210,0;5080,0;3487,5;3802,5;9340,0;3467,5;738,50439453125;609,9409790039062;3093535,0
2026-01-26;1080,0;14657,5732421875;326,9846496582031;2577,5;58,70000076293945;1930,0;2311,0;8105,3671875;2275,0;2620,0;3620,0;22575,0;3315,0;5175,0;3522,5;3807,5;9640,0;3647,5;705,8101806640625;615,9102172851562;3131277,0
2026-01-27;1036,0;15465,31640625;332,484375;2642,5;61,900001525878906;2120,0;2463,0;8318,0166015625;2280,0;2790,0;3692,5;22575,0;3255,0;5365,0;3710,0;3975,0;10140,0;3830,0;691,8670654296875;620,8973999023438;3244320,0
2026-01-28;1031,0;15397,7939453125;340,2340087890625;2615,0;63,79999923706055;2062,0;2398,0;8367,4697265625;2260,0;2735,0;3592,5;22675,0;3185,0;5380,0;3725,0;3922,5;9875,0;3662,5;667,346435546875;619,8999633789062;3230714,0
2026-01-29;1046,0;15120,890625;340,9839782714844;2575,0;61,79999923706055;2056,0;2336,0;8219,1103515625;2220,0;2725,0;3522,5;22825,0;3140,0;5315,0;3717,5;4042,5;9830,0;3747,5;670,231201171875;615,4114990234375;3211242,0
2026-01-30;1045,0;15120,890625;335,7342224121094;2547,5;60,79999923706055;2034,0;2352,0;8219,1103515625;2160,0;2635,0;3487,5;22550,0;3115,0;5215,0;3680,0;4047,5;9655,0;3845,0;677,9239501953125;617,9051513671875;3199554,0
2026-02-02;1022,0;14616,53125;334,9842529296875;2441,0;56,29999923706055;1996,0;2244,0;7986,6796875;2005,0;2520,0;3342,5;21650,0;3090,0;5045,0;3490,0;3875,0;9195,0;3852,5;686,0975341796875;615,9102172851562;3106672,0
2026-02-03;989,0;14181,3974609375;334,9842529296875;2430,0;53,5;1950,0;2125,0;7719,63330078125;1845,0;2465,0;3265,0;21150,0;3015,0;4970,0;3377,5;3765,0;8980,0;3915,0;664,9424438476562;598,9540405273438;3038541,0
2026-02-04;975,5;13845,158203125;333,73431396484375;2377,0;52,900001525878906;1952,0;2059,0;7694,90625;1770,0;2415,0;3165,0;21275,0;2950,0;4962,5;3317,5;3642,5;8920,0;3942,5;673,1160278320312;590,974609375;3015927,0
2026-02-05;979,0;13232,0146484375;330,4844665527344;2322,0;50,20000076293945;1910,0;2017,0;7422,91455078125;1790,0;2375,0;3227,5;20575,0;2860,0;4920,0;3147,5;3482,5;8755,0;3862,5;657,2496948242188;581,9977416992188;2932838,0
2026-02-06;1017,0;13686,927734375;329,9844970703125;2357,0;51,900001525878906;1935,0;2087,0;7412,5634765625;1835,0;2405,0;3315,0;20900,0;3065,0;4985,0;3272,5;3547,5;8865,0;4000,0;662,5384521484375;586,98486328125;2977119,0
2026-02-09;983,5;13578,14453125;326,9846496582031;2342,0;52,900001525878906;1873,0;2197,0;7377,83251953125;1830,0;2370,0;3375,0;20875,0;3000,0;4962,5;3435,0;3715,0;8860,0;4095,0;666,8656616210938;584,4913330078125;2976664,0
2026-02-10;981,5;13963,8310546875;327,734619140625;2408,0;53,400001525878906;1911,0;2196,0;7685,44921875;1865,0;2365,0;3487,5;21500,0;3050,0;5175,0;3570,0;3750,0;9260,0;4050,0;682,73193359375;589,9771728515625;3060606,0
2026-02-11;996,5;13766,04296875;324,9847412109375;2397,0;52,70000076293945;1883,0;2208,0;7511,79443359375;1830,0;2335,0;3512,5;21300,0;3050,0;5070,0;3460,0;3405,0;9205,0;4132,5;670,7120361328125;587,9822998046875;3017641,0
2026-02-12;963,0;12895,775390625;312,7353210449219;2284,0;49,63999938964844;1757,0;2117,0;6896,5615234375;1805,0;2230,0;3365,0;20900,0;2925,0;4852,5;3185,0;3397,5;8625,0;3887,5;653,4033203125;561,0518798828125;2851780,0
2026-02-13;990,5;12559,5361328125;307,98553466796875;2285,0;47,66999816894531;1743,0;2082,0;6643,5224609375;1740,0;2230,0;3320,0;20850,0;2970,0;4840,0;3102,5;3330,0;8615,0;3980,0;675,5199584960938;560,5531005859375;2816128,0
2026-02-18;945,0;12065,0654296875;295,4861145019531;2271,0;43,59000015258789;1650,0;1980,0;6385,521484375;1685,0;2145,0;3220,0;20575,0;3030,0;4635,0;2970,0;3222,5;8400,0;3787,5;647,1529541015625;533,1239013671875;2723175,0
2026-02-19;918,0;13152,900390625;301,23583984375;2355,0;46,09000015258789;1692,0;2037,0;6797,33056640625;1690,0;2180,0;3287,5;20500,0;2955,0;4815,0;3167,5;3285,0;8795,0;3915,0;668,3080444335938;526,6406860351562;2839106,0
2026-02-20;893,0;13182,568359375;325,98468017578125;2365,0;45,0099983215332;1765,0;2009,0;7114,8701171875;1670,0;2360,0;3290,0;20675,0;2940,0;4802,5;3200,0;3297,5;8775,0;4007,5;660,1344604492188;529,6329345703125;2873248,0
2026-02-23;834,0;12569,42578125;312,2353210449219;2292,0;42,43000030517578;1695,0;1938,0;6891,60009765625;1565,0;2295,0;3092,5;19825,0;2825,0;4602,5;3007,5;3185,0;8565,0;3945,0;622,1514892578125;510,16351318359375;2763059,0
2026-02-24;795,5;12965,0009765625;313,23529052734375;2360,0;42,189998626708984;1715,0;2007,0;7000,75390625;1570,0;2345,0;3175,0;19550,0;2965,0;4742,5;3100,0;3250,0;8605,0;4007,5;611,573974609375;516,1536865234375;2812414,0
2026-02-25;820,0;12928,73046875;304,4856872558594;2336,0;43,290000915527344;1702,0;2006,0;7000,75390625;1520,0;2355,0;3187,5;19425,0;2920,0;4745,0;3060,0;3285,0;8800,0;3842,5;602,9196166992188;502,67578125;2799876,0
2026-02-26;825,5;12143,6650390625;314,4852294921875;2340,0;43,70000076293945;1695,0;1962,0;6856,869140625;1570,0;2360,0;3105,0;19400,0;2920,0;4680,0;2952,5;3300,0;8850,0;3830,0;596,6692504882812;508,66595458984375;2754420,0
2026-02-27;811,5;11139,974609375;316,7351379394531;2320,0;41,95000076293945;1643,0;1832,0;6494,67529296875;1575,0;2280,0;2992,5;19325,0;2865,0;4495,0;2725,0;3375,0;8555,0;3692,5;595,7076416015625;504,6725158691406;2642106,0
2026-03-02;755,0;10851,7861328125;315,2351989746094;2248,0;41,400001525878906;1653,0;2002,0;6311,09765625;1530,0;2265,0;2945,0;18950,0;2800,0;4537,5;2530,0;3307,5;8530,0;3767,5;567,3406372070312;506,1700744628906;2603094,0
2026-03-03;710,5;10901,4736328125;305,23565673828125;2200,0;39,90999984741211;1624,0;1930,0;6440,0986328125;1490,0;2195,0;2947,5;18300,0;2695,0;4477,5;2605,0;3232,5;8670,0;3822,5;561,571044921875;509,1651306152344;2597025,0
2026-03-04;738,5;10752,4111328125;298,4859924316406;2183,0;40,16999816894531;1618,0;1903,0;6365,67529296875;1530,0;2205,0;2927,5;18550,0;2705,0;4490,0;2592,5;3342,5;8390,0;3922,5;587,5341186523438;499,1815185546875;2579970,0
2026-03-05;798,5;10553,66015625;294,73614501953125;2107,0;40,25;1567,0;1867,0;6231,71337890625;1460,0;2115,0;2902,5;18150,0;2645,0;4567,5;2460,0;3207,5;8280,0;3987,5;591,8612670898438;499,1815185546875;2570733,0
2026-03-06;851,5;10315,1591796875;306,985595703125;2159,0;39,68000030517578;1595,0;1889,0;6137,33837890625;1485,0;2120,0;2907,5;18250,0;2725,0;4695,0;2469,0;3247,5;8630,0;4012,5;636,0946044921875;498,9319152832031;2626115,0
2026-03-09;868,5;10464,22265625;305,7356262207031;2130,0;40,88999938964844;1632,0;1881,0;6236,970703125;1590,0;2180,0;2942,5;17850,0;2690,0;4705,0;2552,5;3267,5;8595,0;4085,0;626,95947265625;508,66595458984375;2632795,0
2026-03-10;863,5;10682,84765625;318,23504638671875;2260,0;43,22999954223633;1655,0;1975,0;6451,1796875;1625,0;2220,0;3090,0;18450,0;2810,0;4842,5;2657,5;3410,0;8870,0;4092,5;626,95947265625;519,64794921875;2700255,0
2026-03-11;876,5;10772,2861328125;315,73516845703125;2309,0;46,11000061035156;1714,0;2026,0;6550,81201171875;1660,0;2215,0;3082,5;19225,0;2925,0;4900,0;2712,5;3565,0;9120,0;4215,0;640,902587890625;567,5693969726562;2770635,0
2026-03-12;844,0;10245,5966796875;305,9856262207031;2271,0;44,150001525878906;1733,0;2001,0;6271,841796875;1625,0;2180,0;3000,0;19200,0;2845,0;4802,5;2587,5;3400,0;8970,0;4217,5;620,7091064453125;575,5562744140625;2695424,0
2026-03-13;791,0;9763,6259765625;303,4857482910156;2232,0;42,02000045776367;1722,0;1929,0;6047,669921875;1515,0;2130,0;2930,0;18425,0;2785,0;4752,5;2421,0;3350,0;9075,0;4220,0;598,1116333007812;603,0112915039062;2642584,0
2026-03-16;798,5;9589,7197265625;304,4856872558594;2195,0;39,810001373291016;1670,0;1885,0;6007,81689453125;1465,0;2150,0;2907,5;18450,0;2720,0;4717,5;2371,0;3307,5;8975,0;4205,0;587,0532836914062;603,0112915039062;2606351,0
2026-03-17;800,5;9728,8447265625;314,2352294921875;2296,0;41,119998931884766;1683,0;1943,0;6077,5595703125;1440,0;2140,0;2945,0;18950,0;2715,0;4940,0;2378,0;3365,0;9350,0;3987,5;605,8043823242188;601,5137329101562;2663049,0
2026-03-18;811,0;9704,0009765625;315,48516845703125;2297,0;40,779998779296875;1704,0;2003,0;6137,33837890625;1480,0;2105,0;2997,5;18800,0;2650,0;5010,0;2396,0;3327,5;9505,0;3705,0;615,4203491210938;597,0210571289062;2693891,0
2026-03-19;805,0;10106,4716796875;312,4853210449219;2331,0;44,9900016784668;1779,0;2119,0;6376,45556640625;1590,0;2110,0;2977,5;18575,0;2635,0;5085,0;2507,5;3372,5;9800,0;3702,5;610,6123657226562;598,0194702148438;2768682,0
2026-03-20;793,0;9818,283203125;313,23529052734375;2238,0;44,790000915527344;1751,0;2049,0;6286,78662109375;1545,0;2000,0;2960,0;18600,0;2620,0;4950,0;2385,0;3302,5;9570,0;3695,0;599,0732421875;595,5235595703125;2725326,0
2026-03-23;797,0;10305,2216796875;313,7352600097656;2279,0;45,790000915527344;1820,0;2157,0;6625,5361328125;1585,0;2120,0;3152,5;18625,0;2685,0;4895,0;2595,0;3380,0;9605,0;3765,0;606,7659912109375;608,5022583007812;2778025,0
2026-03-25;787,5;10344,9716796875;311,9853515625;2293,0;46,209999084472656;1827,0;2089,0;6565,7568359375;1575,0;2235,0;3110,0;18450,0;2625,0;4942,5;2665,0;3460,0;9845,0;3817,5;611,0931396484375;604,5184936523438;2805317,0
2026-03-26;795,5;10394,6591796875;310,2354431152344;2176,0;44,93000030517578;1763,0;2042,0;6426,27197265625;1560,0;2220,0;2982,5;18275,0;2620,0;4910,0;2547,5;3350,0;9775,0;3817,5;603,8812255859375;599,5225219726562;2769369,0
2026-03-27;809,0;10270,0;306,735595703125;2206,0;46,779998779296875;1781,0;2040,0;6266,8603515625;1490,0;2230,0;2962,5;18150,0;2620,0;4955,0;2430,0;3270,0;10130,0;3897,5;636,0946044921875;588,53125;2793847,0
2026-03-30;881,0;10380,0;308,7355041503906;2290,0;50,29999923706055;1820,0;2074,0;6351,5478515625;1540,0;2265,0;3080,0;18350,0;2685,0;5145,0;2502,5;3257,5;10310,0;4010,0;647,1529541015625;594,02685546875;2865754,0
2026-03-31;937,0;11410,0;326,7346496582031;2493,0;52,5;1872,0;2249,0;6864,6533203125;1595,0;2370,0;3252,5;18375,0;2775,0;5200,0;2795,0;3430,0;10150,0;4190,0;648,5953369140625;651,980712890625;2997780,0
2026-04-01;992,5;11590,0;329,2345275878906;2475,0;54,29999923706055;1866,0;2303,0;6864,6533203125;1695,0;2475,0;3325,0;18650,0;2795,0;5170,0;2847,5;3507,5;10200,0;4235,0;668,788818359375;654,4786987304688;2999342,0
2026-04-06;1028,0;11430,0;330,9844665527344;2497,0;54,29999923706055;1851,0;2326,0;6829,78173828125;1705,0;2495,0;3430,0;18675,0;2885,0;5240,0;2805,0;3425,0;10240,0;4260,0;687,0591430664062;671,9647827148438;3006248,0
2026-04-07;969,5;11110,0;325,98468017578125;2467,0;52,20000076293945;1817,0;2254,0;6695,2783203125;1680,0;2410,0;3435,0;18675,0;2740,0;5200,0;2735,0;3385,0;10320,0;4255,0;668,5;672,4644165039062;2972630,0
2026-04-08;941,0;11920,0;336,23419189453125;2477,0;51,599998474121094;1846,0;2302,0;6969,2666015625;1765,0;2470,0;3535,0;18775,0;2730,0;5160,0;2910,0;3447,5;9940,0;4170,0;676,0;689,4508666992188;3011186,0
2026-04-09;975,5;11900,0;340,9839782714844;2472,0;49,75;1786,0;2190,0;7043,99072265625;1815,0;2445,0;3650,0;18675,0;2715,0;5120,0;2865,0;3400,0;9605,0;4050,0;705,0;704,9385375976562;2999608,0
2026-04-10;997,0;11800,0;337,984130859375;2460,0;48,59000015258789;1777,0;2126,0;7075,0;1840,0;2370,0;3585,0;18600,0;2720,0;5145,0;2867,5;3385,0;9635,0;3905,0;715,0;702,9401245117188;2998770,0
2026-04-13;1010,0;11750,0;336,48419189453125;2377,0;49,22999954223633;1773,0;2069,0;7135,0;1775,0;2320,0;3470,0;18300,0;2800,0;5090,0;2770,0;3382,5;9710,0;4075,0;732,5;706,9369506835938;2991782,0
2026-04-14;980,5;11900,0;346,4837341308594;2274,0;48,619998931884766;1718,0;1985,0;7170,0;1775,0;2370,0;3472,5;18275,0;2745,0;4900,0;2802,5;3435,0;9305,0;4010,0;721,5;732,4166259765625;2950635,0
2026-04-15;966,0;12000,0;317,75;2246,0;49,16999816894531;1672,0;2010,0;7175,0;1800,0;2315,0;3380,0;18450,0;2670,0;4770,0;2812,5;3412,5;9005,0;3855,0;731,0;737,4126586914062;2917889,0
2026-04-16;949,0;11910,0;314,0;2261,0;49,93000030517578;1690,0;2018,0;7130,0;1750,0;2340,0;3362,5;18250,0;2625,0;4795,0;2870,0;3445,0;9125,0;3975,0;719,5;735,9138793945312;2923833,0
2026-04-17;948,5;11970,0;317,5;2237,0;48,619998931884766;1694,0;1978,0;7005,0;1745,0;2330,0;3395,0;18125,0;2490,0;4697,5;2860,0;3487,5;8885,0;3927,5;717,0;732,4166259765625;2889185,0
2026-04-20;951,0;12120,0;316,75;2265,0;48,439998626708984;1706,0;2084,0;7055,0;1775,0;2310,0;3502,5;18325,0;2515,0;4797,5;2902,5;3605,0;9105,0;3935,0;731,5;712,4325561523438;2931701,0
2026-04-21;950,5;11870,0;319,5;2244,0;48,84000015258789;1695,0;2018,0;7025,0;1735,0;2270,0;3467,5;18150,0;2645,0;4880,0;2887,5;3552,5;9145,0;3807,5;718,0;692,9480590820312;2940100,0
2026-04-22;962,5;11500,0;320,25;2200,0;49,15999984741211;1655,0;1950,0;6810,0;1730,0;2230,0;3465,0;18500,0;2645,0;4862,5;2810,0;3560,0;9095,0;3805,0;713,0;682,9560546875;2898692,0
2026-04-23;980,5;11060,0;315,5;2151,0;47,20000076293945;1619,0;1871,0;6415,0;1680,0;2155,0;3312,5;18275,0;2735,0;4905,0;2640,0;3425,0;9055,0;3805,0;701,0;665,9695434570312;2831849,0
2026-04-24;994,0;11120,0;312,25;2178,0;47,83000183105469;1661,0;1905,0;6465,0;1735,0;2180,0;3337,5;18800,0;2710,0;4837,5;2682,5;3385,0;9050,0;3815,0;697,0;668,0;2840788,0
2026-04-27;999,5;11290,0;318,0;2177,0;47,54999923706055;1711,0;1894,0;6520,0;1805,0;2220,0;3302,5;19175,0;2595,0;4902,5;2685,0;3422,5;9245,0;3635,0;695,0;666,0;2866257,0
2026-04-28;977,5;11370,0;310,0;2218,0;47,02000045776367;1702,0;1900,0;6520,0;1815,0;2185,0;3365,0;19175,0;2650,0;4935,0;2682,5;3350,0;9160,0;3657,5;693,0;660,0;2869560,0
2026-04-29;986,0;10950,0;302,25;2151,0;46,189998626708984;1679,0;1890,0;6380,0;1805,0;2115,0;3265,0;19075,0;2780,0;4957,5;2547,5;3622,5;9205,0;3885,0;672,0;638,5;2838835,0
2026-04-30;970,0;10890,0;307,5;2139,0;45,349998474121094;1694,0;1884,0;6220,0;1740,0;2085,0;3325,0;19150,0;2750,0;4972,5;2476,0;3595,0;9165,0;3880,0;673,5;634,5;2832851,0
2026-05-04;935,0;10350,0;307,0;2149,0;44,119998931884766;1655,0;1826,0;6075,0;1705,0;2105,0;3130,0;18500,0;2675,0;4815,0;2384,0;3510,0;9020,0;3885,0;669,5;622,5;2767136,5
