Fecha;Grupo Financiero Galicia;Banco Macro;Pampa Energía;Ternium Argentina;Aluar;Cresud;Supervielle;Central Puerto;Loma Negra;Mirgor;Telecom Argentina;Transportadora Gas del Sur;Grupo Supervielle (VALO);Soc. Comercial del Plata;Edenor;Holcim Argentina;Transener;Molinos Río de la Plata;BYMA;IRSA;ÍNDICE MERVAL
02/01/2025;7730,7060546875;12144,1279296875;4385,0;863,5116577148438;890,3394775390625;1472,5738525390625;3849,40185546875;1820,0;2980,0;26526,1953125;3158,7392578125;7375,67041015625;446,40008544921875;115,4687271118164;2765,0;2230,0;2457,040283203125;4340,41162109375;246,61477661132812;1692,9671630859375;2695646,0
03/01/2025;7883,9794921875;12285,892578125;4445,0;848,1261596679688;887,348388671875;1505,6123046875;3932,977783203125;1895,0;3005,0;26626,013671875;3372,975341796875;7442,80908203125;445,411376953125;120,7878189086914;2635,0;2225,0;2457,040283203125;4562,3642578125;245,18096923828125;1724,65380859375;2728911,0
06/01/2025;8152,2060546875;13065,5712890625;4500,0;832,7406616210938;871,3960571289062;1533,9310302734375;4213,2021484375;1900,0;3060,0;26725,830078125;3343,08203125;7414,03515625;446,40008544921875;121,2310791015625;2610,0;2245,0;2574,248779296875;4562,3642578125;254,26171875;1751,813720703125;2801221,0
07/01/2025;8238,4228515625;12923,8095703125;4555,0;834,663818359375;871,3960571289062;1557,530029296875;4262,36474609375;1920,0;3080,0;26800,69140625;3387,922119140625;7663,40771484375;447,8832092285156;124,99877166748047;2560,0;2250,0;2656,72900390625;4389,734375;249,9603271484375;1702,0205078125;2822175,0
08/01/2025;8123,46875;12923,8095703125;4470,0;830,8174438476562;881,3662719726562;1505,6123046875;4355,77294921875;1875,0;3000,0;26825,64453125;3283,295166015625;7586,677734375;444,91705322265625;123,00411224365234;2290,0;2385,0;2565,566650390625;4258,20703125;246,61477661132812;1706,547119140625;2782477,0
09/01/2025;8276,7421875;13396,3447265625;4575,0;844,27978515625;915,2649536132812;1505,6123046875;4522,92431640625;1870,0;3000,0;27224,912109375;3268,348388671875;7644,22509765625;444,91705322265625;124,5555191040039;2340,0;2440,0;2535,179443359375;4184,22265625;245,6588897705078;1729,180419921875;2829730,0
10/01/2025;8267,1630859375;12923,8095703125;4530,0;866,3964233398438;928,2262573242188;1505,6123046875;4562,25390625;1815,0;3040,0;27324,7265625;3228,490478515625;7337,30517578125;445,9057922363281;121,00944519042969;2235,0;2410,0;2461,38134765625;4069,135986328125;245,6588897705078;1711,0738525390625;2805140,0
13/01/2025;7769,0244140625;12025,99609375;4305,0;839,4718017578125;901,3067016601562;1453,6947021484375;4267,28076171875;1715,0;2790,0;27100,140625;3039,16552734375;6752,2392578125;442,93963623046875;109,70637512207031;2025,0;2295,0;2300,761962890625;3933,498046875;233,949462890625;1665,807373046875;2655179,0
14/01/2025;8075,56982421875;12923,8095703125;4465,0;813,5087890625;870,3990478515625;1482,013427734375;4488,5107421875;1765,0;2860,0;27175,00390625;3173,685791015625;6963,24658203125;446,8944396972656;112,14429473876953;2155,0;2290,0;2322,46728515625;3888,285400390625;235,8612060546875;1661,2806396484375;2733273,0
15/01/2025;8123,46875;12923,8095703125;4420,0;787,5457153320312;835,5032958984375;1444,255126953125;4365,60498046875;1720,0;2765,0;27374,634765625;3074,041015625;6828,96923828125;454,3097229003906;108,48741149902344;2105,0;2265,0;2322,46728515625;4044,474365234375;233,949462890625;1683,9139404296875;2704474,0
16/01/2025;8018,0927734375;12593,037109375;4290,0;769,2754516601562;813,56884765625;1373,458251953125;4208,2861328125;1625,0;2660,0;27025,279296875;2954,46728515625;6589,18798828125;453,3209533691406;103,27912902832031;2000,0;2170,0;2209,599853515625;3867,734130859375;227,25836181640625;1634,1207275390625;2629377,0
17/01/2025;7510,376953125;11647,9677734375;4080,0;765,4290771484375;808,583740234375;1345,1395263671875;3932,977783203125;1530,0;2525,0;26101,9765625;2879,73388671875;6445,31884765625;443,9283752441406;100,17632293701172;1960,0;2105,0;2153,166015625;3703,32470703125;221,2841796875;1588,854248046875;2510886,0
20/01/2025;7636,890625;11600,716796875;4045,0;762,5442504882812;809,5807495117188;1354,5791015625;4041,134521484375;1540,0;2570,0;26700,876953125;2984,36083984375;6416,54541015625;450,3548889160156;105,93867492675781;2005,0;2180,0;2222,623046875;3863,6240234375;227,25836181640625;1584,32763671875;2536837,0
21/01/2025;7875,54296875;12025,99609375;4210,0;751,9667358398438;800,6076049804688;1415,9364013671875;4100,12939453125;1675,0;2700,0;27224,912109375;2974,396240234375;6723,46533203125;452,82672119140625;111,47940063476562;2130,0;2230,0;2300,761962890625;3806,08056640625;238,96778869628906;1674,860595703125;2619719,0
22/01/2025;8123,74365234375;12380,3974609375;4235,0;776,9682006835938;835,5032958984375;1430,095703125;4178,78857421875;1735,0;2805,0;27349,681640625;3064,07666015625;7030,38525390625;454,3097229003906;109,59555053710938;2230,0;2290,0;2305,10302734375;3830,741943359375;247,09271240234375;1674,860595703125;2680946,0
23/01/2025;7971,00439453125;11955,1162109375;4175,0;795,2384643554688;868,4049682617188;1415,9364013671875;4026,385986328125;1670,0;2720,0;27324,7265625;3024,21875;6733,056640625;452,82672119140625;106,7143783569336;2170,0;2225,0;2331,1494140625;3719,765625;248,04856872558594;1670,333984375;2625050,0
24/01/2025;7865,99755859375;11482,58203125;4040,0;784,6609497070312;873,3900756835938;1477,2935791015625;3878,899169921875;1620,0;2745,0;27000,32421875;2904,64501953125;6474,0927734375;445,9057922363281;103,0574951171875;2135,0;2230,0;2335,490478515625;3908,836669921875;248,52651977539062;1697,493896484375;2566082,0
27/01/2025;7290,04638671875;10797,4072265625;3875,0;767,3522338867188;841,4854125976562;1415,9364013671875;3642,920654296875;1550,0;2645,0;26002,16015625;2869,769287109375;6186,35546875;435,02996826171875;100,73040008544922;2115,0;2145,0;2322,46728515625;3690,993896484375;237,29502868652344;1593,380859375;2439099,0
28/01/2025;7443,3193359375;10702,90234375;3800,0;747,1587524414062;818,553955078125;1397,0572509765625;3706,83154296875;1560,0;2650,0;26376,470703125;2934,538330078125;6100,0341796875;434,53564453125;103,27912902832031;2215,0;2090,0;2378,901123046875;3888,285400390625;235,38327026367188;1575,2742919921875;2435629,0
29/01/2025;7749,8662109375;11269,9404296875;4065,0;776,9682006835938;846,4705200195312;1434,8155517578125;3918,22900390625;1660,0;2825,0;26426,380859375;2969,4140625;6483,68408203125;434,53564453125;105,38460540771484;2250,0;2175,0;2465,722412109375;3764,978271484375;236,1001739501953;1602,4342041015625;2545356,0
30/01/2025;7864,81982421875;11435,3291015625;4280,0;805,8160400390625;855,4437255859375;1444,255126953125;3957,558837890625;1720,0;2950,0;27274,8203125;3024,21875;6713,8740234375;431,0751953125;105,93867492675781;2320,0;2200,0;2448,358154296875;3822,521484375;236,81707763671875;1661,2806396484375;2599329,0
31/01/2025;7740,28515625;11293,5673828125;4240,0;821,2015380859375;864,4169311523438;1430,095703125;3893,64794921875;1715,0;2845,0;27100,140625;2904,64501953125;6474,0927734375;423,6599426269531;103,94401550292969;2305,0;2200,0;2417,970703125;3773,19873046875;236,33914184570312;1606,9608154296875;2564659,0
03/02/2025;7433,740234375;10821,0341796875;4080,0;808,7008056640625;853,44970703125;1382,8978271484375;3696,9990234375;1680,0;2820,0;27249,86328125;2829,911376953125;6358,998046875;407,3462829589844;100,17632293701172;2260,0;2185,0;2266,03369140625;3690,993896484375;228,2142333984375;1575,2742919921875;2484136,0
04/02/2025;7548,6953125;10844,6611328125;4150,0;817,3551635742188;856,4407348632812;1448,974853515625;3785,490966796875;1735,0;2935,0;27000,32421875;2849,84033203125;6474,0927734375;399,4366455078125;100,8412094116211;2355,0;2285,0;2331,1494140625;3744,427001953125;231,55978393554688;1575,2742919921875;2523647,0
05/02/2025;7414,5810546875;10655,6474609375;4025,0;795,2384643554688;832,5122680664062;1392,33740234375;3701,915283203125;1700,0;2880,0;26700,876953125;2854,822509765625;6406,9541015625;390,5382995605469;99,8438720703125;2315,0;2210,0;2270,374755859375;3769,08837890625;228,2142333984375;1525,481201171875;2477714,0
06/02/2025;7567,85400390625;11222,6875;4055,0;782,7377319335938;824,5360717773438;1397,0572509765625;3810,072021484375;1680,0;2920,0;26451,333984375;2844,858154296875;6301,4501953125;388,56085205078125;98,95735931396484;2325,0;2175,0;2283,39794921875;3732,096435546875;229,40908813476562;1534,534423828125;2503483,0
07/02/2025;7280,466796875;10655,6474609375;3890,0;773,121826171875;825,5330810546875;1345,1395263671875;3608,507080078125;1620,0;2885,0;26301,609375;2790,053466796875;6052,078125;380,6512145996094;96,74107360839844;2285,0;2130,0;2253,010498046875;3514,253662109375;219,85037231445312;1453,0548095703125;2416382,0
10/02/2025;7184,671875;10632,0205078125;3775,0;779,8529663085938;869,4020385742188;1330,980224609375;3544,59619140625;1595,0;2830,0;26126,9296875;2760,16015625;6052,078125;380,1568908691406;93,63826751708984;2330,0;2170,0;2174,871337890625;3386,83642578125;220,56727600097656;1430,4215087890625;2391368,0
11/02/2025;6705,69287109375;10183,11328125;3650,0;751,9667358398438;818,553955078125;1269,6229248046875;3308,617431640625;1510,0;2685,0;25103,814453125;2545,923828125;5841,0703125;377,68511962890625;88,2083511352539;2210,0;2020,0;2101,0732421875;3234,757568359375;209,09681701660156;1403,2615966796875;2273568,0
12/02/2025;6657,79638671875;10159,486328125;3720,0;741,3892211914062;791,6343994140625;1283,7823486328125;3313,53369140625;1545,0;2720,0;24954,08984375;2610,69287109375;5946,57421875;375,2133483886719;88,651611328125;2290,0;2070,0;2114,096435546875;3267,639404296875;209,09681701660156;1498,3212890625;2285846,0
13/02/2025;6791,91015625;10419,3798828125;3855,0;751,9667358398438;800,6076049804688;1283,7823486328125;3406,94189453125;1580,0;2795,0;24979,04296875;2670,479736328125;6339,8154296875;378,673828125;94,85722351074219;2355,0;2060,0;2170,5302734375;3333,4033203125;215,07101440429688;1525,481201171875;2353744,0
14/02/2025;6811,068359375;10419,3798828125;3940,0;787,5457153320312;817,5569458007812;1297,941650390625;3461,020263671875;1620,0;2850,0;25478,125;2665,49755859375;6349,40673828125;378,673828125;95,85456085205078;2385,0;2020,0;2257,3515625;3427,938720703125;215,5489501953125;1552,64111328125;2387386,0
17/02/2025;6370,40869140625;9946,845703125;3705,0;778,891357421875;808,583740234375;1212,9854736328125;3220,12548828125;1500,0;2620,0;24829,3203125;2506,06591796875;5917,80029296875;373,73028564453125;89,20568084716797;2245,0;1945,0;2096,732177734375;3288,190673828125;205,51229858398438;1457,5814208984375;2254189,0
18/02/2025;6954,76220703125;10655,6474609375;3940,0;787,5457153320312;806,5897216796875;1255,463623046875;3480,685302734375;1625,0;2850,0;25078,861328125;2735,248779296875;6454,91015625;383,6174011230469;89,87056732177734;2375,0;2060,0;2148,824951171875;3493,70263671875;209,813720703125;1566,220947265625;2391725,0
19/02/2025;7002,66064453125;10584,765625;3965,0;784,6609497070312;817,5569458007812;1274,3427734375;3500,35009765625;1610,0;2860,0;25003,99609375;2894,680419921875;6368,5888671875;384,6060485839844;89,64894104003906;2385,0;2045,0;2183,553466796875;3460,820556640625;208,1409454345703;1575,2742919921875;2401580,0
20/02/2025;6973,921875;10679,2734375;3945,0;773,121826171875;811,5748291015625;1250,7437744140625;3500,35009765625;1600,0;2865,0;25078,861328125;2924,573974609375;6531,64013671875;385,1004638671875;89,98138427734375;2310,0;2055,0;2144,48388671875;3436,1591796875;211,48651123046875;1584,32763671875;2410221,0
21/02/2025;6849,38623046875;10372,126953125;3905,0;764,4674682617188;821,5450439453125;1250,7437744140625;3377,444580078125;1570,0;2740,0;24479,9609375;2824,92919921875;6358,998046875;384,1116943359375;87,98672485351562;2255,0;2010,0;2153,166015625;3362,1748046875;222,00108337402344;1548,1143798828125;2364529,0
24/02/2025;6772,74951171875;10135,8603515625;3890,0;742,3507690429688;810,5778198242188;1246,0240478515625;3362,69580078125;1575,0;2815,0;24829,3203125;2914,609375;6291,85888671875;380,1568908691406;86,87858581542969;2210,0;1985,0;2101,0732421875;3275,85986328125;232,2766876220703;1534,534423828125;2348398,0
25/02/2025;6696,11376953125;9923,21875;3775,0;724,0805053710938;802,6016235351562;1212,9854736328125;3234,8740234375;1495,0;2700,0;24779,41015625;2889,6982421875;6052,078125;370,76422119140625;83,2217025756836;2165,0;1905,0;2009,9110107421875;3107,340087890625;224,8686981201172;1475,68798828125;2282899,0
26/02/2025;6839,8076171875;10041,3525390625;3720,0;708,6950073242188;794,62548828125;1203,5458984375;3264,37158203125;1465,0;2690,0;24654,640625;2750,195556640625;5956,16552734375;363,34893798828125;80,5621566772461;2185,0;1865,0;1962,1593017578125;3070,347900390625;223,1959228515625;1471,161376953125;2275037,0
27/02/2025;6533,2607421875;9393,978515625;3610,0;696,1942749023438;772,6910400390625;1198,8260498046875;3126,71728515625;1430,0;2585,0;23955,923828125;2695,390869140625;5879,435546875;344,5634765625;75,68631744384766;2110,0;1715,0;1797,1990966796875;3012,8046875;210,2916717529297;1434,9481201171875;2193657,0
28/02/2025;6638,63623046875;9521,5654296875;3745,0;692,347900390625;756,7387084960938;1212,9854736328125;3161,130859375;1410,0;2515,0;23806,201171875;2695,390869140625;5812,296875;347,5296325683594;75,24305725097656;2080,0;1735,0;1736,4241943359375;2905,9384765625;206,9461212158203;1448,528076171875;2205801,0
05/03/2025;6878,125;9946,845703125;3800,0;716,3877563476562;771,6939697265625;1208,265625;3411,858154296875;1500,0;2660,0;23681,431640625;2800,01806640625;6013,712890625;362,8545837402344;76,68364715576172;2135,0;1805,0;1962,1593017578125;2910,048583984375;227,49734497070312;1493,7945556640625;2290050,0
06/03/2025;6772,74951171875;9781,4599609375;3850,0;730,8116455078125;793,62841796875;1179,9468994140625;3333,198486328125;1500,0;2595,0;23381,982421875;2765,142333984375;5889,02685546875;366,3150329589844;76,7944564819336;2135,0;1805,0;2014,2520751953125;2963,481689453125;229,1701202392578;1471,161376953125;2270181,0
07/03/2025;6744,0107421875;9781,4599609375;3875,0;730,8116455078125;807,5867309570312;1208,265625;3288,95263671875;1495,0;2645,0;23681,431640625;2740,231201171875;5889,02685546875;360,87713623046875;76,68364715576172;2180,0;1755,0;2070,685791015625;3033,355712890625;224,62973022460938;1466,6346435546875;2262289,0
10/03/2025;6341,66943359375;9252,220703125;3670,0;694,2710571289062;787,6463012695312;1184,666748046875;3057,89013671875;1420,0;2540,0;22783,083984375;2635,60400390625;5572,515625;347,5296325683594;72,14024353027344;1975,0;1600,0;1836,2685546875;2852,50537109375;215,3099822998047;1425,8948974609375;2138846,0
11/03/2025;6408,7265625;9450,6865234375;3735,0;694,2710571289062;784,6552734375;1179,9468994140625;3062,806396484375;1430,0;2595,0;23032,623046875;2660,515380859375;5735,56689453125;351,4844665527344;69,59151458740234;1970,0;1620,0;1857,973876953125;2868,9462890625;212,68133544921875;1471,161376953125;2159500,0
12/03/2025;6811,068359375;9828,712890625;3975,0;709,6565551757812;799,610595703125;1203,5458984375;3323,3662109375;1530,0;2625,0;24455,0078125;2710,337646484375;6301,4501953125;355,4393005371094;71,14291381835938;2030,0;1715,0;1931,77197265625;3029,24560546875;214,83206176757812;1557,167724609375;2272937,0
13/03/2025;6772,74951171875;9639,6982421875;3895,0;698,117431640625;785,6522827148438;1212,9854736328125;3180,795654296875;1485,0;2520,0;25927,298828125;2625,6396484375;6023,30419921875;348,5183410644531;68,81581115722656;1955,0;1730,0;1888,361328125;2971,7021484375;210,5306396484375;1462,1080322265625;2232180,0
14/03/2025;7069,716796875;9994,0986328125;4080,0;720,234130859375;802,6016235351562;1269,6229248046875;3456,104248046875;1535,0;2690,0;27549,314453125;2730,2666015625;6512,4580078125;351,4844665527344;72,36187744140625;2045,0;1740,0;1944,795166015625;3058,017333984375;214,1151580810547;1498,3212890625;2335575,0
17/03/2025;7012,23876953125;9852,33984375;4030,0;760,62109375;827,5271606445312;1283,7823486328125;3392,193359375;1535,0;2745,0;27374,634765625;2755,177734375;6541,2314453125;349,5070495605469;75,02142333984375;2075,0;1775,0;1949,13623046875;3214,206298828125;214,83206176757812;1552,64111328125;2346306,0
18/03/2025;6820,64892578125;9592,4443359375;3945,0;762,5442504882812;859,4318237304688;1288,5020751953125;3303,701171875;1510,0;2670,0;27000,32421875;2670,479736328125;6282,26806640625;344,5634765625;72,36187744140625;1990,0;1755,0;1866,656005859375;3074,458251953125;209,09681701660156;1534,534423828125;2288538,0
19/03/2025;7155,93310546875;10088,6044921875;4130,0;779,8529663085938;864,4169311523438;1321,5406494140625;3510,1826171875;1565,0;2900,0;27150,05078125;2755,177734375;6694,69140625;345,0578918457031;75,68631744384766;2085,0;1855,0;1923,08984375;3127,891357421875;212,2034149169922;1561,6943359375;2392030,0
20/03/2025;6964,3408203125;9757,8310546875;4115,0;763,505859375;844,4765014648438;1326,2603759765625;3461,020263671875;1585,0;2810,0;26551,150390625;2785,0712890625;6637,14404296875;341,5973815917969;77,12690734863281;2070,0;1835,0;1884,020263671875;3099,11962890625;207,90199279785156;1557,167724609375;2361583,0
21/03/2025;7222,98876953125;10088,6044921875;4255,0;788,50732421875;848,464599609375;1349,859375;3672,41796875;1625,0;2910,0;26126,9296875;2879,73388671875;6819,3779296875;339,1256408691406;81,78111267089844;2145,0;1865,0;1901,384521484375;3201,87548828125;209,09681701660156;1593,380859375;2433538,0
25/03/2025;7328,3642578125;10419,3798828125;4345,0;776,9682006835938;870,3990478515625;1397,0572509765625;3849,40185546875;1615,0;3025,0;26326,5625;2765,142333984375;7087,9326171875;338,6313171386719;85,77043151855469;2220,0;1900,0;1918,748779296875;3255,30859375;210,2916717529297;1584,32763671875;2487680,0
26/03/2025;7165,5126953125;10206,7412109375;4250,0;752,9283447265625;865,4139404296875;1387,61767578125;3741,2451171875;1575,0;2935,0;25278,4921875;2750,195556640625;7001,611328125;329,7329406738281;83,99739837646484;2155,0;1870,0;1879,67919921875;3251,198486328125;206,46817016601562;1584,32763671875;2439966,0
27/03/2025;7002,66064453125;9852,33984375;4185,0;760,62109375;867,407958984375;1406,496826171875;3588,842041015625;1545,0;2875,0;24954,08984375;2730,2666015625;6982,42919921875;322,3176574707031;83,77577209472656;2075,0;1850,0;1866,656005859375;3341,623779296875;212,44236755371094;1579,8009033203125;2412082,0
28/03/2025;7002,66064453125;9639,6982421875;4145,0;769,2754516601562;870,3990478515625;1411,216552734375;3495,433837890625;1510,0;2845,0;24005,83203125;2715,31982421875;6828,96923828125;315,8911437988281;81,67029571533203;2050,0;1840,0;1827,58642578125;3374,505615234375;213,3982391357422;1552,64111328125;2378563,0
31/03/2025;6858,9658203125;9384,5322265625;4045,0;788,50732421875;878,3751831054688;1373,458251953125;3377,444580078125;1455,0;2920,0;23955,923828125;2660,515380859375;6665,91796875;306,4984436035156;79,6756362915039;2010,0;1815,0;1792,8580322265625;3300,521240234375;213,3982391357422;1539,0611572265625;2338761,0
01/04/2025;6945,1826171875;9521,5654296875;4145,0;758,6978759765625;863,419921875;1392,33740234375;3377,444580078125;1485,0;2915,0;23531,70703125;2725,284423828125;6838,56005859375;304,02667236328125;80,5621566772461;2030,0;1810,0;1792,8580322265625;3251,198486328125;211,00856018066406;1570,7476806640625;2356531,0
03/04/2025;6772,74951171875;9280,572265625;3940,0;723,118896484375;812,5718383789062;1401,7769775390625;3239,790283203125;1460,0;2805,0;24554,822265625;2730,2666015625;6445,31884765625;303,03790283203125;75,57550048828125;1950,0;1735,0;1719,0599365234375;3136,11181640625;207,66302490234375;1552,64111328125;2275659,0
04/04/2025;6169,23828125;8496,1669921875;3660,0;711,5797729492188;790,6373901367188;1326,2603759765625;2895,65478515625;1340,0;2640,0;23257,212890625;2580,799560546875;5984,93896484375;289,1960754394531;68,04010772705078;1780,0;1605,0;1610,533447265625;2844,284912109375;204,55642700195312;1511,9012451171875;2107816,0
07/04/2025;5901,009765625;8269,349609375;3510,0;682,73193359375;784,6552734375;1274,3427734375;2816,995361328125;1295,0;2460,0;22633,359375;2550,906005859375;5687,6103515625;275,3542175292969;65,158935546875;1720,0;1525,0;1467,2784423828125;2696,31640625;204,79541015625;1439,474853515625;2025967,0
08/04/2025;5977,64697265625;8430,0107421875;3425,0;653,8840942382812;756,7387084960938;1217,705322265625;2895,65478515625;1255,0;2355,0;22009,505859375;2605,710693359375;5706,79296875;262,9953918457031;60,94798278808594;1620,0;1440,0;1341,3876953125;2494,91455078125;198,58224487304688;1425,8948974609375;1990621,0
09/04/2025;6686,53515625;9734,205078125;3620,0;689,4630737304688;788,6433715820312;1260,183349609375;3323,3662109375;1370,0;2515,0;23182,349609375;2834,8935546875;6723,46533203125;270,9050598144531;66,04544830322266;1735,0;1545,0;1380,457275390625;2745,63916015625;220,32830810546875;1534,534423828125;2182907,0
10/04/2025;6389,568359375;9223,8681640625;3560,0;715,4261474609375;785,6522827148438;1260,183349609375;3156,214599609375;1360,0;2445,0;21934,646484375;2725,284423828125;6119,216796875;263,984130859375;68,37255859375;1725,0;1520,0;1328,364501953125;2651,103759765625;216,26585388183594;1489,2679443359375;2111490,0
11/04/2025;6916,44384765625;9994,0986328125;3730,0;737,5427856445312;816,5599365234375;1335,699951171875;3446,271728515625;1440,0;2670,0;22907,853515625;2989,343017578125;6406,9541015625;263,4897155761719;69,14825439453125;1930,0;1660,0;1415,1856689453125;2790,851806640625;223,91282653808594;1543,5877685546875;2248803,0
14/04/2025;7395,421875;10844,6611328125;3855,0;746,1971435546875;849,4616088867188;1364,0186767578125;3805,156005859375;1430,0;2780,0;23506,751953125;2790,053466796875;6819,3779296875;275,8485412597656;72,14024353027344;1985,0;1775,0;1606,1923828125;3271,749755859375;211,50299072265625;1575,2742919921875;2364950,0
15/04/2025;7098,45556640625;10466,6328125;3740,0;697,1558837890625;804,595703125;1359,2989501953125;3628,171875;1400,0;2695,0;23232,255859375;2680,4443359375;6598,779296875;280,2977600097656;70,14558410644531;2025,0;1775,0;1636,579833984375;3464,930908203125;206,7232666015625;1552,64111328125;2284280,0
16/04/2025;6772,74951171875;10017,7265625;3615,0;661,5768432617188;758,7327270507812;1330,980224609375;3475,76904296875;1320,0;2555,0;22808,037109375;2525,994873046875;6100,0341796875;270,9050598144531;63,718345642089844;1995,0;1695,0;1601,851318359375;3164,883544921875;195,72987365722656;1480,214599609375;2177975,0
21/04/2025;6552,42138671875;9497,939453125;3360,0;571,18701171875;659,0306396484375;1236,58447265625;3357,77978515625;1240,0;2330,0;21510,423828125;2321,72314453125;5630,06298828125;262,50103759765625;58,731693267822266;1855,0;1570,0;1701,6956787109375;2852,50537109375;187,60435485839844;1412,31494140625;2045707,0
22/04/2025;6973,921875;10183,11328125;3570,0;579,8413696289062;656,0396118164062;1326,2603759765625;3623,255615234375;1305,0;2475,0;22084,369140625;2366,563232421875;5917,80029296875;267,9389343261719;63,16427230834961;1880,0;1585,0;1784,1759033203125;2778,52099609375;195,72987365722656;1489,2679443359375;2163891,0
23/04/2025;7261,3076171875;10537,513671875;3660,0;605,8043823242188;696,9174194335938;1307,3812255859375;3741,2451171875;1355,0;2750,0;23057,578125;2471,190185546875;6023,30419921875;284,2525329589844;66,26707458496094;1985,0;1695,0;1936,113037109375;2897,718017578125;201,46556091308594;1507,37451171875;2239402,0
24/04/2025;7261,3076171875;10537,513671875;3640,0;604,8428344726562;687,9442749023438;1312,10107421875;3696,9990234375;1330,0;2840,0;23381,982421875;2421,367919921875;6119,216796875;283,2638854980469;64,82649230957031;1910,0;1720,0;1931,77197265625;3004,584228515625;198,8367156982422;1548,1143798828125;2232745,0
25/04/2025;7290,04638671875;10584,765625;3650,0;619,2667236328125;691,9323120117188;1316,82080078125;3721,580078125;1320,0;2775,0;23581,61328125;2296,81201171875;5994,5302734375;271,89373779296875;61,9453125;1885,0;1690,0;1901,384521484375;3144,332275390625;196,6858367919922;1552,64111328125;2225243,0
28/04/2025;7117,61474609375;10253,9921875;3530,0;626,95947265625;690,935302734375;1260,183349609375;3638,00439453125;1285,0;2755,0;23456,841796875;2336,669921875;5946,57421875;265,9615478515625;61,169612884521484;1845,0;1695,0;1923,08984375;3021,025146484375;193,8179931640625;1498,3212890625;2179249,0
29/04/2025;6983,5;10135,8603515625;3485,0;602,9196166992188;676,97705078125;1250,7437744140625;3620,0;1300,0;2720,0;23631,5234375;2326,705322265625;5889,02685546875;272,8824768066406;60,28309631347656;1870,0;1675,0;1901,384521484375;3033,355712890625;196,92481994628906;1530,0078125;2158848,0
30/04/2025;6887,7041015625;9923,21875;3385,0;579,8413696289062;657,03662109375;1231,8646240234375;3515,0;1260,0;2670,0;24155,556640625;2286,847412109375;5793,1142578125;264,4784240722656;57,955989837646484;1790,0;1610,0;1823,245361328125;3033,355712890625;190,23318481445312;1493,7945556640625;2100844,0
05/05/2025;6686,53515625;9521,5654296875;3355,0;593,3036499023438;657,03662109375;1212,9854736328125;3325,0;1250,0;2665,0;25003,99609375;2256,9541015625;5898,61767578125;266,4559020996094;59,61820983886719;1750,0;1550,0;1831,927490234375;2881,277099609375;186,6483917236328;1507,37451171875;2059932,0
06/05/2025;6801,48828125;9828,712890625;3465,0;609,6507568359375;676,97705078125;1231,8646240234375;3480,0;1290,0;2760,0;25602,896484375;2306,7763671875;6013,712890625;279,80340576171875;63,718345642089844;1845,0;1645,0;1897,04345703125;3025,13525390625;190,9501495361328;1539,0611572265625;2129994,0
07/05/2025;6514,10205078125;9497,939453125;3315,0;600,0348510742188;661,0247192382812;1189,386474609375;3340,0;1265,0;2580,0;25677,7578125;2321,72314453125;5821,8876953125;270,4106750488281;60,61553955078125;1755,0;1715,0;1814,5633544921875;2947,040771484375;189,51625061035156;1516,4278564453125;2059915,0
08/05/2025;6552,42138671875;9568,81640625;3355,0;575,9949951171875;647,06640625;1194,1063232421875;3325,0;1265,0;2590,0;25577,943359375;2331,6875;5917,80029296875;270,9050598144531;59,50739288330078;1730,0;1670,0;1766,8116455078125;2930,599853515625;182,82461547851562;1539,0611572265625;2061722,0
09/05/2025;6547,3857421875;9639,6982421875;3495,0;568,30224609375;629,1200561523438;1241,30419921875;3375,0;1370,0;2660,0;25353,353515625;2401,43896484375;6195,94677734375;270,9050598144531;60,17228317260742;1860,0;1695,0;1823,245361328125;2967,592041015625;180,9127197265625;1584,32763671875;2114386,0
12/05/2025;7039,88720703125;10135,8603515625;3745,0;548,1087646484375;618,15283203125;1260,183349609375;3590,0;1425,0;2760,0;25328,400390625;2456,24365234375;6464,50146484375;281,78082275390625;63,828369140625;1960,0;1705,0;1970,8414306640625;2955,26123046875;186,17042541503906;1602,4342041015625;2230395,0
13/05/2025;7059,20166015625;10183,11328125;3875,0;591,3804931640625;661,0247192382812;1274,3427734375;3625,0;1470,0;2855,0;24405,09765625;2535,95947265625;6598,779296875;307,48712158203125;71,06893157958984;2080,0;1750,0;2118,4375;2934,710205078125;187,8433380126953;1620,540771484375;2285483,0
14/05/2025;6991,6025390625;10253,9921875;3880,0;593,3036499023438;676,97705078125;1269,6229248046875;3600,0;1515,0;2810,0;25128,767578125;2555,88818359375;6675,50927734375;322,81201171875;77,41835021972656;2070,0;1785,0;2261,692626953125;2889,49755859375;194,2959747314453;1588,854248046875;2301643,0
15/05/2025;6933,6611328125;10112,232421875;3830,0;595,2268676757812;681,962158203125;1269,6229248046875;3520,0;1545,0;2855,0;24465,806640625;2575,817138671875;6982,42919921875;313,4193420410156;77,6411361694336;2070,0;1795,0;2426,65283203125;2844,284912109375;194,05699157714844;1602,4342041015625;2298473,0
16/05/2025;7049,544921875;10277,619140625;3860,0;627,9210815429688;728,8220825195312;1260,183349609375;3580,0;1540,0;2885,0;24640,5625;2555,88818359375;6915,2900390625;310,9476013183594;75,74745178222656;2015,0;1760,0;2387,583251953125;2864,836181640625;194,05699157714844;1606,9608154296875;2318360,0
19/05/2025;7146,11376953125;10584,765625;3960,0;618,3051147460938;725,8310546875;1297,941650390625;3790,0;1580,0;2955,0;24540,701171875;2650,55078125;7097,52392578125;313,9137268066406;76,9727783203125;2080,0;1795,0;2448,358154296875;2889,49755859375;195,01292419433594;1629,5941162109375;2369505,0
20/05/2025;7155,77001953125;10513,88671875;3945,0;640,4218139648438;748,7625122070312;1297,941650390625;3845,0;1630,0;3070,0;24191,189453125;2595,74609375;7059,1591796875;313,4193420410156;76,9727783203125;2180,0;1895,0;2391,92431640625;2992,25341796875;194,2959747314453;1665,807373046875;2378464,0
21/05/2025;6991,6025390625;10230,365234375;3805,0;652,9225463867188;758,7327270507812;1283,7823486328125;3670,0;1565,0;3025,0;23042,794921875;2511,048095703125;6838,56005859375;308,4757995605469;72,51704406738281;2090,0;1815,0;2253,010498046875;3033,355712890625;189,27725219726562;1634,1207275390625;2319549,0
22/05/2025;6952,9755859375;10206,7412109375;3765,0;650,0377197265625;759,729736328125;1279,0625;3715,0;1595,0;3095,0;22868,0390625;2421,367919921875;6838,56005859375;311,936279296875;72,96261596679688;2085,0;1845,0;2179,21240234375;2967,592041015625;192,86204528808594;1611,487548828125;2314897,0
23/05/2025;7078,51416015625;10324,873046875;3805,0;652,9225463867188;786,6492919921875;1316,82080078125;3660,0;1585,0;3195,0;23392,306640625;2446,279052734375;6915,2900390625;338,136962890625;73,51958465576172;2110,0;1875,0;2187,89453125;2914,158935546875;200,98757934570312;1616,01416015625;2345902,0
26/05/2025;7078,51416015625;10348,5009765625;3815,0;670,231201171875;805,5927124023438;1321,5406494140625;3685,0;1615,0;3295,0;23267,482421875;2431,332275390625;6982,42919921875;336,1595458984375;74,6335220336914;2145,0;1900,0;2248,66943359375;2885,38720703125;208,63516235351562;1638,6474609375;2370800,0
27/05/2025;6972,28857421875;10253,9921875;3810,0;672,1544189453125;814,5658569335938;1359,2989501953125;3475,0;1610,0;3240,0;23067,759765625;2421,367919921875;6924,88134765625;342,58612060546875;76,19302368164062;2100,0;1870,0;2222,623046875;2794,9619140625;211,02500915527344;1652,2274169921875;2355098,0
28/05/2025;6885,376953125;10017,7265625;3830,0;685,61669921875;827,5271606445312;1378,1781005859375;3345,0;1585,0;3080,0;22967,8984375;2421,367919921875;6934,47265625;350,00140380859375;74,2993392944336;2100,0;1845,0;2309,444091796875;2996,36376953125;208,87413024902344;1634,1207275390625;2344330,0
29/05/2025;6721,20947265625;9545,1904296875;3740,0;686,5783081054688;832,5122680664062;1368,738525390625;3170,0;1620,0;3120,0;22768,1796875;2401,43896484375;6656,32666015625;364,337646484375;70,9575424194336;2020,0;1760,0;2313,78515625;2897,718017578125;212,21995544433594;1652,2274169921875;2308056,0
30/05/2025;6721,20947265625;9568,81640625;3700,0;674,0775756835938;794,62548828125;1354,5791015625;3135,0;1565,0;3045,0;22868,0390625;2346,63427734375;6474,0927734375;357,41668701171875;69,06385040283203;1985,0;1730,0;2344,172607421875;2926,48974609375;210,06906127929688;1643,174072265625;2278992,0
02/06/2025;6547,3857421875;9261,6708984375;3585,0;635,6138305664062;752,7506103515625;1368,738525390625;3045,0;1500,0;2970,0;22793,14453125;2306,7763671875;6416,54541015625;334,18212890625;63,828369140625;1930,0;1680,0;2357,19580078125;2868,9462890625;201,7045440673828;1643,174072265625;2206291,0
03/06/2025;6566,69873046875;9290,0234375;3685,0;623,1130981445312;715,86083984375;1349,859375;3040,0;1505,0;3010,0;22343,771484375;2336,669921875;6464,50146484375;354,9449157714844;65,83345031738281;1930,0;1730,0;2400,6064453125;2877,166748046875;199,31466674804688;1647,70068359375;2224638,0
04/06/2025;6257,677734375;8628,474609375;3455,0;611,573974609375;702,8995361328125;1349,859375;2830,0;1435,0;2990,0;21145,4453125;2291,82958984375;6234,3115234375;355,4393005371094;66,72459411621094;1825,0;1665,0;2200,917724609375;2897,718017578125;195,4908905029297;1620,540771484375;2126915,0
05/06/2025;6286,6484375;8552,8701171875;3505,0;614,458740234375;705,890625;1274,3427734375;2840,0;1470,0;2895,0;20496,353515625;2251,9716796875;6260,0;359,39410400390625;64,71951293945312;1830,0;1650,0;2140,142822265625;2844,284912109375;197,4027862548828;1584,32763671875;2124156,0
06/06/2025;6402,53076171875;8694,6298828125;3550,0;620,2283325195312;704,8936157226562;1264,9031982421875;2920,0;1490,0;2880,0;20571,248046875;2351,616455078125;6390,0;359,888427734375;66,05623626708984;1895,0;1635,0;2057,66259765625;2815,51318359375;200,74859619140625;1620,540771484375;2156778,0
09/06/2025;6267,33447265625;8562,3203125;3500,0;599,0732421875;675,97998046875;1246,0240478515625;2850,0;1455,0;2845,0;20596,212890625;2256,9541015625;6250,0;360,3828430175781;63,939762115478516;1830,0;1575,0;2018,5931396484375;2745,63916015625;193,8179931640625;1570,7476806640625;2111197,0
10/06/2025;6605,326171875;8930,8974609375;3630,0;610,6123657226562;687,9442749023438;1274,3427734375;2990,0;1510,0;2930,0;21170,41015625;2406,421142578125;6470,0;365,3263244628906;65,16508483886719;1900,0;1645,0;2140,142822265625;2770,300537109375;199,5536651611328;1616,01416015625;2202667,0
11/06/2025;6460,47314453125;8770,234375;3625,0;612,5355834960938;683,9561767578125;1222,425048828125;2845,0;1470,0;2865,0;21070,55078125;2286,847412109375;6590,0;359,888427734375;64,16254425048828;1860,0;1610,0;2157,507080078125;2729,1982421875;199,31466674804688;1539,0611572265625;2171272,0
12/06/2025;6460,47314453125;8798,587890625;3645,0;619,2667236328125;685,9501953125;1236,58447265625;2860,0;1495,0;2945,0;20646,142578125;2316,740966796875;6750,0;362,8545837402344;64,94229888916016;1850,0;1630,0;2213,94091796875;2692,2060546875;202,89947509765625;1548,1143798828125;2187671,0
13/06/2025;6305,96142578125;8382,7568359375;3565,0;597,1500244140625;656,0396118164062;1184,666748046875;2705,0;1465,0;2770,0;21345,16796875;2266,91845703125;6400,0;354,4505615234375;61,600502014160156;1740,0;1570,0;2239,9873046875;2585,33984375;192,86204528808594;1493,7945556640625;2127156,0
17/06/2025;6199,73583984375;8203,1923828125;3475,0;572,1486206054688;630,1170654296875;1222,425048828125;2605,0;1410,0;2665,0;21395,09765625;2197,167236328125;6340,0;341,5973815917969;59,038455963134766;1680,0;1490,0;2205,2587890625;2466,14306640625;194,05699157714844;1480,214599609375;2072440,0
18/06/2025;6122,48046875;8155,9404296875;3410,0;564,4558715820312;626,1289672851562;1203,5458984375;2555,0;1430,0;2705,0;20870,830078125;2147,3447265625;6500,0;330,227294921875;57,924522399902344;1690,0;1510,0;2096,732177734375;2425,04052734375;189,51625061035156;1457,5814208984375;2050983,0
19/06/2025;6151,45166015625;8184,29248046875;3430,0;568,30224609375;620,1468505859375;1222,425048828125;2560,0;1440,0;2770,0;21170,41015625;2142,362548828125;6620,0;331,216064453125;57,924522399902344;1695,0;1520,0;2096,732177734375;2429,15087890625;191,6671142578125;1466,6346435546875;2064099,0
23/06/2025;5803,80224609375;7759,0126953125;3360,0;543,30078125;582,2600708007812;1189,386474609375;2480,0;1360,0;2635,0;20721,0390625;2102,504638671875;6110,0;310,9476013183594;54,35993576049805;1595,0;1465,0;1944,795166015625;2326,394775390625;187,12637329101562;1502,847900390625;1977116,0
24/06/2025;6074,1962890625;8240,9970703125;3425,0;583,687744140625;627,1259765625;1212,9854736328125;2725,0;1430,0;2780,0;21594,818359375;2172,255859375;6330,0;320,34027099609375;56,58780288696289;1645,0;1525,0;1988,2056884765625;2544,237548828125;194,05699157714844;1530,0078125;2064590,0
25/06/2025;6006,59814453125;8089,78564453125;3350,0;591,3804931640625;654,0455322265625;1217,705322265625;2655,0;1385,0;2675,0;21644,748046875;2117,451416015625;6120,0;317,8685302734375;55,13969039916992;1595,0;1465,0;1905,7255859375;2453,812255859375;191,1891326904297;1520,9544677734375;2024393,0
26/06/2025;6025,912109375;8127,5888671875;3380,0;601,9580078125;687,9442749023438;1217,705322265625;2665,0;1410,0;2685,0;21370,1328125;2107,48681640625;6240,0;314,90234375;55,25108337402344;1605,0;1465,0;1836,2685546875;2449,701904296875;190,23318481445312;1534,534423828125;2038948,0
27/06/2025;5996,94140625;8140,08447265625;3390,0;605,8043823242188;703,8966064453125;1222,425048828125;2640,0;1425,0;2720,0;21120,48046875;2117,451416015625;6280,0;312,4306335449219;55,36247634887695;1665,0;1465,0;1827,58642578125;2441,4814453125;189,51625061035156;1525,481201171875;2041078,0
30/06/2025;5871,4013671875;7997,44384765625;3345,0;592,3421020507812;716,8578491210938;1227,1448974609375;2560,0;1410,0;2650,0;20471,390625;2122,43359375;6260,0;306,9927673339844;52,80043029785156;1600,0;1440,0;1792,8580322265625;2388,04833984375;183,30259704589844;1525,481201171875;1994825,0
01/07/2025;5977,62744140625;8102,04638671875;3395,0;588,4957275390625;713,8668212890625;1264,9031982421875;2620,0;1455,0;2780,0;20521,31640625;2167,273681640625;6400,0;322,81201171875;53,35739517211914;1615,0;1460,0;1736,4241943359375;2309,953857421875;185,69244384765625;1620,540771484375;2031093,0
02/07/2025;6016,25439453125;8149,5947265625;3500,0;613,4971313476562;733,8071899414062;1274,3427734375;2635,0;1460,0;2785,0;20770,96875;2212,11376953125;6520,0;336,6539306640625;54,91690444946289;1630,0;1500,0;1827,58642578125;2379,827880859375;189,51625061035156;1625,0675048828125;2063027,0
03/07/2025;6045,2255859375;8102,04638671875;3600,0;621,1898803710938;723,8369750976562;1274,3427734375;2635,0;1445,0;2825,0;20920,759765625;2202,1494140625;6660,0;340,1143798828125;54,24854278564453;1630,0;1535,0;1914,40771484375;2412,7099609375;189,03826904296875;1656,7540283203125;2078161,0
04/07/2025;6035,5693359375;8159,103515625;3620,0;622,1514892578125;722,8399658203125;1288,5020751953125;2640,0;1425,0;2820,0;20970,69140625;2192,184814453125;6760,0;341,10308837890625;53,023216247558594;1630,0;1565,0;1931,77197265625;2416,820068359375;185,69244384765625;1647,70068359375;2078697,0
07/07/2025;5978,54736328125;8006,95166015625;3545,0;613,4971313476562;710,875732421875;1297,941650390625;2590,0;1440,0;2750,0;21120,48046875;2182,220458984375;6750,0;331,71038818359375;51,01813888549805;1600,0;1500,0;1831,927490234375;2367,497314453125;182,58563232421875;1665,807373046875;2049934,0
08/07/2025;6172,3427734375;8415,8583984375;3780,0;600,9963989257812;695,92041015625;1302,6614990234375;2755,0;1490,0;2880,0;21519,921875;2251,9716796875;7030,0;335,17083740234375;51,46371078491211;1740,0;1520,0;1901,384521484375;2425,04052734375;188,32130432128906;1661,2806396484375;2129786,0
10/07/2025;5997,92724609375;8149,5947265625;3605,0;604,8428344726562;680,965087890625;1288,5020751953125;2645,0;1455,0;2730,0;21020,619140625;2197,167236328125;6710,0;332,6990966796875;51,68649673461914;1650,0;1475,0;1844,95068359375;2375,7177734375;188,560302734375;1661,2806396484375;2068736,0
11/07/2025;5813,8232421875;7902,3486328125;3495,0;598,1116333007812;680,965087890625;1255,463623046875;2530,0;1395,0;2700,0;20895,794921875;2137,38037109375;6290,0;330,227294921875;50,34977722167969;1590,0;1510,0;1901,384521484375;2375,7177734375;183,5415802001953;1611,487548828125;2007433,0
14/07/2025;5891,34130859375;8016,46240234375;3705,0;632,7290649414062;726,8280639648438;1279,0625;2580,0;1440,0;2745,0;21131,701171875;2202,1494140625;6570,0;331,216064453125;52,02067565917969;1620,0;1510,0;1940,4541015625;2363,386962890625;183,5415802001953;1679,38720703125;2064025,0
15/07/2025;5891,34130859375;7987,93408203125;3715,0;629,84423828125;714,8638305664062;1316,82080078125;2580,0;1450,0;2755,0;21331,529296875;2306,7763671875;6600,0;330,7216796875;52,24346160888672;1620,0;1480,0;2031,6163330078125;2359,27685546875;186,17042541503906;1692,9671630859375;2075072,0
16/07/2025;5736,3056640625;7617,06591796875;3590,0;625,0362548828125;703,8966064453125;1316,82080078125;2470,0;1435,0;2680,0;21731,18359375;2281,865234375;6510,0;330,7216796875;51,12953186035156;1555,0;1465,0;2070,685791015625;2338,7255859375;186,88739013671875;1679,38720703125;2027274,0
17/07/2025;5930,09912109375;7940,38671875;3635,0;618,3051147460938;696,9174194335938;1335,699951171875;2555,0;1465,0;2700,0;22130,837890625;2311,758544921875;6690,0;330,7216796875;51,90928268432617;1590,0;1450,0;2144,48388671875;2359,27685546875;184,73651123046875;1738,2337646484375;2066134,0
18/07/2025;5910,720703125;7959,40576171875;3695,0;631,7674560546875;720,845947265625;1330,980224609375;2515,0;1475,0;2735,0;21756,162109375;2341,652099609375;6730,0;333,6877746582031;51,01813888549805;1625,0;1450,0;2070,685791015625;2445,591796875;185,2144775390625;1720,1270751953125;2075286,0
21/07/2025;5852,58203125;7968,9140625;3585,0;606,7659912109375;705,890625;1297,941650390625;2465,0;1460,0;2740,0;21306,55078125;2311,758544921875;6600,0;330,227294921875;49,34723663330078;1580,0;1440,0;2022,9342041015625;2367,497314453125;182,10765075683594;1715,6004638671875;2042466,0
22/07/2025;5842,892578125;7940,38671875;3520,0;593,3036499023438;686,947265625;1293,221923828125;2450,0;1445,0;2670,0;21506,376953125;2242,00732421875;6480,0;325,7781677246094;47,67633819580078;1525,0;1410,0;1979,5235595703125;2297,623291015625;182,82461547851562;1661,2806396484375;2010482,0
23/07/2025;6036,6865234375;8168,6142578125;3670,0;597,1500244140625;688,9412841796875;1335,699951171875;2525,0;1500,0;2805,0;22455,5546875;2306,7763671875;6720,0;327,7555847167969;49,4586296081543;1595,0;1395,0;2031,6163330078125;2404,4892578125;184,258544921875;1715,6004638671875;2083677,0
24/07/2025;6298,30908203125;8491,9345703125;3780,0;606,7659912109375;689,9382934570312;1354,5791015625;2605,0;1520,0;2955,0;22380,62109375;2351,616455078125;6860,0;327,7555847167969;49,4586296081543;1635,0;1420,0;2057,66259765625;2420,930419921875;184,258544921875;1747,2869873046875;2135087,0
25/07/2025;6433,96533203125;8739,1796875;3840,0;634,6522216796875;708,8817138671875;1392,33740234375;2660,0;1565,0;3010,0;22780,275390625;2436,314697265625;7150,0;349,0291442871094;51,68649673461914;1715,0;1455,0;2209,599853515625;2503,135009765625;184,258544921875;1801,6068115234375;2197099,0
28/07/2025;6414,5849609375;8682,123046875;3875,0;632,7290649414062;705,890625;1420,6561279296875;2605,0;1585,0;3110,0;23030,05859375;2461,225830078125;7220,0;349,5242004394531;56,14222717285156;1855,0;1560,0;2279,056884765625;2593,560302734375;185,69244384765625;1810,66015625;2213570,0
29/07/2025;6618,06884765625;9068,5908203125;4070,0;639,460205078125;719,8489379882812;1463,13427734375;2860,0;1650,0;3145,0;23279,84375;2511,048095703125;7750,0;356,95037841796875;61,377716064453125;1930,0;1645,0;2344,172607421875;2601,78076171875;191,90609741210938;1901,193115234375;2304343,0
30/07/2025;6637,44873046875;9011,1953125;4110,0;667,346435546875;747,7655029296875;1430,095703125;2830,0;1635,0;3150,0;23354,779296875;2491,119140625;7720,0;358,435546875;59,818206787109375;1895,0;1610,0;2352,854736328125;2515,4658203125;193,34002685546875;1869,506591796875;2306756,0
31/07/2025;6656,82763671875;9030,328125;4115,0;669,2695922851562;784,6552734375;1430,095703125;2825,0;1650,0;3175,0;23429,7109375;2496,1015625;7820,0;360,9110412597656;58,48148727416992;1940,0;1550,0;2279,056884765625;2527,796630859375;197,4027862548828;1819,71337890625;2319511,0
01/08/2025;6482,4140625;8762,4794921875;4065,0;649,076171875;771,6939697265625;1401,7769775390625;2725,0;1650,0;3185,0;23329,80078125;2471,190185546875;7710,0;356,95037841796875;55,808048248291016;1930,0;1480,0;2326,808349609375;2482,583984375;194,53494262695312;1792,553466796875;2278849,0
04/08/2025;6482,4140625;8934,66796875;4050,0;628,8826904296875;742,7803955078125;1420,6561279296875;2820,0;1620,0;3190,0;24254,0;2511,048095703125;7710,0;360,9110412597656;56,25362014770508;1975,0;1500,0;2313,78515625;2556,568115234375;191,1891326904297;1860,4532470703125;2287329,0
05/08/2025;6647,138671875;9326,875;4180,0;622,1514892578125;722,8399658203125;1448,974853515625;2980,0;1645,0;3255,0;24254,0;2535,95947265625;7890,0;362,39617919921875;58,48148727416992;2015,0;1510,0;2404,947509765625;2527,796630859375;196,20785522460938;1874,033203125;2346867,0
06/08/2025;6850,6220703125;9613,8564453125;4385,0;610,6123657226562;722,8399658203125;1463,13427734375;3115,0;1725,0;3340,0;24778,544921875;2600,728515625;7900,0;366,3568420410156;62,04607391357422;2075,0;1610,0;2439,676025390625;2610,001220703125;199,31466674804688;1937,4063720703125;2415041,0
07/08/2025;6647,97216796875;9231,21484375;4135,0;592,3421020507812;724,8340454101562;1401,7769775390625;3015,0;1720,0;3290,0;24428,84765625;2600,728515625;7770,0;374,27801513671875;60,9321403503418;1920,0;1675,0;2305,10302734375;2671,65478515625;196,20785522460938;1923,826416015625;2349021,0
08/08/2025;6589,65625;9059,02734375;3980,0;608,689208984375;727,8250732421875;1382,8978271484375;2925,0;1675,0;3035,0;24179,064453125;2680,4443359375;7550,0;368,83221435546875;60,709354400634766;1895,0;1670,0;2239,9873046875;2552,4580078125;198,1197509765625;1887,6131591796875;2300926,0
11/08/2025;6589,65625;9049,458984375;4000,0;615,4203491210938;711,8727416992188;1406,496826171875;2925,0;1695,0;3005,0;23729,453125;2680,4443359375;7670,0;371,3075866699219;61,377716064453125;1885,0;1750,0;2183,553466796875;2577,119384765625;195,4908905029297;1910,2464599609375;2303302,0
12/08/2025;6677,12939453125;9183,3837890625;4045,0;607,7276000976562;721,8429565429688;1415,9364013671875;2910,0;1675,0;3015,0;23005,080078125;2735,248779296875;7710,0;361,40606689453125;59,37263488769531;1960,0;1795,0;2248,66943359375;2577,119384765625;194,53494262695312;1955,512939453125;2311836,0
13/08/2025;6638,2529296875;9011,1953125;4030,0;600,0348510742188;711,8727416992188;1392,33740234375;2875,0;1630,0;2885,0;22405,599609375;2785,0712890625;7600,0;354,4750061035156;60,900001525878906;1940,0;1755,0;2296,4208984375;2523,686279296875;195,72987365722656;1919,2996826171875;2287631,0
14/08/2025;6268,9208984375;8647,6875;3910,0;585,6109008789062;705,890625;1330,980224609375;2600,0;1555,0;2815,0;21606,291015625;2555,88818359375;7350,0;342,0980529785156;58,79999923706055;1805,0;1650,0;2179,21240234375;2408,599609375;186,88739013671875;1846,873291015625;2188543,0
18/08/2025;6200,88623046875;8819,8740234375;3900,0;581,7645263671875;704,8936157226562;1349,859375;2635,0;1520,0;2740,0;20981,833984375;2600,728515625;7390,0;345,0684814453125;60,099998474121094;1820,0;1605,0;2287,739013671875;2400,379150390625;185,9314422607422;1819,71337890625;2198382,0
19/08/2025;5899,5888671875;8188,51806640625;3700,0;574,07177734375;680,965087890625;1307,3812255859375;2475,0;1435,0;2635,0;20757,02734375;2411,4033203125;7040,0;347,0487976074219;55,900001525878906;1695,0;1525,0;2222,623046875;2330,505126953125;185,69244384765625;1747,2869873046875;2092206,0
20/08/2025;5870,431640625;8312,8759765625;3715,0;559,6478881835938;676,97705078125;1307,3812255859375;2440,0;1435,0;2665,0;20457,287109375;2401,43896484375;7130,0;343,58331298828125;53,29999923706055;1605,0;1465,0;2205,2587890625;2351,056396484375;181,6296844482422;1774,4468994140625;2081951,0
21/08/2025;5919,02734375;8322,4423828125;3755,0;574,07177734375;675,97998046875;1345,1395263671875;2440,0;1465,0;2720,0;20607,15625;2466,2080078125;7460,0;345,0684814453125;52,900001525878906;1615,0;1480,0;2266,03369140625;2375,7177734375;183,0635986328125;1788,02685546875;2103163,0
22/08/2025;5870,431640625;8389,4033203125;3750,0;576,95654296875;689,9382934570312;1382,8978271484375;2415,0;1460,0;2705,0;20582,177734375;2431,332275390625;7420,0;340,1177978515625;52,099998474121094;1575,0;1475,0;2279,056884765625;2367,497314453125;182,82461547851562;1815,186767578125;2106200,0
25/08/2025;5588,5732421875;7844,14013671875;3610,0;580,8029174804688;709,8787231445312;1345,1395263671875;2210,0;1395,0;2690,0;19633,0;2351,616455078125;7130,0;314,3310546875;47,349998474121094;1470,0;1390,0;2144,48388671875;2227,7490234375;181,6296844482422;1801,6068115234375;2021852,0
26/08/2025;5491,3798828125;7729,3486328125;3685,0;566,3790283203125;722,8399658203125;1345,1395263671875;2250,0;1445,0;2700,0;19508,109375;2386,4921875;7360,0;319,2889709472656;46,650001525878906;1480,0;1375,0;2200,917724609375;2404,4892578125;177,805908203125;1792,553466796875;2033345,0
27/08/2025;5267,8369140625;7368,189453125;3590,0;562,5326538085938;734,80419921875;1316,82080078125;2150,0;1400,0;2550,0;18858,669921875;2281,865234375;7270,0;317,80157470703125;43,900001525878906;1435,0;1305,0;2105,414306640625;2244,190185546875;173,504150390625;1747,2869873046875;1974151,0
28/08/2025;5219,24072265625;7637,875;3675,0;551,9551391601562;694,9234008789062;1316,82080078125;2135,0;1460,0;2505,0;19108,453125;2371,54541015625;7400,0;326,725830078125;44,29999923706055;1500,0;1285,0;2053,321533203125;2268,8515625;178,76185607910156;1806,1334228515625;1997379,0
29/08/2025;5151,2060546875;7531,92724609375;3645,0;548,1087646484375;720,845947265625;1279,0625;2105,0;1445,0;2530,0;18608,88671875;2426,35009765625;7360,0;326,2300720214844;42,349998474121094;1455,0;1260,0;2066,3447265625;2248,30029296875;184,01956176757812;1806,1334228515625;1984845,0
01/09/2025;5054,013671875;7377,82177734375;3535,0;555,801513671875;746,7684936523438;1250,7437744140625;2085,0;1400,0;2445,0;18234,2109375;2321,72314453125;7100,0;319,7847595214844;40,900001525878906;1410,0;1200,0;2031,6163330078125;2083,890869140625;177,805908203125;1729,180419921875;1939743,0
02/09/2025;5267,8369140625;7637,875;3610,0;531,7616577148438;735,80126953125;1274,3427734375;2125,0;1410,0;2540,0;18159,275390625;2321,72314453125;7210,0;319,2889709472656;40,75;1430,0;1190,0;1988,2056884765625;2038,67822265625;175,65501403808594;1783,500244140625;1975730,0
03/09/2025;5141,4873046875;7435,61083984375;3610,0;519,2609252929688;697,9144897460938;1231,8646240234375;2055,0;1380,0;2495,0;17784,599609375;2256,9541015625;7000,0;310,36474609375;39,70000076293945;1415,0;1185,0;1965,0;1890,7095947265625;173,26516723632812;1724,65380859375;1933987,0
04/09/2025;5384,46826171875;7714,92724609375;3725,0;509,64495849609375;693,9263916015625;1250,7437744140625;2160,0;1415,0;2510,0;17809,578125;2276,883056640625;7240,0;306,89422607421875;38,900001525878906;1480,0;1195,0;1970,0;1944,1427001953125;176,84996032714844;1751,813720703125;1990320,0
05/09/2025;5425,3583984375;7840,13916015625;3760,0;490,4130859375;683,9561767578125;1260,183349609375;2215,0;1395,0;2490,0;17709,6640625;2341,652099609375;7270,0;308,8774108886719;38,79999923706055;1515,0;1240,0;1920,0;1989,3553466796875;176,37197875976562;1797,0802001953125;1997624,0
08/09/2025;4332,48095703125;6313,52685546875;3267,5;490,4130859375;694,4248657226562;1199,77001953125;1758,0;1262,0;2293,0;16460,748046875;2049,69287109375;6170,0;286,0710144042969;34,7599983215332;1258,0;1130,0;1883,0;1890,7095947265625;151,75637817382812;1655,8486328125;1732924,0
09/09/2025;4220,26611328125;6072,7373046875;3372,5;500,0290222167969;691,9323120117188;1169,5634765625;1669,0;1230,0;2286,0;17010,271484375;2050,689208984375;6340,0;283,0962829589844;33,29999923706055;1259,0;1110,0;1936,0;1944,1427001953125;152,4733428955078;1623,2568359375;1728447,0
10/09/2025;4503,24267578125;6544,68603515625;3580,0;530,3192749023438;699,9085083007812;1206,3778076171875;1792,0;1295,0;2311,0;18009,40625;2136,3837890625;6730,0;285,8231201171875;34,279998779296875;1351,0;1155,0;2037,0;2293,512939453125;156,297119140625;1678,48193359375;1825228,0
11/09/2025;4412,98291015625;6405,02734375;3587,5;529,357666015625;679,9680786132812;1201,657958984375;1704,0;1310,0;2277,0;17709,6640625;2114,4619140625;6515,0;283,34417724609375;34,13999938964844;1297,0;1140,0;2001,0;2445,0;157,7310333251953;1643,174072265625;1805182,0
12/09/2025;4303,20703125;6183,5009765625;3512,5;519,2609252929688;664,0157470703125;1183,7227783203125;1614,0;1260,0;2240,0;16920,96484375;2080,582763671875;6295,0;271,9409484863281;33,209999084472656;1248,0;1100,0;1906,0;2280,0;157,97003173828125;1591,5701904296875;1759874,0
15/09/2025;4200,75;6096,81591796875;3545,0;534,1656494140625;665,0127563476562;1209,2095947265625;1599,0;1242,0;2243,0;16970,953125;2106,490478515625;6310,0;258,0589294433594;32,400001525878906;1235,0;1070,0;1809,0;2245,0;157,49205017089844;1590,6649169921875;1748702,0
16/09/2025;4332,48095703125;6188,31640625;3637,5;549,5511474609375;682,4606323242188;1226,200927734375;1622,0;1272,0;2253,0;17295,875;2135,387451171875;6540,0;259,5462341308594;32,869998931884766;1260,0;1090,0;1808,0;2295,0;161,31582641601562;1594,2862548828125;1788269,0
17/09/2025;4300,767578125;6173,86865234375;3595,0;548,5895385742188;686,947265625;1291,333984375;1672,0;1251,0;2220,0;17045,935546875;2121,43701171875;6570,0;262,5210266113281;33,06999969482422;1244,0;1065,0;1748,0;2410,0;162,0327911376953;1624,162109375;1783520,0
18/09/2025;4093,4140625;5928,26220703125;3507,5;522,62646484375;657,53515625;1287,55810546875;1574,0;1204,0;2211,0;15896,208984375;2013,82080078125;6285,0;241,20199584960938;30,200000762939453;1166,0;992,5;1556,0;2335,0;143,39186096191406;1607,8662109375;1695530,0
19/09/2025;3988,51708984375;5827,130859375;3572,5;529,8384399414062;651,0545043945312;1302,6614990234375;1551,0;1203,0;2229,0;15996,185546875;2079,58642578125;6390,0;242,44146728515625;29,34000015258789;1176,0;952,5;1475,0;2300,0;142,4359130859375;1679,38720703125;1683960,0
22/09/2025;4495,92431640625;6554,3173828125;3677,5;523,1072998046875;641,0842895507812;1289,446044921875;1797,0;1253,0;2344,0;16870,9765625;2127,415771484375;6560,0;275,4115295410156;35,18000030517578;1322,0;1100,0;1788,0;2505,0;162,49237060546875;1652,2274169921875;1811039,0
23/09/2025;4366,63330078125;6549,501953125;3680,0;537,0504150390625;637,5947265625;1254,5196533203125;1742,0;1281,0;2242,0;16945,958984375;2094,532958984375;6385,0;293,260009765625;36,70000076293945;1335,0;1165,0;1912,0;2690,0;175,49176025390625;1606,9608154296875;1815382,0
24/09/2025;4461,7724609375;6583,21240234375;3677,5;555,801513671875;660,5261840820312;1254,5196533203125;1778,0;1371,0;2227,0;17395,8515625;2103,5009765625;6435,0;301,8707580566406;36,68000030517578;1330,0;1230,0;2179,0;2700,0;182,7414093017578;1656,7540283203125;1843319,0
25/09/2025;4178,794921875;6356,86962890625;3572,5;533,2040405273438;643,0783081054688;1244,1361083984375;1641,0;1316,0;2192,0;16296,1142578125;2077,593505859375;6325,0;298,6435546875;33,150001525878906;1243,0;1160,0;1989,0;2420,0;176,74169921875;1606,9608154296875;1767848,0
26/09/2025;4234,90234375;6382,1845703125;3637,5;545,2239379882812;660,5261840820312;1267,7349853515625;1581,0;1272,0;2243,0;16146,1494140625;2151,33056640625;6435,0;307,33221435546875;31,170000076293945;1211,0;1145,0;1859,0;2305,0;182,7414093017578;1584,32763671875;1791046,0
29/09/2025;4291,01025390625;6396,75634765625;3597,5;560,6094970703125;686,947265625;1299,82958984375;1591,0;1243,0;2251,0;15571,287109375;2181,223876953125;6415,0;305,0979919433594;31,450000762939453;1209,0;1120,0;1858,0;2275,0;183,99136352539062;1638,6474609375;1793185,0
30/09/2025;4147,08251953125;6260,75830078125;3682,5;554,359130859375;693,9263916015625;1333,81201171875;1517,0;1236,0;2255,0;15046,412109375;2227,060546875;6470,0;299,38824462890625;29,899999618530273;1191,0;1080,0;1799,0;2235,0;178,4916229248047;1634,1207275390625;1773440,0
01/10/2025;4088,53466796875;6119,90380859375;3660,0;594,2652587890625;729,3206176757812;1350,80322265625;1465,0;1221,0;2227,0;15246,3642578125;2260,939697265625;6375,0;297,4022521972656;30,170000076293945;1172,0;1060,0;1812,0;2215,0;175,2417755126953;1629,5941162109375;1764590,0
02/10/2025;4232,462890625;6285,04345703125;3750,0;610,131591796875;751,2550659179688;1381,0098876953125;1554,0;1247,0;2307,0;15246,3642578125;2297,808349609375;6460,0;298,14703369140625;31,31999969482422;1216,0;1125,0;1903,0;2270,0;179,49156188964844;1643,174072265625;1808661,0
03/10/2025;4269,0546875;6338,4716796875;3707,5;632,2482299804688;756,7387084960938;1353,6351318359375;1531,0;1214,0;2273,0;15646,2685546875;2270,904296875;6425,0;292,685546875;32,4900016784668;1191,0;1135,0;1929,0;2230,0;180,2415313720703;1593,380859375;1805024,0
06/10/2025;4264,17578125;6425,8984375;3680,0;613,4971313476562;734,3057250976562;1324,3724365234375;1550,0;1192,0;2302,0;15471,310546875;2284,8544921875;6445,0;286,2310791015625;32,040000915527344;1181,0;1170,0;1917,0;2190,0;180,2415313720703;1579,8009033203125;1802570,0
07/10/2025;4256,6396484375;6430,755859375;3730,0;583,2069091796875;696,4189453125;1364,0186767578125;1515,0;1200,0;2336,0;15421,322265625;2247,986083984375;6465,0;283,7485656738281;31,299999237060547;1206,0;1140,0;1922,0;2180,0;175,7417449951172;1593,380859375;1793952,0
08/10/2025;4310,5830078125;6581,32470703125;3772,5;598,1116333007812;716,8578491210938;1380,06591796875;1544,0;1231,0;2403,0;15471,310546875;2230,0498046875;6530,0;287,7205810546875;30,979999542236328;1264,0;1120,0;1934,0;2215,0;174,9917755126953;1575,2742919921875;1819464,0
09/10/2025;4678,38037109375;7237,02880859375;3860,0;600,9963989257812;718,3533935546875;1401,7769775390625;1730,0;1325,0;2456,0;16296,1142578125;2270,904296875;6810,0;297,4022521972656;33,900001525878906;1337,0;1200,0;2125,0;2345,0;191,99098205566406;1597,9075927734375;1924930,0
13/10/2025;4837,7587890625;7441,02587890625;3890,0;584,6493530273438;690,4368286132812;1360,2427978515625;1898,0;1364,0;2398,0;16521,060546875;2250,975341796875;6905,0;322,9718933105469;34,41999816894531;1452,0;1250,0;2211,0;2325,0;197,24073791503906;1593,380859375;1958155,0
14/10/2025;4602,369140625;7217,60009765625;3770,0;570,7062377929688;689,9382934570312;1329,09228515625;1751,0;1329,0;2310,0;15771,2392578125;2187,20263671875;6640,0;311,30426025390625;32,189998626708984;1404,0;1130,0;2006,0;2250,0;188,2411651611328;1566,220947265625;1884774,0
15/10/2025;4705,3515625;7416,740234375;3857,5;561,0902709960938;702,8995361328125;1335,699951171875;1830,0;1446,0;2321,0;15771,2392578125;2204,142333984375;6630,0;307,083984375;32,18000030517578;1421,0;1155,0;1999,0;2310,0;180,9915008544922;1570,7476806640625;1912739,0
16/10/2025;4759,29541015625;7552,73828125;3847,5;587,0532836914062;735,80126953125;1340,4197998046875;1843,0;1450,0;2332,0;15521,298828125;2273,8935546875;6590,0;312,7937316894531;31,610000610351562;1391,0;1105,0;1943,0;2270,0;179,74156188964844;1566,220947265625;1929505,0
17/10/2025;4864,72998046875;7960,73193359375;3927,5;615,4203491210938;794,126953125;1397,0572509765625;1953,0;1481,0;2402,0;15671,2626953125;2422,3642578125;6835,0;313,29022216796875;31,790000915527344;1434,0;1110,0;1961,0;2410,0;181,74147033691406;1616,01416015625;1989555,0
20/10/2025;4913,7705078125;8004,44580078125;3770,0;627,4402465820312;849,4616088867188;1407,440673828125;1929,0;1467,0;2387,0;15671,2626953125;2385,495849609375;6840,0;315,7726745605469;32,0099983215332;1398,0;1095,0;1892,0;2405,0;178,74160766601562;1602,4342041015625;1978419,0
21/10/2025;5016,7529296875;8291,0126953125;3822,5;620,7091064453125;881,3662719726562;1413,1044921875;2001,0;1431,0;2460,0;15696,2568359375;2347,630859375;6885,0;314,7796936035156;31,93000030517578;1379,0;1095,0;1851,0;2510,0;182,24143981933594;1656,7540283203125;2002849,0
22/10/2025;5203,10400390625;8640,720703125;3865,0;598,5924682617188;829,022705078125;1401,7769775390625;1942,0;1438,0;2479,0;15521,298828125;2306,7763671875;7010,0;314,0349426269531;32,150001525878906;1412,0;1105,0;1839,0;2520,0;182,9914093017578;1656,7540283203125;2018811,0
23/10/2025;5315,89501953125;8781,5771484375;3892,5;577,9181518554688;791,1359252929688;1381,953857421875;2129,0;1492,0;2527,5;15696,2568359375;2352,613037109375;7045,0;317,51043701171875;32,56999969482422;1460,0;1155,0;1819,0;2580,0;183,99136352539062;1692,9671630859375;2055520,0
24/10/2025;5443,3984375;8752,43359375;3920,0;566,8598022460938;800,1090698242188;1381,0098876953125;2127,0;1499,0;2505,0;15596,2802734375;2454,250732421875;7050,0;317,26220703125;33,13999938964844;1509,0;1195,0;1886,0;2530,0;191,4910125732422;1670,333984375;2076859,0
27/10/2025;6953,81884765625;11258,6806640625;4522,5;566,8598022460938;809,5807495117188;1635,87841796875;2912,5;1926,0;3015,0;18020,703125;3158,7392578125;8960,0;362,03302001953125;41,290000915527344;1929,0;1455,0;2442,0;2775,0;223,98947143554688;2027,9393310546875;2529084,0
28/10/2025;7512,87060546875;11987,2392578125;4620,0;594,74609375;880,3692626953125;1660,4329833984375;3170,0;2024,0;3112,5;19170,427734375;3280,803955078125;9200,0;385,157470703125;46,81999969482422;2115,0;1620,0;2630,0;3000,0;239,48875427246094;2032,4659423828125;2670388,0
29/10/2025;7738,45263671875;12316,349609375;4915,0;675,5199584960938;928,7247314453125;1661,35302734375;3440,0;2139,0;3167,5;20395,13671875;3230,981689453125;9400,0;401,3196105957031;55,70000076293945;2366,0;1770,0;2695,0;3505,0;271,48724365234375;2046,0458984375;2801881,0
30/10/2025;7851,24365234375;12306,5908203125;4847,5;694,7518920898438;931,7158203125;1609,838134765625;3347,5;2139,0;3095,0;21144,95703125;3156,248046875;9120,0;401,0709533691406;55,29999923706055;2284,0;1705,0;2702,5;3465,0;278,9869079589844;2005,3060302734375;2793520,0
31/10/2025;8675,109375;13184,935546875;5155,0;701,0022583007812;983,5609130859375;1717,46728515625;3770,0;2344,0;3322,5;23069,498046875;3367,9931640625;9390,0;441,8493957519531;57,5;2502,5;1930,0;2877,5;3825,0;304,9856872558594;2150,158935546875;3002607,0
03/11/2025;9008,5791015625;13331,326171875;5410,0;759,6594848632812;1005,9938354492188;1749,6640625;3930,0;2440,0;3260,0;22694,587890625;3759,098876953125;9300,0;455,525146484375;59,400001525878906;2652,5;1995,0;2972,5;4025,0;304,9856872558594;2140,0;3104495,0
04/11/2025;8890,8828125;13184,935546875;5350,0;780,333740234375;967,6085815429688;1839,0;3830,0;2428,0;3255,0;22019,748046875;3639,525146484375;9075,0;445,0818176269531;60,0;2645,0;1920,0;3010,0;3900,0;317,7350769042969;2015,0;3080710,0
05/11/2025;8635,8779296875;12970,228515625;5270,0;768,7946166992188;973,5906982421875;1767,0;3807,5;2320,0;3415,0;21794,802734375;3679,383056640625;8985,0;441,10345458984375;62,70000076293945;2552,5;1875,0;3060,0;3795,0;322,7348327636719;1985,0;3048197,0
06/11/2025;8508,375;12784,80078125;5170,0;752,447509765625;963,1219482421875;1687,0;3622,5;2217,0;3282,5;21694,826171875;3646,99853515625;8715,0;438,8656005859375;59,900001525878906;2425,0;1825,0;3072,5;3590,0;312,2353210449219;2020,0;2973544,0
07/11/2025;7940,75;12130,9208984375;5030,0;715,9069213867188;981,5668334960938;1666,0;3470,0;2135,0;3200,0;21519,8671875;3495,040283203125;8430,0;433,89263916015625;58,0;2386,0;1760,0;3130,0;3480,0;297,9859924316406;2055,0;2864647,0
10/11/2025;8083,34033203125;12189,4765625;5175,0;834,663818359375;1094,7286376953125;1720,0;3450,0;2232,0;3345,0;21744,814453125;3637,033935546875;8785,0;435,8818359375;61,599998474121094;2473,0;1955,0;3297,5;3590,0;293,2362365722656;2100,0;2951889,0
11/11/2025;8009,5869140625;12150,4404296875;5185,0;825,5286865234375;1120,6512451171875;1773,0;3390,0;2203,0;3372,5;23044,50390625;3604,6494140625;9130,0;442,0980529785156;70,30000305175781;2450,0;1905,0;3480,0;3865,0;284,48663330078125;2180,0;2958258,0
12/11/2025;8068,5888671875;12492,0185546875;5285,0;818,3167114257812;1074,788330078125;1758,0;3485,0;2205,0;3492,5;23044,50390625;3724,22314453125;8995,0;449,30889892578125;74,69999694824219;2414,0;1875,0;3407,5;3925,0;290,2363586425781;2195,0;2984608,0
13/11/2025;7685,07275390625;11916,21484375;5145,0;767,3522338867188;985,554931640625;1724,0;3260,0;2190,0;3395,0;22594,611328125;3646,99853515625;8890,0;447,071044921875;73,80000305175781;2338,0;1840,0;3215,0;3685,0;284,48663330078125;2170,0;2883333,0
14/11/2025;7773,576171875;12091,8837890625;5370,0;793,7960815429688;1117,66015625;1758,0;3467,5;2260,0;3562,5;23294,4453125;3689,34765625;9210,0;449,8061828613281;79,9000015258789;2432,0;1910,0;3490,0;3910,0;292,48626708984375;2215,0;2992809,0
17/11/2025;7512,982421875;11564,876953125;5255,0;781,2953491210938;1074,788330078125;1759,0;3275,0;2217,0;3530,0;23575,0;3823,867919921875;8905,0;451,2980651855469;80,5999984741211;2312,0;2015,0;3572,5;4085,0;291,4862976074219;2230,0;2926871,0
18/11/2025;7434,3125;11398,9677734375;5325,0;799,0848388671875;1060,8299560546875;1775,0;3272,5;2204,0;3487,5;23425,0;3752,5;9105,0;450,8007507324219;79,0999984741211;2375,0;2005,0;3617,5;4055,0;293,2362365722656;2325,0;2932664,0
19/11/2025;7183,5517578125;11174,501953125;5250,0;778,891357421875;1045,8746337890625;1752,0;3135,0;2152,0;3397,5;23700,0;3675,0;9095,0;449,8061828613281;76,30000305175781;2387,0;1915,0;3547,5;3815,0;285,986572265625;2275,0;2869724,0
20/11/2025;7173,71826171875;11369,6884765625;5275,0;767,8330078125;1024,937255859375;1734,0;3085,0;2169,0;3385,0;23875,0;3555,0;9065,0;458,2961120605469;66,5999984741211;2371,0;1975,0;3492,5;3715,0;285,2366027832031;2285,0;2850533,0
21/11/2025;6868,8720703125;10891,4794921875;5155,0;761,5827026367188;1006,9908447265625;1674,0;2892,5;2105,0;3347,5;23950,0;3427,5;8940,0;457,7981872558594;65,5;2255,0;1920,0;3382,5;3660,0;276,2370300292969;2245,0;2761615,0
25/11/2025;7335,97412109375;11506,3203125;5300,0;763,9866333007812;1003,0028076171875;1745,0;3135,0;2183,0;3480,0;24725,0;3557,5;8990,0;477,46435546875;69,80000305175781;2383,0;1880,0;3427,5;3570,0;285,986572265625;2200,0;2865760,0
26/11/2025;7699,82373046875;12436,6845703125;5445,0;772,1602172851562;1010,9789428710938;1819,0;3380,0;2300,0;3670,0;25700,0;3660,0;9335,0;480,7005615234375;74,4000015258789;2602,5;1945,0;3430,0;3760,0;292,7362365722656;2305,0;2985632,0
27/11/2025;7724,40771484375;12819,201171875;5415,0;785,1417236328125;1031,9163818359375;1849,0;3415,0;2351,0;3757,5;26250,0;3667,5;9290,0;515,8009033203125;75,30000305175781;2587,5;1940,0;3447,5;3780,0;298,2359924316406;2355,0;3020019,0
28/11/2025;7788,3271484375;12730,9287109375;5405,0;774,0833740234375;1046,8717041015625;1815,0;3402,5;2434,0;3750,0;26200,0;3725,0;9175,0;529,24365234375;74,0;2572,5;2065,0;3455,0;3860,0;299,4859313964844;2320,0;3026470,0
01/12/2025;7871,9140625;12652,4638671875;5470,0;784,1801147460938;1085,7554931640625;1769,0;3462,5;2550,0;3780,0;26650,0;3812,5;9435,0;528,2478637695312;74,0;2670,0;2205,0;3630,0;3775,0;299,98590087890625;2305,0;3060289,0
02/12/2025;7793,24365234375;12436,6845703125;5430,0;784,6609497070312;1072,794189453125;1727,0;3385,0;2542,5;3810,0;26650,0;3855,0;9400,0;527,75;73,80000305175781;2605,0;2260,0;3597,5;3765,0;301,23583984375;2290,0;3042001,0
03/12/2025;7970,25146484375;12946,70703125;5610,0;780,333740234375;1068,80615234375;1785,0;3600,0;2700,0;3852,5;26700,0;3875,0;9780,0;518,7882080078125;74,19999694824219;2717,5;2260,0;3670,0;3725,0;303,7357482910156;2330,0;3129449,0
04/12/2025;7748,99267578125;13240,951171875;5570,0;779,8529663085938;1064,818115234375;1759,0;3545,0;2642,5;3800,0;26800,0;3862,5;9675,0;508,3327941894531;72,30000305175781;2617,5;2220,0;3817,5;3700,0;299,7359313964844;2295,0;3096396,0
05/12/2025;7574,7275390625;12985,939453125;5455,0;756,2938842773438;1061,8270263671875;1738,0;3397,5;2617,5;3720,0;27050,0;3817,5;9505,0;508,8306579589844;71,80000305175781;2505,0;2160,0;3957,5;3715,0;301,48583984375;2285,0;3046355,0
09/12/2025;7426,783203125;12809,3935546875;5400,0;731,29248046875;1023,9402465820312;1707,0;3250,0;2550,0;3710,0;26550,0;3635,0;9470,0;494,8901062011719;69,0999984741211;2460,0;2110,0;3875,0;3765,0;301,9858093261719;2275,0;2987064,0
10/12/2025;7397,19384765625;13201,7177734375;5475,0;734,6580200195312;990,04150390625;1737,0;3245,0;2542,5;3840,0;26650,0;3647,5;9615,0;494,3922424316406;66,30000305175781;2406,0;2140,0;3950,0;3760,0;304,2357177734375;2285,0;3013647,0
11/12/2025;7249,25;13064,404296875;5445,0;715,4261474609375;933,7098388671875;1758,0;3277,5;2520,0;3877,5;26300,0;3565,0;9590,0;496,1347961425781;62,79999923706055;2323,0;2155,0;4020,0;3675,0;302,98577880859375;2275,0;2980581,0
12/12/2025;7259,11328125;12897,6669921875;5395,0;774,0833740234375;953,1517333984375;1800,0;3335,0;2470,0;3870,0;26000,0;3557,5;9610,0;489,4134521484375;64,5999984741211;2319,0;2150,0;4047,5;3605,0;299,98590087890625;2330,0;2979065,0
15/12/2025;7397,19384765625;13084,0205078125;5460,0;779,8529663085938;952,6532592773438;1798,0;3447,5;2507,5;3895,0;26550,0;3567,5;9675,0;507,8349304199219;64,19999694824219;2357,0;2145,0;4062,5;3530,0;295,23614501953125;2350,0;3012681,0
16/12/2025;7609,24755859375;13250,7587890625;5470,0;799,565673828125;1026,9312744140625;1757,0;3480,0;2493,0;3822,5;27200,0;3507,5;9565,0;507,8349304199219;62,599998474121094;2376,0;2165,0;4245,0;3665,0;294,73614501953125;2355,0;3034429,0
17/12/2025;7702,94482421875;13201,7177734375;5455,0;707,7333984375;1063,821044921875;1800,0;3462,5;2575,0;3815,0;27450,0;3570,0;9465,0;501,8603820800781;63,0;2394,0;2120,0;4237,5;3640,0;293,9862060546875;2360,0;3035517,0
18/12/2025;8205,953125;14045,21484375;5485,0;715,4261474609375;1096,7227783203125;1831,0;3747,5;2745,0;4040,0;27600,0;3610,0;9810,0;509,826416015625;66,80000305175781;2464,0;2200,0;4297,5;3660,0;296,486083984375;2405,0;3163224,0
19/12/2025;8255,26953125;13682,314453125;5495,0;713,0221557617188;1077,779296875;1820,0;3670,0;2677,5;3940,0;27600,0;3545,0;9695,0;518,7882080078125;65,5999984741211;2440,0;2155,0;4315,0;3680,0;298,9859619140625;2380,0;3139467,0
22/12/2025;8176,365234375;13741,1640625;5465,0;683,6935424804688;1042,8836669921875;1800,0;3712,5;2742,5;3935,0;27700,0;3522,5;9660,0;532,23095703125;67,80000305175781;2453,0;2130,0;4227,5;3665,0;295,4861145019531;2365,0;3136090,0
23/12/2025;8146,7763671875;13456,728515625;5435,0;694,2710571289062;1002,0057373046875;1791,0;3720,0;2722,5;3935,0;27650,0;3507,5;9555,0;537,6848754882812;66,80000305175781;2403,0;2265,0;4172,5;3655,0;292,48626708984375;2365,0;3114970,0
24/12/2025;8156,6396484375;13603,849609375;5480,0;695,7134399414062;998,0177001953125;1793,0;3700,0;2700,0;3945,0;27600,0;3472,5;9565,0;542,1697387695312;67,19999694824219;2409,0;2295,0;4345,0;3640,0;296,486083984375;2375,0;3121145,0
26/12/2025;8265,1328125;13672,5068359375;5375,0;671,1928100585938;1003,9998168945312;1810,0;3685,0;2712,5;3980,0;27500,0;3477,5;9480,0;548,6478881835938;64,9000015258789;2420,0;2370,0;4180,0;3625,0;291,4862976074219;2410,0;3112380,0
29/12/2025;8255,26953125;13603,5673828125;5375,0;662,0576782226562;972,0951538085938;1878,0;3670,0;2662,5;3945,0;27350,0;3500,0;9400,0;550,142822265625;61,900001525878906;2371,0;2435,0;3777,5;3515,0;284,48663330078125;2485,0;3100075,0
30/12/2025;8087,59912109375;13367,15625;5260,0;646,1913452148438;990,5400390625;1918,0;3570,0;2612,5;3885,0;27300,0;3527,5;9325,0;548,6478881835938;59,5;2336,0;2535,0;3577,5;3435,0;290,7363586425781;2550,0;3051617,0
02/01/2026;8235,54296875;13672,521484375;5440,0;673,1160278320312;1004,0;1936,0;3595,0;2697,5;3997,5;27000,0;3595,0;9515,0;549,146240234375;61,099998474121094;2320,0;2620,0;3470,0;3490,0;301,23583984375;2555,0;3126292,0
05/01/2026;8398,28125;13849,8310546875;5365,0;697,6366577148438;1022,0;1893,0;3677,5;2657,5;4017,5;26750,0;3580,0;9405,0;547,1529541015625;59,5;2305,0;2525,0;3390,0;3520,0;317,7350769042969;2480,0;3130197,0
06/01/2026;8353,8984375;13879,3828125;5235,0;705,3294067382812;1031,0;1881,0;3705,0;2640,0;3920,0;25950,0;3605,0;9185,0;552,6344604492188;59,599998474121094;2281,0;2415,0;3457,5;3470,0;331,9844055175781;2500,0;3112377,0
07/01/2026;8225,6806640625;13761,17578125;5020,0;727,4461059570312;1001,0;1819,0;3560,0;2502,5;3735,0;24700,0;3492,5;8860,0;552,1360473632812;56,5;2149,0;2265,0;3490,0;3315,0;320,2349548339844;2435,0;3013957,0
08/01/2026;8413,0751953125;14194,599609375;5085,0;762,0634765625;975,0;1890,0;3632,5;2547,5;3810,0;24525,0;3510,0;9255,0;548,1495971679688;56,79999923706055;2193,0;2300,0;3675,0;3220,0;316,4851379394531;2480,0;3074880,0
09/01/2026;8451,5390625;14312,8056640625;5065,0;770,7178344726562;1005,0;1905,0;3652,5;2565,0;3805,0;24175,0;3460,0;9170,0;552,1360473632812;56,79999923706055;2219,0;2290,0;3795,0;3210,0;320,2349548339844;2490,0;3089461,0
12/01/2026;8327,90625;14273,4033203125;5070,0;758,2171020507812;995,0;1951,0;3595,0;2545,0;3852,5;23650,0;3590,0;8975,0;560,6075439453125;55,20000076293945;2214,0;2295,0;3795,0;3230,0;322,48486328125;2575,0;3076947,0
13/01/2026;8055,9140625;13997,5888671875;5050,0;734,6580200195312;969,0;1930,0;3450,0;2540,0;3710,0;23350,0;3452,5;8945,0;570,5738525390625;52,5;2157,0;2210,0;3747,5;3120,0;320,2349548339844;2565,0;3036293,0
14/01/2026;7680,0703125;13613,41796875;4935,0;728,8884887695312;960,0;1919,0;3307,5;2413,0;3595,0;22275,0;3315,0;8920,0;571,0721435546875;49,16999816894531;2027,0;2175,0;3292,5;3025,0;316,4851379394531;2570,0;2950111,0
15/01/2026;7764,14111328125;13416,408203125;4792,5;754,8515014648438;975,0;1877,0;3250,0;2354,0;3530,0;22300,0;3312,5;8690,0;595,988037109375;50,0;2008,0;2265,0;3387,5;2910,0;315,98516845703125;2500,0;2926727,0
16/01/2026;7680,0703125;13682,3720703125;4792,5;770,2369995117188;990,0;1885,0;3240,0;2314,0;3542,5;22675,0;3287,5;8725,0;600,472900390625;54,599998474121094;2040,0;2295,0;3280,0;2950,0;316,4851379394531;2535,0;2933230,0
19/01/2026;7670,1796875;13258,80078125;4795,0;756,7747192382812;998,0;1862,0;3217,5;2303,0;3477,5;22350,0;3270,0;8715,0;601,9678955078125;60,29999923706055;2038,0;2285,0;3332,5;3010,0;317,4850769042969;2450,0;2912976,0
20/01/2026;7630,6171875;13603,5673828125;4905,0;740,9083862304688;998,5;1879,0;3225,0;2316,0;3497,5;21650,0;3327,5;8910,0;597,9813842773438;60,0;2058,0;2265,0;3345,0;2990,0;316,4851379394531;2470,0;2942092,0
21/01/2026;8031,18798828125;14509,81640625;5010,0;759,6594848632812;1028,0;1899,0;3400,0;2385,0;3642,5;22300,0;3412,5;9330,0;599,476318359375;59,099998474121094;2294,0;2245,0;3422,5;3065,0;322,7348327636719;2485,0;3047554,0
22/01/2026;8011,40625;14431,01171875;5035,0;758,6978759765625;1056,0;1926,0;3407,5;2493,0;3552,5;22325,0;3787,5;9255,0;604,45947265625;58,400001525878906;2337,0;2240,0;3357,5;3165,0;323,9847717285156;2485,0;3066435,0
23/01/2026;8036,1328125;14490,115234375;5080,0;738,50439453125;1076,0;1912,0;3487,5;2477,0;3592,5;22225,0;3802,5;9340,0;609,94091796875;57,599998474121094;2242,0;2240,0;3467,5;3210,0;324,2347717285156;2505,0;3093535,0
26/01/2026;8105,3671875;14657,5732421875;5175,0;705,8101806640625;1080,0;1930,0;3522,5;2577,5;3620,0;22575,0;3807,5;9640,0;615,9102172851562;58,70000076293945;2311,0;2275,0;3647,5;3315,0;326,9846496582031;2620,0;3131277,0
27/01/2026;8318,015625;15465,3154296875;5365,0;691,8670654296875;1036,0;2120,0;3710,0;2642,5;3692,5;22575,0;3975,0;10140,0;620,8973388671875;61,900001525878906;2463,0;2280,0;3830,0;3255,0;332,484375;2790,0;3244320,0
28/01/2026;8367,46875;15397,7939453125;5380,0;667,346435546875;1031,0;2062,0;3725,0;2615,0;3592,5;22675,0;3922,5;9875,0;619,89990234375;63,79999923706055;2398,0;2260,0;3662,5;3185,0;340,2340087890625;2735,0;3230714,0
29/01/2026;8219,1103515625;15120,890625;5315,0;670,231201171875;1046,0;2056,0;3717,5;2575,0;3522,5;22825,0;4042,5;9830,0;615,4115600585938;61,79999923706055;2336,0;2220,0;3747,5;3140,0;340,9839782714844;2725,0;3211242,0
30/01/2026;8219,1103515625;15120,890625;5215,0;677,9239501953125;1045,0;2034,0;3680,0;2547,5;3487,5;22550,0;4047,5;9655,0;617,9050903320312;60,79999923706055;2352,0;2160,0;3845,0;3115,0;335,7342224121094;2635,0;3199554,0
02/02/2026;7986,6796875;14616,53125;5045,0;686,0975341796875;1022,0;1996,0;3490,0;2441,0;3342,5;21650,0;3875,0;9195,0;615,9102172851562;56,29999923706055;2244,0;2005,0;3852,5;3090,0;334,9842529296875;2520,0;3106672,0
03/02/2026;7719,6328125;14181,3974609375;4970,0;664,9424438476562;989,0;1950,0;3377,5;2430,0;3265,0;21150,0;3765,0;8980,0;598,9540405273438;53,5;2125,0;1845,0;3915,0;3015,0;334,9842529296875;2465,0;3038541,0
04/02/2026;7694,90625;13845,158203125;4962,5;673,1160278320312;975,5;1952,0;3317,5;2377,0;3165,0;21275,0;3642,5;8920,0;590,974609375;52,900001525878906;2059,0;1770,0;3942,5;2950,0;333,73431396484375;2415,0;3015927,0
05/02/2026;7422,9140625;13232,0146484375;4920,0;657,2496948242188;979,0;1910,0;3147,5;2322,0;3227,5;20575,0;3482,5;8755,0;581,9977416992188;50,20000076293945;2017,0;1790,0;3862,5;2860,0;330,4844665527344;2375,0;2932838,0
06/02/2026;7412,5634765625;13686,927734375;4985,0;662,5384521484375;1017,0;1935,0;3272,5;2357,0;3315,0;20900,0;3547,5;8865,0;586,98486328125;51,900001525878906;2087,0;1835,0;4000,0;3065,0;329,9844970703125;2405,0;2977119,0
09/02/2026;7377,83251953125;13578,14453125;4962,5;666,8656616210938;983,5;1873,0;3435,0;2342,0;3375,0;20875,0;3715,0;8860,0;584,4913940429688;52,900001525878906;2197,0;1830,0;4095,0;3000,0;326,9846496582031;2370,0;2976664,0
10/02/2026;7685,44921875;13963,8310546875;5175,0;682,73193359375;981,5;1911,0;3570,0;2408,0;3487,5;21500,0;3750,0;9260,0;589,9771728515625;53,400001525878906;2196,0;1865,0;4050,0;3050,0;327,734619140625;2365,0;3060606,0
11/02/2026;7511,79443359375;13766,04296875;5070,0;670,7120361328125;996,5;1883,0;3460,0;2397,0;3512,5;21300,0;3405,0;9205,0;587,9823608398438;52,70000076293945;2208,0;1830,0;4132,5;3050,0;324,9847412109375;2335,0;3017641,0
12/02/2026;6896,5615234375;12895,775390625;4852,5;653,4033203125;963,0;1757,0;3185,0;2284,0;3365,0;20900,0;3397,5;8625,0;561,0518798828125;49,63999938964844;2117,0;1805,0;3887,5;2925,0;312,7353210449219;2230,0;2851780,0
13/02/2026;6643,5224609375;12559,5361328125;4840,0;675,5199584960938;990,5;1743,0;3102,5;2285,0;3320,0;20850,0;3330,0;8615,0;560,5531005859375;47,66999816894531;2082,0;1740,0;3980,0;2970,0;307,98553466796875;2230,0;2816128,0
18/02/2026;6385,521484375;12065,0654296875;4635,0;647,1529541015625;945,0;1650,0;2970,0;2271,0;3220,0;20575,0;3222,5;8400,0;533,1239013671875;43,59000015258789;1980,0;1685,0;3787,5;3030,0;295,4861145019531;2145,0;2723175,0
19/02/2026;6797,33056640625;13152,900390625;4815,0;668,3080444335938;918,0;1692,0;3167,5;2355,0;3287,5;20500,0;3285,0;8795,0;526,6406860351562;46,09000015258789;2037,0;1690,0;3915,0;2955,0;301,23583984375;2180,0;2839106,0
20/02/2026;7114,8701171875;13182,568359375;4802,5;660,1344604492188;893,0;1765,0;3200,0;2365,0;3290,0;20675,0;3297,5;8775,0;529,6329345703125;45,0099983215332;2009,0;1670,0;4007,5;2940,0;325,98468017578125;2360,0;2873248,0
23/02/2026;6891,60009765625;12569,42578125;4602,5;622,1514892578125;834,0;1695,0;3007,5;2292,0;3092,5;19825,0;3185,0;8565,0;510,16351318359375;42,43000030517578;1938,0;1565,0;3945,0;2825,0;312,2353210449219;2295,0;2763059,0
24/02/2026;7000,75390625;12965,0009765625;4742,5;611,573974609375;795,5;1715,0;3100,0;2360,0;3175,0;19550,0;3250,0;8605,0;516,1536865234375;42,189998626708984;2007,0;1570,0;4007,5;2965,0;313,23529052734375;2345,0;2812414,0
25/02/2026;7000,75390625;12928,73046875;4745,0;602,9196166992188;820,0;1702,0;3060,0;2336,0;3187,5;19425,0;3285,0;8800,0;502,67578125;43,290000915527344;2006,0;1520,0;3842,5;2920,0;304,4856872558594;2355,0;2799876,0
26/02/2026;6856,869140625;12143,6650390625;4680,0;596,6692504882812;825,5;1695,0;2952,5;2340,0;3105,0;19400,0;3300,0;8850,0;508,66595458984375;43,70000076293945;1962,0;1570,0;3830,0;2920,0;314,4852294921875;2360,0;2754420,0
27/02/2026;6494,67529296875;11139,974609375;4495,0;595,7076416015625;811,5;1643,0;2725,0;2320,0;2992,5;19325,0;3375,0;8555,0;504,6725158691406;41,95000076293945;1832,0;1575,0;3692,5;2865,0;316,7351379394531;2280,0;2642106,0
02/03/2026;6311,09765625;10851,7861328125;4537,5;567,3406372070312;755,0;1653,0;2530,0;2248,0;2945,0;18950,0;3307,5;8530,0;506,1700744628906;41,400001525878906;2002,0;1530,0;3767,5;2800,0;315,2351989746094;2265,0;2603094,0
03/03/2026;6440,0986328125;10901,4736328125;4477,5;561,571044921875;710,5;1624,0;2605,0;2200,0;2947,5;18300,0;3232,5;8670,0;509,1651306152344;39,90999984741211;1930,0;1490,0;3822,5;2695,0;305,23565673828125;2195,0;2597025,0
04/03/2026;6365,67529296875;10752,4111328125;4490,0;587,5341186523438;738,5;1618,0;2592,5;2183,0;2927,5;18550,0;3342,5;8390,0;499,1815185546875;40,16999816894531;1903,0;1530,0;3922,5;2705,0;298,4859924316406;2205,0;2579970,0
05/03/2026;6231,71337890625;10553,66015625;4567,5;591,8612670898438;798,5;1567,0;2460,0;2107,0;2902,5;18150,0;3207,5;8280,0;499,1815185546875;40,25;1867,0;1460,0;3987,5;2645,0;294,73614501953125;2115,0;2570733,0
06/03/2026;6137,33837890625;10315,1591796875;4695,0;636,0946044921875;851,5;1595,0;2469,0;2159,0;2907,5;18250,0;3247,5;8630,0;498,9319152832031;39,68000030517578;1889,0;1485,0;4012,5;2725,0;306,985595703125;2120,0;2626115,0
09/03/2026;6236,970703125;10464,22265625;4705,0;626,95947265625;868,5;1632,0;2552,5;2130,0;2942,5;17850,0;3267,5;8595,0;508,66595458984375;40,88999938964844;1881,0;1590,0;4085,0;2690,0;305,7356262207031;2180,0;2632795,0
10/03/2026;6451,1796875;10682,84765625;4842,5;626,95947265625;863,5;1655,0;2657,5;2260,0;3090,0;18450,0;3410,0;8870,0;519,64794921875;43,22999954223633;1975,0;1625,0;4092,5;2810,0;318,23504638671875;2220,0;2700255,0
11/03/2026;6550,81201171875;10772,2861328125;4900,0;640,902587890625;876,5;1714,0;2712,5;2309,0;3082,5;19225,0;3565,0;9120,0;567,5693969726562;46,11000061035156;2026,0;1660,0;4215,0;2925,0;315,73516845703125;2215,0;2770635,0
12/03/2026;6271,841796875;10245,5966796875;4802,5;620,7091064453125;844,0;1733,0;2587,5;2271,0;3000,0;19200,0;3400,0;8970,0;575,5562744140625;44,150001525878906;2001,0;1625,0;4217,5;2845,0;305,9856262207031;2180,0;2695424,0
13/03/2026;6047,669921875;9763,6259765625;4752,5;598,1116333007812;791,0;1722,0;2421,0;2232,0;2930,0;18425,0;3350,0;9075,0;603,0112915039062;42,02000045776367;1929,0;1515,0;4220,0;2785,0;303,4857482910156;2130,0;2642584,0
16/03/2026;6007,81689453125;9589,7197265625;4717,5;587,0532836914062;798,5;1670,0;2371,0;2195,0;2907,5;18450,0;3307,5;8975,0;603,0112915039062;39,810001373291016;1885,0;1465,0;4205,0;2720,0;304,4856872558594;2150,0;2606351,0
17/03/2026;6077,5595703125;9728,8447265625;4940,0;605,8043823242188;800,5;1683,0;2378,0;2296,0;2945,0;18950,0;3365,0;9350,0;601,5137329101562;41,119998931884766;1943,0;1440,0;3987,5;2715,0;314,2352294921875;2140,0;2663049,0
18/03/2026;6137,33837890625;9704,0009765625;5010,0;615,4203491210938;811,0;1704,0;2396,0;2297,0;2997,5;18800,0;3327,5;9505,0;597,0210571289062;40,779998779296875;2003,0;1480,0;3705,0;2650,0;315,48516845703125;2105,0;2693891,0
19/03/2026;6376,45556640625;10106,4716796875;5085,0;610,6123657226562;805,0;1779,0;2507,5;2331,0;2977,5;18575,0;3372,5;9800,0;598,0194702148438;44,9900016784668;2119,0;1590,0;3702,5;2635,0;312,4853210449219;2110,0;2768682,0
20/03/2026;6286,78662109375;9818,283203125;4950,0;599,0732421875;793,0;1751,0;2385,0;2238,0;2960,0;18600,0;3302,5;9570,0;595,5235595703125;44,790000915527344;2049,0;1545,0;3695,0;2620,0;313,23529052734375;2000,0;2725326,0
23/03/2026;6625,5361328125;10305,2216796875;4895,0;606,7659912109375;797,0;1820,0;2595,0;2279,0;3152,5;18625,0;3380,0;9605,0;608,5022583007812;45,790000915527344;2157,0;1585,0;3765,0;2685,0;313,7352600097656;2120,0;2778025,0
25/03/2026;6565,7568359375;10344,9716796875;4942,5;611,0931396484375;787,5;1827,0;2665,0;2293,0;3110,0;18450,0;3460,0;9845,0;604,5184936523438;46,209999084472656;2089,0;1575,0;3817,5;2625,0;311,9853515625;2235,0;2805317,0
26/03/2026;6426,27197265625;10394,6591796875;4910,0;603,8812255859375;795,5;1763,0;2547,5;2176,0;2982,5;18275,0;3350,0;9775,0;599,5225219726562;44,93000030517578;2042,0;1560,0;3817,5;2620,0;310,2354431152344;2220,0;2769369,0
27/03/2026;6266,8603515625;10270,0;4955,0;636,0946044921875;809,0;1781,0;2430,0;2206,0;2962,5;18150,0;3270,0;10130,0;588,53125;46,779998779296875;2040,0;1490,0;3897,5;2620,0;306,735595703125;2230,0;2793847,0
30/03/2026;6351,5478515625;10380,0;5145,0;647,1529541015625;881,0;1820,0;2502,5;2290,0;3080,0;18350,0;3257,5;10310,0;594,02685546875;50,29999923706055;2074,0;1540,0;4010,0;2685,0;308,7355041503906;2265,0;2865754,0
31/03/2026;6864,6533203125;11410,0;5200,0;648,5953369140625;937,0;1872,0;2795,0;2493,0;3252,5;18375,0;3430,0;10150,0;651,980712890625;52,5;2249,0;1595,0;4190,0;2775,0;326,7346496582031;2370,0;2997780,0
01/04/2026;6864,6533203125;11590,0;5170,0;668,788818359375;992,5;1866,0;2847,5;2475,0;3325,0;18650,0;3507,5;10200,0;654,4786987304688;54,29999923706055;2303,0;1695,0;4235,0;2795,0;329,2345275878906;2475,0;2999342,0
06/04/2026;6829,78173828125;11430,0;5240,0;687,0591430664062;1028,0;1851,0;2805,0;2497,0;3430,0;18675,0;3425,0;10240,0;671,9647827148438;54,29999923706055;2326,0;1705,0;4260,0;2885,0;330,9844665527344;2495,0;3006248,0
07/04/2026;6695,2783203125;11110,0;5200,0;668,5;969,5;1817,0;2735,0;2467,0;3435,0;18675,0;3385,0;10320,0;672,4644165039062;52,20000076293945;2254,0;1680,0;4255,0;2740,0;325,98468017578125;2410,0;2972630,0
08/04/2026;6969,2666015625;11920,0;5160,0;676,0;941,0;1846,0;2910,0;2477,0;3535,0;18775,0;3447,5;9940,0;689,4508666992188;51,599998474121094;2302,0;1765,0;4170,0;2730,0;336,23419189453125;2470,0;3011186,0
09/04/2026;7043,99072265625;11900,0;5120,0;705,0;975,5;1786,0;2865,0;2472,0;3650,0;18675,0;3400,0;9605,0;704,9385375976562;49,75;2190,0;1815,0;4050,0;2715,0;340,9839782714844;2445,0;2999608,0
10/04/2026;7075,0;11800,0;5145,0;715,0;997,0;1777,0;2867,5;2460,0;3585,0;18600,0;3385,0;9635,0;702,9401245117188;48,59000015258789;2126,0;1840,0;3905,0;2720,0;337,984130859375;2370,0;2998770,0
13/04/2026;7135,0;11750,0;5090,0;732,5;1010,0;1773,0;2770,0;2377,0;3470,0;18300,0;3382,5;9710,0;706,9369506835938;49,22999954223633;2069,0;1775,0;4075,0;2800,0;336,48419189453125;2320,0;2991782,0
14/04/2026;7170,0;11900,0;4900,0;721,5;980,5;1718,0;2802,5;2274,0;3472,5;18275,0;3435,0;9305,0;732,4166259765625;48,619998931884766;1985,0;1775,0;4010,0;2745,0;346,4837341308594;2370,0;2950635,0
15/04/2026;7175,0;12000,0;4770,0;731,0;966,0;1672,0;2812,5;2246,0;3380,0;18450,0;3412,5;9005,0;737,4126586914062;49,16999816894531;2010,0;1800,0;3855,0;2670,0;317,75;2315,0;2917889,0
16/04/2026;7130,0;11910,0;4795,0;719,5;949,0;1690,0;2870,0;2261,0;3362,5;18250,0;3445,0;9125,0;735,9138793945312;49,93000030517578;2018,0;1750,0;3975,0;2625,0;314,0;2340,0;2923833,0
17/04/2026;7005,0;11970,0;4697,5;717,0;948,5;1694,0;2860,0;2237,0;3395,0;18125,0;3487,5;8885,0;732,4166259765625;48,619998931884766;1978,0;1745,0;3927,5;2490,0;317,5;2330,0;2889185,0
20/04/2026;7055,0;12120,0;4797,5;731,5;951,0;1706,0;2902,5;2265,0;3502,5;18325,0;3605,0;9105,0;712,4325561523438;48,439998626708984;2084,0;1775,0;3935,0;2515,0;316,75;2310,0;2931701,0
21/04/2026;7025,0;11870,0;4880,0;718,0;950,5;1695,0;2887,5;2244,0;3467,5;18150,0;3552,5;9145,0;692,9480590820312;48,84000015258789;2018,0;1735,0;3807,5;2645,0;319,5;2270,0;2940100,0
22/04/2026;6810,0;11500,0;4862,5;713,0;962,5;1655,0;2810,0;2200,0;3465,0;18500,0;3560,0;9095,0;682,9560546875;49,15999984741211;1950,0;1730,0;3805,0;2645,0;320,25;2230,0;2898692,0
23/04/2026;6415,0;11060,0;4905,0;701,0;980,5;1619,0;2640,0;2151,0;3312,5;18275,0;3425,0;9055,0;665,9695434570312;47,20000076293945;1871,0;1680,0;3805,0;2735,0;315,5;2155,0;2831849,0
24/04/2026;6465,0;11120,0;4837,5;697,0;994,0;1661,0;2682,5;2178,0;3337,5;18800,0;3385,0;9050,0;668,0;47,83000183105469;1905,0;1735,0;3815,0;2710,0;312,25;2180,0;2840788,0
27/04/2026;6520,0;11290,0;4902,5;695,0;999,5;1711,0;2685,0;2177,0;3302,5;19175,0;3422,5;9245,0;666,0;47,54999923706055;1894,0;1805,0;3635,0;2595,0;318,0;2220,0;2866257,0
28/04/2026;6520,0;11370,0;4935,0;693,0;977,5;1702,0;2682,5;2218,0;3365,0;19175,0;3350,0;9160,0;660,0;47,02000045776367;1900,0;1815,0;3657,5;2650,0;310,0;2185,0;2869560,0
