Fecha;Petrobras PN;Vale;Itau Unibanco;Bradesco;Ambev;WEG;Localiza;Rede D Or;Banco do Brasil;Magazine Luiza;Suzano;Equatorial;Raizen;Hapvida;Lojas Renner;CSN;Cyrela;Engie Brasil;BTG Pactual;INDICE BOVESPA
2025-04-07;29,40248680114746;47,78392791748047;27,72410011291504;11,350458145141602;12,488889694213867;41,956153869628906;34,098609924316406;25,579715728759766;26,7402286529541;9,287778854370117;49,423988342285156;30,84923553466797;1,690000057220459;30,899999618530273;11,468465805053711;8,239999771118164;21,432098388671875;26,253751754760742;32,74739074707031;125588,0
2025-04-08;28,356826782226562;45,167518615722656;27,732980728149414;11,038229942321777;12,545742988586426;41,956153869628906;33,993865966796875;26,041345596313477;26,691925048828125;8,042080879211426;49,629512786865234;31,009172439575195;1,690000057220459;30,44999885559082;11,345454216003418;7,769999980926514;21,68829345703125;26,24703025817871;32,69873046875;123932,0
2025-04-09;29,508821487426758;47,600318908691406;28,239482879638672;11,451475143432617;12,953195571899414;43,3006591796875;35,20317459106445;26,276687622070312;26,807851791381836;8,948875427246094;51,12691879272461;31,404315948486328;1,7699999809265137;32,39999771118164;12,074061393737793;8,40999984741211;21,944490432739258;26,791460037231445;33,11719512939453;127796,0
2025-04-10;27,674489974975586;48,454097747802734;28,12396812438965;11,43310832977295;12,886866569519043;42,82388687133789;35,61262512207031;26,140911102294922;26,62430191040039;9,351896286010742;51,12691879272461;31,234968185424805;1,7699999809265137;33,29999923706055;11,988900184631348;8,359999656677246;21,84731101989746;26,589820861816406;32,67926788330078;126355,0
2025-04-11;28,223907470703125;49,26197052001953;28,266143798828125;11,589221954345703;12,773158073425293;43,02412796020508;36,72670364379883;26,30384063720703;26,856149673461914;9,590044021606445;50,539695739746094;31,611289978027344;1,7599999904632568;33,599998474121094;12,11191177368164;8,630000114440918;22,015165328979492;26,650314331054688;32,66954040527344;127682,0
2025-04-14;28,117565155029297;49,904598236083984;28,728212356567383;11,690238952636719;12,962672233581543;43,69160842895508;37,38372802734375;26,8378849029541;27,116987228393555;9,608363151550293;51,29328918457031;32,307491302490234;1,7799999713897705;33,75;12,310622215270996;8,960000038146973;22,262527465820312;26,710805892944336;33,45781326293945;129454,0
2025-04-15;27,470678329467773;49,39967727661133;29,092533111572266;11,699421882629395;12,943719863891602;43,69160842895508;37,51704025268555;27,091325759887695;26,82717514038086;9,571724891662598;50,84309387207031;32,32630920410156;1,7599999904632568;33,14999771118164;12,11191177368164;8,649999618530273;22,633569717407227;26,596540451049805;33,37995529174805;129245,0
2025-04-16;27,470678329467773;48,25212860107422;29,048105239868164;11,68105411529541;13,161660194396973;43,71068572998047;36,898101806640625;26,87409019470215;26,711246490478516;9,48012924194336;50,75501251220703;31,573657989501953;1,7400000095367432;33,14999771118164;11,960512161254883;8,649999618530273;22,386207580566406;26,48227882385254;33,11719512939453;128317,0
2025-04-17;28,01382064819336;48,545902252197266;29,10141944885254;11,736154556274414;13,265891075134277;43,81557846069336;38,326416015625;27,037015914916992;26,498716354370117;9,34273624420166;50,735435485839844;32,12874221801758;1,7599999904632568;32,39999771118164;12,11191177368164;8,680000305175781;22,65123748779297;26,408344268798828;33,79841995239258;129650,0
2025-04-22;28,077383041381836;49,40885543823242;29,670116424560547;11,690238952636719;13,284843444824219;44,092105865478516;37,27898406982422;26,87409019470215;26,836835861206055;9,287778854370117;50,725650787353516;32,006431579589844;1,7300000190734863;33,14999771118164;12,121374130249023;8,850000381469727;23,11062240600586;26,475557327270508;34,01251983642578;130464,0
2025-04-23;27,759559631347656;49,996402740478516;30,292131423950195;12,075934410095215;13,313270568847656;44,1207160949707;38,43115997314453;27,055118560791016;27,0880069732666;8,73820686340332;51,32265090942383;32,62736892700195;1,7799999713897705;33,599998474121094;12,215998649597168;9,130000114440918;22,854429244995117;26,744413375854492;34,76186752319336;132216,0
2025-04-24;27,632431030273438;50,776737213134766;30,878610610961914;12,268780708312988;13,408025741577148;46,33294677734375;39,611900329589844;27,9874324798584;26,75954818725586;9,681638717651367;51,13669967651367;33,3517951965332;1,850000023841858;36,599998474121094;12,916216850280762;9,359999656677246;23,808536529541016;27,275402069091797;35,13166809082031;134580,0
2025-04-25;27,714157104492188;49,436397552490234;30,763092041015625;12,287148475646973;13,35117244720459;47,57255554199219;40,764076232910156;28,44001007080078;27,059024810791016;9,571724891662598;50,18737030029297;33,822200775146484;1,7999999523162842;36,14999771118164;13,096003532409668;9,390000343322754;22,554059982299805;27,060317993164062;35,61825942993164;134739,0
2025-04-28;27,605188369750977;49,61082458496094;31,09187126159668;12,25959587097168;13,550161361694336;47,982582092285156;41,00212478637695;28,512422561645508;27,387481689453125;9,43508243560791;49,76652908325195;34,029178619384766;1,7899999618530273;36,599998474121094;13,53127670288086;9,359999656677246;23,106491088867188;27,429994583129883;36,12430953979492;135016,0
2025-04-29;27,750478744506836;49,427215576171875;31,34067153930664;12,397347450256348;13,749149322509766;48,12562561035156;41,116390228271484;28,476215362548828;27,53238868713379;9,416211128234863;49,28697204589844;33,90687561035156;1,8300000429153442;35,39999771118164;13,758374214172363;9,399999618530273;22,4610595703125;27,389663696289062;36,39680480957031;135093,0
2025-04-30;27,232881546020508;48,52754211425781;31,616140365600586;12,608558654785156;13,806002616882324;42,566429138183594;40,90690231323242;28,983102798461914;27,947790145874023;8,793496131896973;49,012939453125;34,63130187988281;1,809999942779541;34,79999923706055;13,82461166381836;9,300000190734863;22,857540130615234;27,940820693969727;37,0877571105957;135067,0
2025-05-02;27,977495193481445;48,47245788574219;31,534038543701172;12,34224796295166;13,379599571228027;42,35664367675781;41,04021072387695;28,92879295349121;27,918804168701172;8,80293083190918;49,57079315185547;34,430057525634766;1,850000023841858;34,95000076293945;14,080097198486328;9,350000381469727;22,599367141723633;27,5980281829834;36,7374153137207;135134,0
2025-05-05;26,9332218170166;48,61934280395508;30,97394371032715;12,230950355529785;13,322746276855469;40,55443572998047;41,00212478637695;28,910690307617188;28,13134002685547;8,359482765197754;49,423988342285156;34,33415222167969;1,7699999809265137;33,89999771118164;13,86246109008789;9,199999809265137;22,58092498779297;27,571144104003906;36,46492385864258;133491,0
2025-05-06;27,378171920776367;48,656063079833984;30,813919067382812;12,175775527954102;13,464879989624023;40,954933166503906;39,99277877807617;28,55767822265625;27,918804168701172;8,246260643005371;49,36526870727539;34,343746185302734;1,7599999904632568;34,04999923706055;13,540739059448242;9,34000015258789;22,958965301513672;27,389663696289062;36,357872009277344;133516,0
2025-05-07;27,505300521850586;48,56426239013672;31,151748657226562;11,991849899291992;13,521735191345215;40,00138473510742;40,07848358154297;28,512422561645508;28,31488609313965;8,057559967041016;50,148223876953125;34,36293029785156;1,7300000190734863;33,75;13,597513198852539;9,399999618530273;23,023508071899414;27,61393165588379;36,78607177734375;133398,0
2025-05-08;27,886688232421875;48,41737747192383;31,400678634643555;13,867873191833496;13,616490364074707;40,249305725097656;41,80198287963867;30,503767013549805;28,41149139404297;8,510443687438965;50,373321533203125;35,30280303955078;1,8200000524520874;36,89999771118164;14,609992980957031;9,630000114440918;23,973217010498047;27,3529052734375;39,0146484375;136232,0
2025-05-09;28,068302154541016;48,610164642333984;33,09873962402344;13,904659271240234;13,531208992004395;39,848812103271484;39,04057693481445;30,440404891967773;28,527420043945312;7,916033744812012;49,02272415161133;35,18770980834961;1,7999999523162842;35,25;15,32913875579834;8,680000305175781;24,222169876098633;27,030052185058594;39,715335845947266;136512,0
2025-05-12;28,740270614624023;49,831153869628906;32,43196487426758;13,70234203338623;13,540684700012207;40,687931060791016;39,516685485839844;30,01498031616211;28,08303451538086;8,284001350402832;51,13669967651367;34,84245681762695;1,7799999713897705;35,849998474121094;15,565699577331543;8,890000343322754;23,567514419555664;26,88580322265625;38,68376541137695;136563,0
2025-05-13;29,176143646240234;50,64820861816406;32,83203125;13,996621131896973;13,502782821655273;41,956153869628906;39,74521255493164;31,372716903686523;28,653005599975586;8,642535209655762;51,91965103149414;35,80150604248047;1,7899999618530273;39,89999771118164;15,944196701049805;9,029999732971191;23,207918167114258;27,46967887878418;39,46230697631836;138963,0
2025-05-14;28,97636604309082;50,40033721923828;33,05427932739258;13,978230476379395;13,483830451965332;42,02290344238281;37,812225341796875;31,083065032958984;28,749608993530273;8,82180118560791;51,88050842285156;35,65764617919922;1,7100000381469727;39,89999771118164;15,925271987915039;9,289999961853027;22,995847702026367;27,41472625732422;39,31633377075195;138423,0
2025-05-15;28,940044403076172;50,9052619934082;33,49879837036133;14,116172790527344;13,654393196105957;42,11825942993164;38,80252456665039;31,888652801513672;28,40183448791504;9,152029991149902;52,673248291015625;35,47542953491211;1,7000000476837158;40,5;16,48355484008789;9,270000457763672;23,475309371948242;27,984865188598633;39,423377990722656;139334,0
2025-05-16;29,07625389099121;50,94198226928711;33,69438934326172;14,162154197692871;13,757646560668945;42,909706115722656;39,84042739868164;32,22356414794922;24,798471450805664;9,227509498596191;52,52643966674805;34,98631286621094;1,7100000381469727;42,29999923706055;16,587642669677734;9,069999694824219;24,20372772216797;28,005470275878906;38,86866760253906;139187,0
2025-05-19;29,03993034362793;50,80427551269531;34,09445571899414;14,290899276733398;13,690722465515137;42,48060989379883;40,0880012512207;32,9205322265625;24,189861297607422;9,340730667114258;52,056671142578125;35,43706512451172;1,690000057220459;42,29999923706055;17,022912979125977;9,079999923706055;24,24983024597168;28,362668991088867;39,41364669799805;139636,0
2025-05-20;29,15797996520996;50,813453674316406;34,05000305175781;14,428842544555664;13,662040710449219;42,4615364074707;39,70711898803711;33,25544357299805;24,63424301147461;9,05767822265625;51,89029312133789;35,78232955932617;1,6799999475479126;42,89999771118164;17,316247940063477;9,100000381469727;24,664751052856445;28,38327407836914;38,9465217590332;140110,0
2025-05-21;28,831077575683594;50,16164779663086;33,365447998046875;14,17134952545166;13,53775405883789;41,43170928955078;38,43115997314453;32,88432312011719;24,402389526367188;8,689709663391113;52,07624435424805;34,81367874145508;1,7799999713897705;42,599998474121094;16,663341522216797;8,90999984741211;23,281681060791016;28,19093894958496;38,47939682006836;137881,0
2025-05-22;28,449689865112305;49,785255432128906;33,13430404663086;14,208134651184082;13,480390548706055;41,641483306884766;38,621604919433594;32,85717010498047;24,199522018432617;8,93502140045166;52,056671142578125;34,66023254394531;2,0;42,599998474121094;16,720115661621094;8,800000190734863;22,737672805786133;27,586456298828125;38,5572509765625;137273,0
2025-05-23;28,513254165649414;49,86787796020508;33,53437042236328;14,38286304473877;13,614237785339355;41,660552978515625;38,65016555786133;33,4002685546875;23,59090805053711;8,491573333740234;51,831573486328125;34,80409240722656;2,140000104904175;42,599998474121094;16,653879165649414;8,84000015258789;23,023508071899414;27,785659790039062;38,6253776550293;137824,0
2025-05-26;28,422447204589844;49,583282470703125;33,6054801940918;14,456433296203613;13,633359909057617;41,698699951171875;38,89773941040039;33,554141998291016;23,832420349121094;8,529313087463379;51,635833740234375;34,976722717285156;1,9700000286102295;42,45000076293945;16,786352157592773;8,8100004196167;23,189476013183594;28,06729507446289;38,87840270996094;138136,0
2025-05-27;28,631303787231445;49,427215576171875;33,87220001220703;14,750711441040039;13,575995445251465;42,51874542236328;40,611724853515625;33,71706771850586;23,735815048217773;8,812366485595703;50,216732025146484;35,590518951416016;1,9900000095367432;43,79999923706055;16,985061645507812;9,0;23,715042114257812;28,733600616455078;39,94889450073242;139541,0
2025-05-28;28,540496826171875;49,03246307373047;33,596595764160156;14,851869583129883;13,480390548706055;42,58549880981445;41,24970245361328;33,91620635986328;23,262453079223633;9,010502815246582;49,9720573425293;35,30280303955078;1,9700000286102295;43,64999771118164;17,193235397338867;8,670000076293945;23,5306339263916;28,843507766723633;40,182456970214844;138888,0
2025-05-29;28,367965698242188;49,069183349609375;33,32988739013672;14,787496566772461;13,442148208618164;41,975223541259766;41,36396026611328;33,8890495300293;22,895353317260742;8,567054748535156;49,50228500366211;35,5329704284668;1,9900000095367432;42,75;16,994525909423828;8,579999923706055;22,98662567138672;28,747337341308594;39,52069854736328;138534,0
2025-05-30;28,059221267700195;47,829830169677734;33,27654266357422;14,897850036621094;13,413466453552246;40,3828010559082;40,90690231323242;34,19680404663086;22,624862670898438;8,699145317077637;48,59210205078125;35,0918083190918;1,940000057220459;42,89999771118164;17,183774948120117;8,25;23,023508071899414;28,20467758178711;38,489131927490234;137027,0
2025-06-02;28,222673416137695;48,25212860107422;33,04320526123047;14,934635162353516;13,298739433288574;39,90602493286133;41,240177154541016;33,8890495300293;22,489614486694336;9,001068115234375;48,52359390258789;35,01508331298828;1,9199999570846558;42,14999771118164;17,363561630249023;8,239999771118164;23,115713119506836;27,833744049072266;38,67403793334961;136787,0
2025-06-03;28,23124885559082;48,22458267211914;32,936458587646484;15,191485404968262;13,3943452835083;39,76299285888672;41,05925750732422;32,85717010498047;22,612321853637695;9,670958518981934;49,32612228393555;35,46583557128906;2,0;43,04999923706055;17,798831939697266;8,380000114440918;23,715042114257812;28,369537353515625;39,46230697631836;137546,0
2025-06-04;27,45484161376953;48,444915771484375;32,85641098022461;15,145452499389648;13,46126937866211;41,155174255371094;41,611541748046875;33,13777542114258;21,992403030395508;9,472821235656738;48,69975280761719;35,26443862915039;2,009999990463257;43,04999923706055;17,429798126220703;8,329999923706055;23,447649002075195;28,170330047607422;39,32606506347656;137002,0
2025-06-05;27,464197158813477;48,57344055175781;32,456153869628906;14,703518867492676;13,260497093200684;40,56397247314453;42,087646484375;32,802860260009766;21,88416290283203;9,491691589355469;51,772850036621094;35,17811965942383;1,9700000286102295;40,5;17,429798126220703;8,270000457763672;23,51219367980957;28,12224578857422;39,121700286865234;136236,0
2025-06-06;27,754179000854492;48,63770294189453;32,53620910644531;14,69430923461914;13,46126937866211;40,59258270263672;41,706764221191406;32,440799713134766;21,362640380859375;8,963327407836914;52,281768798828125;34,76572799682617;1,9800000190734863;39,90999984741211;16,616029739379883;8,229999542236328;23,235580444335938;27,888696670532227;38,927059173583984;136102,0
2025-06-09;27,28646469116211;48,92229461669922;32,36721420288086;14,583826065063477;13,346542358398438;40,850040435791016;41,573455810546875;32,422698974609375;21,382322311401367;8,944457054138184;52,42857360839844;34,36293029785156;1,940000057220459;39,88999938964844;16,92828941345215;8,300000190734863;22,903642654418945;27,73070526123047;38,732425689697266;135699,0
2025-06-10;28,109642028808594;49,25279235839844;32,3170280456543;14,574617385864258;13,193573951721191;40,335121154785156;41,8876838684082;32,73044967651367;21,195363998413086;8,963327407836914;52,154541015625;34,9191780090332;1,9199999570846558;40,630001068115234;17,32571029663086;8,640000343322754;23,309343338012695;27,888696670532227;38,644840240478516;136436,0
2025-06-11;29,04507064819336;48,821311950683594;32,6132698059082;15,025758743286133;13,298739433288574;40,32558822631836;41,89720153808594;31,97011947631836;21,057601928710938;9,001068115234375;51,85114669799805;34,90958786010742;1,899999976158142;39,529998779296875;17,477108001708984;8,479999542236328;22,811437606811523;27,648277282714844;39,10223388671875;137128,0
2025-06-12;29,699872970581055;48,5;32,8646240234375;15,17307186126709;13,193573951721191;40,29697799682617;42,33521270751953;31,906753540039062;21,077281951904297;9,07654857635498;51,82178497314453;35,034263610839844;1,8899999856948853;39,52000045776367;17,4487247467041;8,289999961853027;22,86676025390625;27,716968536376953;40,10460662841797;137800,0
2025-06-13;30,429506301879883;47,85737228393555;32,469635009765625;14,998143196105957;13,040604591369629;40,42094039916992;41,91624450683594;31,770978927612305;21,24456214904785;8,434962272644043;52,957069396972656;34,90958786010742;1,8300000429153442;38,4900016784668;17,373023986816406;7,940000057220459;22,497941970825195;27,79252815246582;39,423377990722656;137213,0
2025-06-16;30,13016700744629;49,41803741455078;33,0621223449707;15,320381164550781;13,07884693145752;40,56397247314453;42,83988952636719;32,151153564453125;21,62832260131836;9,001068115234375;53,094085693359375;35,408294677734375;1,899999976158142;39,15999984741211;17,80829429626465;8,420000076293945;23,15259552001953;27,92304229736328;40,289512634277344;139256,0
2025-06-17;30,813032150268555;47,19638442993164;33,25960922241211;15,55056095123291;12,87807559967041;39,48646545410156;42,46852111816406;32,309486389160156;21,549602508544922;8,80293083190918;51,51839065551758;35,1397590637207;1,850000023841858;39,380001068115234;17,64743423461914;8,199999809265137;23,383106231689453;27,77191925048828;40,591190338134766;138840,0
2025-06-18;30,784971237182617;47,04031753540039;33,0621223449707;15,430869102478027;12,897195816040039;39,915557861328125;42,73514938354492;32,10919952392578;21,461042404174805;8,82180118560791;51,68477249145508;35,06303787231445;1,7699999809265137;39,4900016784668;17,713672637939453;8,149999618530273;23,549076080322266;27,881826400756836;40,67877960205078;138717,0
2025-06-20;30,700780868530273;45,8285026550293;32,89155578613281;15,301969528198242;12,93543815612793;39,70577621459961;41,19256591796875;31,681318283081055;21,008403778076172;8,35004711151123;50,76479721069336;34,458831787109375;1,7200000286102295;37,41999816894531;17,56226921081543;7,869999885559082;23,29090118408203;27,510892868041992;40,698238372802734;137116,0
2025-06-23;29,933727264404297;46,40686798095703;32,81972885131836;15,182278633117676;12,964120864868164;39,75743865966797;40,3831901550293;31,590282440185547;20,752561569213867;8,406658172607422;50,64735412597656;34,14234161376953;1,649999976158142;36,75;17,988080978393555;7,739999771118164;23,401546478271484;28,438228607177734;40,43548583984375;136551,0
2025-06-24;29,344409942626953;46,39768981933594;33,439144134521484;15,228315353393555;12,9163179397583;39,604530334472656;41,43061828613281;32,20934295654297;21,09696388244629;8,58592414855957;50,74522399902344;34,525962829589844;1,6399999856948853;37,86000061035156;18,25303077697754;7,630000114440918;23,770366668701172;29,91509246826172;41,311344146728516;137165,0
2025-06-25;29,194738388061523;46,34260559082031;32,83769226074219;15,099416732788086;12,572136878967285;39,96769714355469;41,08782196044922;31,50834846496582;20,919841766357422;8,614230155944824;50,39289474487305;33,74913024902344;1,6699999570846558;35,77000045776367;17,96915626525879;7,25;23,189476013183594;29,36556053161621;41,01939392089844;135767,0
2025-06-26;29,42859649658203;47,7380256652832;32,59531784057617;15,237516403198242;12,73466682434082;41,16233444213867;38,09788513183594;32,20934295654297;21,25440216064453;8,887846946716309;50,510337829589844;34,02725601196289;1,649999976158142;36,59000015258789;18,480127334594727;7,420000076293945;23,8256893157959;29,674673080444336;41,02912521362305;137114,0
2025-06-27;29,194738388061523;48,536720275878906;32,559410095214844;15,255931854248047;12,572136878967285;40,47422409057617;38,61207962036133;31,772357940673828;21,382322311401367;8,774625778198242;50,06013870239258;33,835445404052734;1,6299999952316284;36,27000045776367;18,508512496948242;7,5;23,622838973999023;30,931724548339844;40,57172775268555;136866,0
2025-06-30;29,353763580322266;48,334754943847656;33,16984176635742;15,495315551757812;12,73466682434082;40,88517761230469;39,071250915527344;32,24575424194336;21,73656463623047;9,29355525970459;50,118858337402344;34,48760223388672;1,649999976158142;36,849998474121094;18,6220645904541;7,440000057220459;24,10230255126953;31,192752838134766;41,11670684814453;138855,0
2025-07-01;29,456661224365234;48,98655700683594;33,32040786743164;15,633240699768066;12,792030334472656;40,61758041381836;39,17731475830078;32,23665237426758;21,55944061279297;9,16146469116211;49,756744384765625;34,6506462097168;1,6699999570846558;36,400001525878906;18,59367561340332;7,510000228881836;24,498783111572266;31,598031997680664;41,72007751464844;139549,0
2025-07-02;29,980499267578125;50,767555236816406;33,05097198486328;15,350786209106445;13,050165176391602;40,55068588256836;36,92097854614258;31,672216415405273;21,63816261291504;8,557619094848633;50,60820388793945;33,940940856933594;1,6799999475479126;34,529998779296875;17,978618621826172;7,96999979019165;23,779586791992188;32,09260940551758;40,42575454711914;139051,0
2025-07-03;30,083396911621094;50,528865814208984;33,868263244628906;15,716724395751953;12,887635231018066;40,81827926635742;37,84665298461914;32,0363655090332;21,94320297241211;8,6708402633667;50,950748443603516;34,58351135253906;1,7000000476837158;34,95000076293945;18,45018196105957;8,229999542236328;23,93633270263672;33,53512954711914;41,16536331176758;140928,0
2025-07-04;30,045978546142578;50,675750732421875;33,886226654052734;15,641661643981934;12,925878524780273;41,095436096191406;37,77915954589844;31,79966926574707;22,071123123168945;8,727449417114258;50,84309387207031;34,59309768676758;1,7100000381469727;35,61000061035156;18,498004913330078;8,210000038146973;23,982437133789062;31,80410385131836;41,30160903930664;141478,0
2025-07-07;29,989856719970703;49,9321403503418;33,43716049194336;15,491535186767578;12,811150550842285;40,45511245727539;37,306671142578125;31,16240119934082;21,707040786743164;8,595359802246094;49,92312240600586;33,87380599975586;1,690000057220459;34,86000061035156;18,440616607666016;8,119999885559082;23,659719467163086;29,791446685791016;40,863685607910156;139490,0
2025-07-08;30,42015266418457;50,1065673828125;33,3563346862793;15,529061317443848;12,792030334472656;38,8112907409668;36,911338806152344;31,6449031829834;21,64800262451172;8,397222518920898;49,844825744628906;33,78749465942383;1,6699999570846558;34,31999969482422;18,459745407104492;8,140000343322754;23,668941497802734;29,612850189208984;39,90024185180664;139303,0
2025-07-09;30,23306655883789;49,61082458496094;32,66477966308594;15,350786209106445;12,725106239318848;38,33344650268555;35,995304107666016;30,98032569885254;21,10680389404297;8,066994667053223;48,93464279174805;33,279197692871094;1,6100000143051147;33,630001068115234;18,555391311645508;7,929999828338623;23,779586791992188;29,125141143798828;40,055946350097656;137481,0
2025-07-10;30,158233642578125;50,74919128417969;31,65888214111328;15,144355773925781;12,648621559143066;38,13274383544922;36,882408142089844;30,780040740966797;20,870643615722656;7,8688578605651855;48,787837982177734;33,02983856201172;1,5800000429153442;33,11000061035156;18,32583999633789;8,329999923706055;23,4107666015625;29,049579620361328;39,70560073852539;136743,0
2025-07-11;30,52305030822754;51,41018295288086;31,398414611816406;15,059908866882324;12,744227409362793;37,989383697509766;35,34925842285156;30,315744400024414;20,801761627197266;7,585805416107178;48,83677673339844;32,94352340698242;1,5399999618530273;32,31999969482422;17,885866165161133;8,25;23,604398727416992;28,561872482299805;39,73480224609375;136187,0
2025-07-14;30,12081527709961;50,822635650634766;31,34453582763672;15,116207122802734;12,705985069274902;37,77913284301758;35,15640640258789;30,44319725036621;20,349123001098633;7,500889301300049;48,88570785522461;32,75171661376953;1,5299999713897705;33,29999923706055;17,37894058227539;8,199999809265137;23,5306339263916;29,193832397460938;39,51096725463867;135299,0
2025-07-15;29,886959075927734;49,491477966308594;31,452312469482422;15,106823921203613;12,686863899230957;37,912925720214844;35,59031677246094;30,652585983276367;20,565603256225586;7,595240592956543;49,423988342285156;33,05860900878906;1,5099999904632568;33,58000183105469;17,732833862304688;8,079999923706055;24,3420352935791;28,66490936279297;39,1508903503418;135250,0
2025-07-16;29,73729133605957;49,941322326660156;31,604995727539062;15,069291114807129;13,07884693145752;39,2987060546875;35,677101135253906;30,597965240478516;20,545921325683594;7,651850700378418;49,44356155395508;32,95311737060547;1,5099999904632568;33,5;17,75196075439453;8,0;24,563325881958008;28,64430046081543;39,94889450073242;135511,0
2025-07-17;29,437950134277344;49,849517822265625;32,08100128173828;15,041145324707031;12,868515014648438;40,225738525390625;36,024234771728516;30,570655822753906;20,40816307067871;7,736766815185547;49,423988342285156;33,116153717041016;1,5199999809265137;33,66999816894531;17,904996871948242;7,909999847412109;24,766176223754883;28,355796813964844;40,591190338134766;135565,0
2025-07-18;28,98894691467285;50,08820724487305;31,497215270996094;14,703350067138672;12,73466682434082;40,493343353271484;34,5200080871582;29,942487716674805;19,935840606689453;7,434844017028809;49,53164291381836;32,81884765625;1,5199999809265137;32,189998626708984;16,958097457885742;7,820000171661377;24,50800323486328;28,65117073059082;39,24821090698242;133382,0
2025-07-21;29,04507064819336;51,456085205078125;31,865442276000977;14,712733268737793;12,830272674560547;40,11105728149414;34,5392951965332;30,060840606689453;19,5422420501709;7,170661926269531;49,913333892822266;32,93393325805664;1,4900000095367432;31,489999771118164;16,70941734313965;7,989999771118164;24,27749252319336;28,829769134521484;38,732425689697266;134167,0
2025-07-22;29,325698852539062;52,7872428894043;31,434350967407227;14,665818214416504;12,811150550842285;39,489845275878906;34,5200080871582;29,787723541259766;19,571762084960938;7,0763115882873535;50,16779327392578;32,54072189331055;1,4600000381469727;31,1200008392334;16,66159439086914;8,5600004196167;23,705821990966797;28,57560920715332;38,61564636230469;134036,0
2025-07-23;29,924375534057617;52,71379852294922;31,78462028503418;14,900397300720215;12,992801666259766;36,326446533203125;34,934627532958984;30,1336669921875;19,886642456054688;7,359364032745361;50,64735412597656;33,18328857421875;1,5399999618530273;31,81999969482422;16,862449645996094;8,770000457763672;23,91789436340332;29,214439392089844;39,306602478027344;135368,0
2025-07-24;29,87760353088379;51,89674377441406;31,48823356628418;14,712733268737793;12,906756401062012;34,62529373168945;34,683929443359375;29,678476333618164;19,74888038635254;7,114051342010498;50,40268325805664;32,75171661376953;1,5099999904632568;31,959999084472656;16,336397171020508;8,550000190734863;22,995847702026367;29,241918563842773;38,401546478271484;133808,0
2025-07-25;29,915019989013672;51,134769439697266;31,622949600219727;14,600136756896973;12,87807559967041;34,56795120239258;34,886417388916016;29,605648040771484;19,916162490844727;7,0763115882873535;51,44988250732422;32,49277114868164;1,4800000190734863;32,58000183105469;15,992070198059082;8,369999885559082;23,30012321472168;28,953413009643555;38,304229736328125;133524,0
2025-07-28;29,952438354492188;50,63903045654297;30,958343505859375;14,487539291381836;12,486092567443848;35,27033233642578;33,91252899169922;29,53281593322754;19,620960235595703;6,774388790130615;51,03883361816406;32,12833023071289;1,440000057220459;31,989999771118164;15,657309532165527;8,0;22,53482437133789;28,85037612915039;37,45756530761719;132129,0
2025-07-29;30,345317840576172;50,3268928527832;31,13796615600586;14,459389686584473;12,610379219055176;35,12629699707031;34,201805114746094;29,70578956604004;19,63080406188965;6,585687160491943;50,74522399902344;32,38727569580078;1,4199999570846558;32,459999084472656;15,638177871704102;8,010000228881836;22,7192325592041;28,71986198425293;37,681400299072266;132726,0
2025-07-30;30,654010772705078;49,427215576171875;31,497215270996094;14,69396686553955;12,572136878967285;35,385562896728516;34,3175163269043;29,815034866333008;19,581600189208984;6,925350189208984;51,06819152832031;33,116153717041016;1,4299999475479126;33,4900016784668;16,03032684326172;7,940000057220459;22,84832000732422;28,032949447631836;38,0706672668457;133990,0
2025-07-31;30,53240203857422;49,078365325927734;31,578044891357422;14,571986198425293;11,912458419799805;35,63523483276367;33,391841888427734;29,587440490722656;19,384803771972656;6,661167144775391;51,03883361816406;32,67498779296875;1,4199999570846558;33,06999969482422;15,561660766601562;8,020000457763672;22,60858726501465;27,428462982177734;38,08039855957031;133071,0
2025-08-01;30,13016700744629;49,3445930480957;31,387237548828125;14,600136756896973;11,74992847442627;35,702449798583984;33,141136169433594;29,49640464782715;18,0564022064209;6,812129020690918;50,637569427490234;32,924346923828125;1,399999976158142;32,65999984741211;15,772083282470703;7,619999885559082;22,599367141723633;27,61393165588379;38,02200698852539;132437,0
2025-08-04;30,083396911621094;49,73935317993164;31,719703674316406;14,711908340454102;11,864655494689941;35,59682083129883;33,131492614746094;30,224708557128906;18,420482635498047;6,774388790130615;49,688236236572266;32,84762191772461;1,3899999856948853;33,95000076293945;16,135540008544922;7,449999809265137;22,378076553344727;27,40098762512207;38,11932373046875;132971,0
2025-08-05;30,223712921142578;49,675086975097656;32,070152282714844;14,740092277526855;11,816852569580078;35,654441833496094;33,353267669677734;30,424989700317383;18,322084426879883;6,793258190155029;49,883975982666016;32,81884765625;1,3799999952316284;35,529998779296875;16,154666900634766;7,239999771118164;22,31353187561035;27,421592712402344;38,15825271606445;133151,0
2025-08-06;30,261127471923828;49,36295700073242;32,47451400756836;14,721302032470703;11,93157958984375;36,64350509643555;34,134307861328125;31,298959732055664;18,400802612304688;6,925350189208984;50,52012252807617;32,895572662353516;1,340000033378601;35,869998931884766;16,996356964111328;7,21999979019165;22,811437606811523;27,682621002197266;38,75189208984375;134538,0
2025-08-07;30,429506301879883;49,72098922729492;33,04959487915039;14,834037780761719;11,988943099975586;37,45012283325195;34,37537384033203;32,682743072509766;18,607440948486328;7,000830173492432;52,98643112182617;33,701175689697266;1,2999999523162842;36,16999816894531;17,254602432250977;7,309999942779541;22,91286277770996;27,56584930419922;39,20928192138672;136528,0
2025-08-08;28,55864906311035;50,85017776489258;33,27424240112305;14,993744850158691;11,82641315460205;36,58588790893555;34,134307861328125;33,01958084106445;18,62712287902832;6,64229679107666;53,417057037353516;34,14234161376953;1,2400000095367432;35,630001068115234;16,00163459777832;7,409999847412109;23,15259552001953;27,820005416870117;39,66667556762695;135913,0
2025-08-11;28,736379623413086;50,79509735107422;33,48091506958008;14,93737506866455;11,769050598144531;35,74086380004883;33,343631744384766;33,320011138916016;18,794401168823242;6,623426914215088;52,927711486816406;33,614864349365234;1,190000057220459;35,13999938964844;15,705130577087402;7,260000228881836;22,82065773010254;27,13309097290039;39,5323371887207;135623,0
2025-08-12;28,81121253967285;51,32756042480469;34,17281723022461;15,284977912902832;11,692564964294434;35,15510177612305;33,18934631347656;33,69326400756836;18,93216323852539;6,632862567901611;52,93749237060547;34,85204315185547;1,2100000381469727;35,599998474121094;15,992070198059082;7,550000190734863;23,327783584594727;27,421592712402344;44,71836471557617;137914,0
2025-08-13;28,596065521240234;51,39919662475586;33,84933090209961;15,153453826904297;11,58739948272705;35,164703369140625;33,55575942993164;33,52939987182617;18,971521377563477;6,349809646606445;52,71239471435547;34,21907043457031;1,2000000476837158;34,880001068115234;15,389497756958008;7,420000076293945;22,783775329589844;26,93388557434082;43,76018524169922;136687,0
2025-08-14;28,23124885559082;50,76252365112305;33,804405212402344;15,040718078613281;11,49179458618164;35,03987121582031;33,17006301879883;33,747886657714844;19,53240203857422;6,302634239196777;52,761329650878906;34,04643630981445;1,0499999523162842;37,77000045776367;15,322546005249023;6,96999979019165;23,22635841369629;27,02318572998047;43,96762466430664;136356,0
2025-08-15;28,221895217895508;50,66749954223633;33,687583923339844;15,059508323669434;11,51091480255127;34,54053497314453;32,996498107910156;34,166664123535156;20,31960105895996;6,246023178100586;52,19369125366211;34,430057525634766;1,0399999618530273;38,20000076293945;15,427755355834961;6,769999980926514;23,788806915283203;27,030052185058594;43,90835952758789;136341,0
2025-08-18;28,399625778198242;50,553470611572266;33,93019485473633;15,360135078430176;11,539596557617188;34,96304702758789;33,632904052734375;34,78572463989258;20,73288345336914;6,519641399383545;51,47924041748047;34,468421936035156;1,149999976158142;39,369998931884766;15,504271507263184;7,079999923706055;23,4107666015625;27,304821014404297;44,52080154418945;137322,0
2025-08-19;28,100290298461914;50,59148025512695;32,94432830810547;14,834037780761719;11,539596557617188;34,185237884521484;32,591514587402344;33,97548294067383;19,483203887939453;6,472465991973877;51,88050842285156;33,595680236816406;1,0399999618530273;37,81999969482422;15,179075241088867;6,840000152587891;22,931304931640625;27,13309097290039;42,969932556152344;134432,0
2025-08-20;28,268665313720703;50,36341857910156;32,96247100830078;14,881011009216309;11,568278312683105;34,63656234741211;32,05154037475586;33,993690490722656;19,5422420501709;6,302634239196777;51,37158966064453;33,845035552978516;1,0299999713897705;37,540000915527344;15,026041030883789;6,769999980926514;22,627029418945312;27,14682960510254;42,49578094482422;134667,0
2025-08-21;28,334144592285156;50,79103469848633;32,99876022338867;14,834037780761719;11,530036926269531;34,48291778564453;31,530845642089844;33,902652740478516;19,37496566772461;6,302634239196777;51,18563461303711;33,28878402709961;1,0299999713897705;36,849998474121094;14,76779556274414;6,829999923706055;22,571704864501953;27,54524040222168;42,09077835083008;134511,0
2025-08-22;29,149137496948242;52,06437301635742;33,92421340942383;15,322554588317871;11,673444747924805;36,009735107421875;33,38219451904297;34,38515853881836;20,172000885009766;6,5102057456970215;52,614524841308594;34,286197662353516;1,0399999618530273;38,310001373291016;15,217334747314453;7,159999847412109;24,093082427978516;27,63052749633789;42,77237319946289;137968,0
2025-08-25;29,321334838867188;52,187904357910156;33,7518196105957;15,360135078430176;11,58739948272705;36,2305908203125;33,38219451904297;34,184871673583984;19,72920036315918;6,717778205871582;52,2719841003418;34,1902961730957;1,0499999523162842;39,099998474121094;15,159947395324707;7,239999771118164;24,452680587768555;27,497079849243164;42,72298049926758;138025,0
2025-08-26;29,110872268676758;52,65353012084961;33,52500534057617;15,322554588317871;11,644762992858887;36,09615707397461;33,18934631347656;34,20307922363281;20,053922653198242;6,604557037353516;51,48903274536133;34,17111587524414;1,0199999809265137;38,939998626708984;14,968652725219727;7,25;24,489561080932617;27,574338912963867;42,52541732788086;137771,0
2025-08-27;29,330900192260742;52,625022888183594;34,087528228759766;15,435291290283203;11,616080284118652;36,240196228027344;33,74861145019531;34,822139739990234;20,2999210357666;6,774388790130615;51,85114669799805;34,76572799682617;1,059999942779541;39,79999923706055;15,293851852416992;7,380000114440918;24,895263671875;27,841232299804688;43,493473052978516;139206,0
2025-08-28;29,589197158813477;52,64402770996094;34,795230865478516;15,7734956741333;11,711687088012695;36,3170166015625;34,413936614990234;35,541343688964844;20,71320152282715;7,397103786468506;51,704341888427734;35,1397590637207;1,090000033378601;40,900001525878906;15,475579261779785;7,730000019073486;25,66056251525879;27,96063232421875;43,95774841308594;141049,0
2025-08-29;29,751827239990234;52,79607009887695;34,9222526550293;15,811075210571289;11,807292938232422;36,16337203979492;34,55857467651367;35,832664489746094;21,047761917114258;7,727332592010498;51,33243942260742;35,07262420654297;1,1699999570846558;41,709999084472656;15,55209732055664;7,610000133514404;25,927955627441406;28,051937103271484;44,31336212158203;141422,0
2025-09-01;29,81879234313965;52,834075927734375;35,201515197753906;15,707732200622559;11,759490013122559;36,30741500854492;34,761070251464844;35,605072021484375;20,752561569213867;7,8122477531433105;51,4303092956543;34,81367874145508;1,2400000095367432;41,54999923706055;15,532966613769531;7,539999961853027;25,63290023803711;27,391725540161133;43,87872314453125;141125,0
2025-09-02;29,97185707092285;52,634525299072266;34,602413177490234;15,528069496154785;11,625641822814941;36,182579040527344;34,712852478027344;35,45941162109375;20,09328269958496;7,689590930938721;51,146484375;34,420467376708984;1,2100000381469727;41,36000061035156;15,389497756958008;7,440000057220459;25,596019744873047;27,476011276245117;43,95774841308594;140335,0
2025-09-03;29,713560104370117;52,834075927734375;34,30286407470703;15,51866340637207;11,377066612243652;36,3458251953125;35,05998611450195;35,5777587890625;19,955522537231445;7,755636692047119;50,8626708984375;34,123165130615234;1,2699999809265137;40,849998474121094;15,332110404968262;7,429999828338623;25,457712173461914;27,391725540161133;43,76018524169922;139864,0
2025-09-04;29,713560104370117;52,938602447509766;34,439022064208984;15,829039573669434;11,625641822814941;35,76966857910156;35,677101135253906;35,541343688964844;20,09328269958496;8,161346435546875;50,569053649902344;34,37251663208008;1,2899999618530273;41,290000915527344;15,4086275100708;7,650000095367432;25,881853103637695;27,363632202148438;44,84678268432617;140993,0
2025-09-05;29,263935089111328;53,42323684692383;34,82027816772461;16,214651107788086;11,711687088012695;36,3458251953125;36,737770080566406;35,77804183959961;20,811601638793945;8,746320724487305;50,882240295410156;35,0918083190918;1,2799999713897705;41,380001068115234;15,638177871704102;7,789999961853027;26,582609176635742;27,672666549682617;45,706180572509766;142640,0
2025-09-08;29,378732681274414;53,556270599365234;34,656883239746094;16,130008697509766;11,606520652770996;35,952117919921875;36,072444915771484;35,51403045654297;20,61480140686035;8,406658172607422;50,50054931640625;34,92876434326172;1,350000023841858;40,45000076293945;15,179075241088867;7,840000152587891;26,213790893554688;27,742902755737305;44,91592788696289;141792,0
2025-09-09;29,60833168029785;53,39472579956055;34,357330322265625;15,979521751403809;11,78817081451416;35,51039123535156;35,92780303955078;35,29553985595703;21,057601928710938;8,416093826293945;50,8039436340332;34,72736740112305;1,2899999618530273;39,63999938964844;14,91126537322998;7,789999961853027;26,3981990814209;28,2415714263916;45,00483322143555;141618,0
2025-09-10;30,144054412841797;53,76532745361328;34,384559631347656;15,866659164428711;11,816852569580078;35,79847717285156;36,004947662353516;35,59596633911133;21,697202682495117;8,727449417114258;49,717594146728516;34,95753860473633;1,2799999713897705;40,0;15,265156745910645;7,75;26,840782165527344;28,494421005249023;45,054222106933594;142349,0
2025-09-11;30,029254913330078;54,18343734741211;34,4481086730957;16,01714324951172;11,96982192993164;35,36635971069336;37,306671142578125;35,8599739074707;21,864482879638672;9,43508243560791;50,45161819458008;34,93836212158203;1,2699999809265137;39,7400016784668;15,475579261779785;7,820000171661377;28,15930938720703;28,494421005249023;45,804962158203125;143151,0
2025-09-12;29,828359603881836;54,164432525634766;33,93069839477539;15,829039573669434;12,027185440063477;35,481590270996094;36,515995025634766;35,7052116394043;21,95304298400879;9,29355525970459;49,3554801940918;34,689002990722656;1,2699999809265137;39,33000183105469;15,159947395324707;7,829999923706055;27,974899291992188;28,367998123168945;44,99495315551758;142272,0
2025-09-15;30,08665657043457;54,639556884765625;34,49348831176758;16,01714324951172;12,07498836517334;35,05907440185547;36,92097854614258;36,160404205322266;21,520084381103516;9,982316017150879;49,423988342285156;35,06303787231445;1,2899999618530273;39,33000183105469;15,513837814331055;7,869999885559082;28,15930938720703;28,599773406982422;45,31105041503906;143547,0
2025-09-16;30,16318702697754;54,82960891723633;34,40271759033203;15,979521751403809;12,151472091674805;35,30874252319336;37,7020149230957;36,68842315673828;21,588964462280273;10,133277893066406;49,60015106201172;34,76572799682617;1,309999942779541;38,13999938964844;16,16423225402832;8,069999694824219;28,23307228088379;28,41716194152832;45,478981018066406;144062,0
2025-09-17;30,34494972229004;54,92463302612305;34,89288330078125;16,534433364868164;12,227956771850586;35,25112533569336;38,666263580322266;37,08899688720703;21,520084381103516;10,671077728271484;49,815467834472656;35,15894317626953;1,340000033378601;38,63999938964844;16,279006958007812;8,109999656677246;28,288394927978516;28,64191246032715;46,130943298339844;145594,0
2025-09-18;30,048389434814453;54,820106506347656;34,93827438354492;16,365137100219727;11,96982192993164;35,27033233642578;38,47341537475586;37,626121520996094;21,746402740478516;10,595597267150879;49,649085998535156;35,11098861694336;1,3200000524520874;38,79999923706055;16,307701110839844;7,909999847412109;28,23307228088379;28,78940773010254;46,18033218383789;145500,0
2025-09-19;29,713560104370117;55,03866195678711;35,40121078491211;16,656700134277344;11,998503684997559;34,90542984008789;38,23235321044922;38,4272575378418;21,274084091186523;10,482375144958496;49,423988342285156;35,667240142822266;1,2899999618530273;38,18000030517578;16,18336296081543;8,010000228881836;28,269954681396484;29,288076400756836;46,91131591796875;145865,0
2025-09-22;30,01012420654297;55,11468505859375;34,89288330078125;16,68491554260254;11,816852569580078;35,63523483276367;37,7309455871582;37,97206115722656;21,165843963623047;10,227627754211426;49,277183532714844;35,082218170166016;1,190000057220459;37,560001373291016;15,561660766601562;7,949999809265137;27,670623779296875;29,00011444091797;46,57545852661133;145109,0
2025-09-23;30,517147064208984;54,80109786987305;35,446590423583984;16,788373947143555;11,912458419799805;35,24152755737305;39,13874435424805;38,23607635498047;21,775920867919922;10,378589630126953;49,06187438964844;35,71519470214844;1,1699999570846558;38,04999923706055;15,226899147033691;7,980000019073486;27,845813751220703;28,964994430541992;47,227413177490234;146425,0
2025-09-24;31,205934524536133;55,010154724121094;35,210594177246094;16,656700134277344;11,835973739624023;35,423973083496094;39,10017395019531;37,83935546875;21,756242752075195;10,265368461608887;48,88570785522461;35,408294677734375;1,100000023841858;37,29999923706055;15,459397315979004;8,039999961853027;28,030221939086914;28,515491485595703;47,24717330932617;146492,0
2025-09-25;30,95720863342285;55,31423568725586;34,92919921875;16,525028228759766;11,912458419799805;34,90542984008789;38,8109016418457;37,32677459716797;21,441364288330078;10,3974609375;49,16952896118164;35,13016891479492;1,0199999809265137;37,0099983215332;15,246030807495117;7,949999809265137;27,707504272460938;28,28371238708496;46,77301788330078;145306,0
2025-09-26;30,851974487304688;54,24995422363281;35,10166549682617;16,60967254638672;11,912458419799805;34,876625061035156;39,14823913574219;37,72951889038086;21,756242752075195;10,557855606079102;48,396358489990234;35,22607421875;1,0299999713897705;36,59000015258789;15,343015670776367;7,989999771118164;28,0210018157959;28,199434280395508;47,454612731933594;145447,0
2025-09-29;30,431049346923828;54,43050003051758;35,30136489868164;16,77897071838379;11,864655494689941;35,03096008300781;39,128700256347656;38,71806335449219;21,766082763671875;10,02005672454834;48,1223258972168;35,49460983276367;1,0299999713897705;36,349998474121094;15,28482437133789;8,039999961853027;28,25151252746582;28,852619171142578;48,25474166870117;146337,0
2025-09-30;30,096221923828125;54,715579986572266;35,464752197265625;16,919721603393555;11,558717727661133;35,242862701416016;38,53288269042969;38,516693115234375;21,73656463623047;9,05767822265625;48,83677673339844;35,43706512451172;1,0199999809265137;35,849998474121094;14,673820495605469;7,900000095367432;28,30683708190918;28,585725784301758;47,671932220458984;146237,0
2025-10-01;30,019689559936523;55,409263610839844;34,826927185058594;16,632780075073242;11,463111877441406;34,47231674194336;39,050559997558594;38,113948822021484;21,579120635986328;9,05767822265625;48,82698440551758;35,21648406982422;1,0299999713897705;35,47999954223633;14,693216323852539;8,210000038146973;28,343717575073242;28,817502975463867;47,2372932434082;145517,0
2025-10-02;29,732694625854492;55,77986145019531;34,44551086425781;16,36370086669922;11,405749320983887;34,799800872802734;37,87845993041992;38,02241897583008;21,41184425354004;8,642535209655762;49,032508850097656;34,76572799682617;1,0099999904632568;35,54999923706055;14,353769302368164;8,15999984741211;28,03944206237793;28,50144386291504;46,66436004638672;143950,0
2025-10-03;29,65616226196289;55,67533493041992;34,69978713989258;16,373275756835938;11,348384857177734;35,05986022949219;38,093345642089844;38,077335357666016;21,234722137451172;8,633099555969238;49,619728088378906;34,76572799682617;1,0099999904632568;35,86000061035156;14,256783485412598;8,199999809265137;28,122426986694336;28,30478286743164;47,21753692626953;144201,0
2025-10-06;29,3882999420166;56,625587463378906;34,300209045410156;16,277524948120117;11,329264640808105;34,36636734008789;37,331478118896484;38,10479736328125;21,067441940307617;8,453832626342773;48,44529724121094;34,63146209716797;0,9700000286102295;36,0;13,956131935119629;8,729999542236328;27,66140365600586;28,0589599609375;47,04961013793945;143608,0
2025-10-07;29,493532180786133;55,82737350463867;33,75532913208008;16,009424209594727;11,195416450500488;34,41452407836914;35,95425796508789;37,40915298461914;20,870643615722656;8,472702026367188;47,84829330444336;33,77790069580078;0,8999999761581421;35,33000183105469;13,16085433959961;8,399999618530273;26,94220542907715;28,199434280395508;45,478981018066406;141356,0
2025-10-08;29,321334838867188;56,25498962402344;33,81889724731445;16,267953872680664;11,357946395874023;34,1929931640625;35,91518783569336;37,51899337768555;20,78208351135254;8,576488494873047;46,810882568359375;33,845035552978516;0,9200000166893005;36,130001068115234;13,393619537353516;8,460000038146973;27,54153823852539;27,9676570892334;46,86192321777344;142145,0
2025-10-09;28,900407791137695;56,16946792602539;33,764408111572266;16,354124069213867;11,204977035522461;35,830406188964844;35,85658264160156;36,42060852050781;20,850963592529297;8,463268280029297;46,673858642578125;33,883399963378906;0,8799999952316284;35,869998931884766;13,422714233398438;8,420000076293945;26,92376708984375;28,00277328491211;46,8322868347168;141708,0
2025-10-10;28,642112731933594;55,941402435302734;33,728084564208984;16,133901596069336;11,291022300720215;35,33917999267578;34,967735290527344;36,42060852050781;20,280242919921875;8,312307357788086;47,163204193115234;33,806671142578125;0,8700000047683716;33,709999084472656;13,558492660522461;7,909999847412109;26,757797241210938;28,410137176513672;46,56557846069336;140680,0
2025-10-13;28,919540405273438;56,77762985229492;33,86430358886719;16,200929641723633;11,338824272155762;36,446842193603516;35,29983139038086;36,383995056152344;20,545921325683594;8,114171028137207;47,18278121948242;33,940940856933594;0,8500000238418579;33,7599983215332;13,713668823242188;8,40999984741211;26,711694717407227;29,147607803344727;46,7335090637207;141783,0
2025-10-14;28,718645095825195;56,77762985229492;34,00959777832031;16,430727005004883;11,520475387573242;35,95561981201172;35,03610610961914;36,8050422668457;20,36880111694336;8,284001350402832;46,96746826171875;33,816261291503906;0,8799999952316284;32,959999084472656;13,8882417678833;8,449999809265137;26,573387145996094;28,129196166992188;45,8345947265625;141683,0
2025-10-15;28,460350036621094;57,8324089050293;34,00959777832031;16,62222671508789;11,463111877441406;36,04230499267578;35,934722900390625;37,08879089355469;19,994882583618164;8,406658172607422;46,615142822265625;34,22865676879883;0,8700000047683716;33,400001525878906;13,820352554321289;8,520000457763672;26,767019271850586;27,9676570892334;46,85204315185547;142604,0
2025-10-16;28,173355102539062;57,30026626586914;33,92787170410156;16,813724517822266;11,616080284118652;37,01511764526367;35,26076126098633;37,16201400756836;20,04408073425293;7,736766815185547;46,781517028808594;34,41088104248047;0,8500000238418579;32,619998931884766;13,87854290008545;8,300000190734863;26,582609176635742;28,276689529418945;45,212276458740234;142200,0
2025-10-17;28,44121551513672;57,13872528076172;34,04593276977539;16,928627014160156;11,82641315460205;38,67179489135742;35,7491340637207;37,33592987060547;20,565603256225586;7,925468921661377;46,615142822265625;34,84245681762695;0,9300000071525574;32,900001525878906;13,810653686523438;8,34000015258789;26,527286529541016;28,136219024658203;45,814842224121094;143399,0
2025-10-20;28,460350036621094;57,87042236328125;34,65437698364258;17,24460220336914;11,816852569580078;38,084251403808594;36,110538482666016;37,592220306396484;20,43768310546875;7,8688578605651855;46,69343566894531;35,005489349365234;0,9200000166893005;33,040000915527344;13,868844985961914;8,720000267028809;27,338685989379883;28,02384376525879;46,11118698120117;144509,0
2025-10-21;28,23075294494629;57,775394439697266;34,327457427978516;17,014801025390625;11,683005332946777;38,20946502685547;36,48170471191406;38,02241897583008;20,211362838745117;7,887727737426758;46,46833801269531;34,77531814575195;0,9599999785423279;32,630001068115234;14,188895225524902;8,649999618530273;27,430891036987305;27,85527992248535;46,308746337890625;144085,0
2025-10-22;28,556015014648438;58,80167007446289;34,608978271484375;17,033952713012695;11,539596557617188;38,54657745361328;36,91147232055664;38,544151306152344;20,358963012695312;7,8688578605651855;47,192569732666016;35,07262420654297;0,9399999976158142;32,36000061035156;14,033720016479492;8,609999656677246;27,44933319091797;27,623502731323242;46,723628997802734;144873,0
2025-10-23;28,881275177001953;58,6876335144043;34,58172607421875;17,215879440307617;11,58739948272705;39,91429901123047;37,31194305419922;38,480079650878906;20,31960105895996;7,425409317016602;47,63298034667969;35,17811965942383;0,9599999785423279;32,22999954223633;14,37316608428955;8,760000228881836;27,61530113220215;27,672666549682617;46,70387268066406;145721,0
2025-10-24;28,54644775390625;58,65913009643555;34,53631591796875;17,311628341674805;11,577838897705078;39,84687805175781;37,84915542602539;38,68144989013672;20,191682815551758;7,623546123504639;48,05381393432617;35,5809211730957;0,9700000286102295;32,43000030517578;14,353769302368164;8,630000114440918;27,781269073486328;27,581361770629883;47,069366455078125;146172,0
2025-10-27;28,699512481689453;58,592613220214844;34,826927185058594;17,455251693725586;11,616080284118652;40,13582992553711;38,40590286254883;38,94689178466797;20,516403198242188;8,038689613342285;48,06360626220703;35,7535514831543;0,949999988079071;32,38999938964844;14,37316608428955;8,920000076293945;27,855031967163086;27,99574851989746;47,17802429199219;146969,0
2025-10-28;28,689945220947266;59,10574722290039;34,94498062133789;17,464826583862305;11,501354217529297;40,76190185546875;38,25939178466797;38,99265670776367;20,62464141845703;8,170781135559082;48,41593551635742;34,612281799316406;0,9300000071525574;32,119998931884766;14,140401840209961;9,119999885559082;27,781269073486328;27,91849136352539;47,3657112121582;147429,0
2025-10-29;28,718645095825195;60,179534912109375;35,725982666015625;18,02975082397461;11,501354217529297;40,50183868408203;38,84544372558594;39,18487548828125;20,880483627319336;8,048124313354492;48,05381393432617;35,197303771972656;0,9200000166893005;31,600000381469727;14,188895225524902;9,3100004196167;27,61530113220215;28,136219024658203;48,95608901977539;148633,0
2025-10-30;28,594280242919922;60,635658264160156;35,680564880371094;17,330780029296875;12,03674602508545;39,92393493652344;38,32776641845703;39,17572021484375;21,28392219543457;8,019819259643555;47,65255355834961;35,30280303955078;0,9399999976158142;31,56999969482422;14,150101661682129;9,359999656677246;27,781269073486328;27,9676570892334;48,52145004272461;148780,0
2025-10-31;28,460350036621094;62,013526916503906;35,81679153442383;17,388225555419922;12,151472091674805;40,54999923706055;38,52311325073242;39,66999816894531;21,549602508544922;7,991513252258301;47,84829330444336;35,149349212646484;0,949999988079071;31,280000686645508;14,392562866210938;9,4399995803833;28,094764709472656;28,094079971313477;48,22510528564453;149540,0
2025-11-03;28,795177459716797;62,09904479980469;36,4142951965332;17,579730987548828;12,342683792114258;41,22422790527344;38,72823715209961;39,4503173828125;21,726722717285156;7,8688578605651855;47,51553726196289;36,06045150756836;0,9399999976158142;30,399999618530273;14,305276870727539;9,300000190734863;28,223852157592773;28,30478286743164;47,90900802612305;150454,0
2025-11-04;28,938674926757812;61,405364990234375;36,305267333984375;17,636253356933594;12,581697463989258;41,17607116699219;39,94917678833008;39,322174072265625;21,91368293762207;7,906598091125488;48,35721206665039;36,21390151977539;0,9200000166893005;30,549999237060547;14,518643379211426;9,130000114440918;28,5373477935791;29,049278259277344;48,44242858886719;150704,0
2025-11-05;29,512666702270508;62,46014404296875;36,459720611572266;18,01007080078125;12,60081958770752;41,90808868408203;40,60359573364258;40,07273483276367;22,24824333190918;8,246260643005371;47,85808181762695;36,971553802490234;0,9100000262260437;31,600000381469727;14,99386978149414;8,710000038146973;29,201221466064453;29,646276473999023;49,775978088378906;153294,0
2025-11-06;29,665729522705078;62,24158477783203;36,459720611572266;17,933387756347656;12,505212783813477;42,29336166381836;40,193363189697266;43,42280960083008;22,494243621826172;7,538629531860352;47,613407135009766;37,46982192993164;0,8899999856948853;31,360000610351562;14,12100601196289;8,5;29,588481903076172;30,12387466430664;49,60804748535156;153339,0
2025-11-07;30,785011291503906;61,55739974975586;36,496055603027344;17,952556610107422;12,543455123901367;43,343231201171875;39,93940734863281;43,3038215637207;22,523761749267578;7,6801557540893555;46,605350494384766;37,6591682434082;0,8399999737739563;31,06999969482422;13,529397964477539;8,350000381469727;30,731821060180664;29,85698127746582;49,97353744506836;154064,0
2025-11-10;30,95720863342285;61,96601104736328;36,741363525390625;18,288028717041016;12,60081958770752;43,699607849121094;41,09197235107422;42,727169036865234;22,415523529052734;7,944338321685791;45,7049560546875;37,958126068115234;0,8700000047683716;31,360000610351562;14,062814712524414;8,289999961853027;30,750259399414062;30,376724243164062;50,58598327636719;155257,0
2025-11-11;31,76079559326172;61,80447006225586;37,45002746582031;18,681013107299805;12,992801666259766;44,33530807495117;42,24454116821289;41,94914627075195;23,094482421875;8,576488494873047;45,55815124511719;38,984561920166016;0,9200000166893005;31,579999923706055;14,499246597290039;8,3100004196167;31,939699172973633;30,741945266723633;51,7614860534668;157749,0
2025-11-12;30,94763946533203;62,488651275634766;36,596004486083984;18,633089065551758;13,021483421325684;43,237281799316406;42,058963775634766;43,01091766357422;22,43520164489746;8,633099555969238;47,0457649230957;39,36324691772461;0,9300000071525574;32,689998626708984;14,489547729492188;8,729999542236328;31,76451301574707;31,149311065673828;53,01600646972656;157633,0
2025-11-13;31,081573486328125;62,40312576293945;36,741363525390625;18,671428680419922;13,031044006347656;43,169857025146484;41,06267166137695;42,42510986328125;22,140003204345703;8,54818344116211;46,644500732421875;39,144004821777344;0,8700000047683716;18,889999389648438;14,382864952087402;8,609999656677246;31,294265747070312;30,699804306030273;53,34198760986328;157162,0
2025-11-14;31,282468795776367;62,02302169799805;36,88673400878906;18,661842346191406;13,088406562805176;42,80384826660156;43,025943756103516;42,15966796875;22,080965042114258;9,048243522644043;46,350894927978516;39,32338333129883;0,8700000047683716;17,790000915527344;14,70291519165039;8,649999618530273;32,50214767456055;30,32053565979004;52,73942184448242;157739,0
2025-11-17;31,454666137695312;61,97551345825195;36,614173889160156;18,518068313598633;13,1553316116333;42,35115432739258;42,16640090942383;41,363338470458984;22,140003204345703;8,614230155944824;47,46660232543945;39,12407302856445;0,8500000238418579;18,0;14,673820495605469;8,350000381469727;31,626203536987305;30,306488037109375;52,334415435791016;156993,0
2025-11-18;31,559898376464844;61,785457611083984;36,43246078491211;18,29761505126953;13,136210441589355;41,84066390991211;42,00035095214844;41,253501892089844;21,529922485351562;8,93502140045166;47,4959602355957;39,04435348510742;0,8500000238418579;17,0;14,625327110290527;8,149999618530273;31,847496032714844;30,3626766204834;51,75160217285156;156522,0
2025-11-19;31,397266387939453;61,71894073486328;36,205322265625;18,11549949645996;12,820711135864258;42,04293441772461;41,75616455078125;40,93313980102539;21,234722137451172;8,80293083190918;47,300228118896484;38,77528762817383;0,8500000238418579;17,34000015258789;14,4701509475708;8,109999656677246;31,49711799621582;30,10280418395996;51,48489761352539;155381,0
2025-11-21;31,158103942871094;61,91850280761719;36,31435012817383;18,01007080078125;13,021483421325684;41,62876510620117;41,06267166137695;40,832454681396484;21,64800262451172;9,085983276367188;47,2806510925293;38,70553207397461;0,8299999833106995;17,420000076293945;14,732009887695312;8,100000381469727;31,44179344177246;29,948287963867188;50,58598327636719;154770,0
2025-11-24;31,129404067993164;61,85197830200195;36,178070068359375;18,019651412963867;13,164892196655273;41,59986877441406;41,97105026245117;41,628780364990234;21,490562438964844;9,340730667114258;46,95768356323242;38,615840911865234;0,8100000023841858;17,1299991607666;14,644723892211914;8,109999656677246;31,819833755493164;30,503145217895508;50,56622314453125;155278,0
2025-11-25;30,880674362182617;62,33660888671875;36,25984191894531;18,16342544555664;13,136210441589355;41,37833786010742;42,498497009277344;41,6562385559082;21,61848258972168;9,680394172668457;46,781517028808594;39,01445770263672;0,8100000023841858;17,059999465942383;14,770803451538086;8,3100004196167;31,958141326904297;30,432910919189453;51,13916015625;155910,0
2025-11-26;30,832841873168945;63,267860412597656;37,113868713378906;18,709766387939453;13,069286346435547;42,765323638916016;43,71943664550781;42,93769073486328;21,864482879638672;9,538866996765137;46,840240478515625;39,56255340576172;0,8100000023841858;15,84000015258789;14,984170913696289;8,640000343322754;32,253196716308594;31,163358688354492;52,028194427490234;158555,0
2025-11-27;30,99547576904297;63,030296325683594;36,986671447753906;18,671428680419922;13,11708927154541;42,42820739746094;43,66083526611328;42,1505126953125;21,805442810058594;9,54830265045166;47,172996520996094;39,52268981933594;0,8299999833106995;15,0;15,401206970214844;8,479999542236328;32,059566497802734;31,190046310424805;52,018314361572266;158292,0
2025-11-28;30,41191864013672;64,04706573486328;37,83161544799805;18,834367752075195;13,250936508178711;42,620845794677734;44,19804763793945;42,681400299072266;22,1104793548584;9,699263572692871;46,56620788574219;39,622344970703125;0,8399999737739563;14,100000381469727;15,275126457214355;8,4399995803833;32,944732666015625;30,128089904785156;53,34198760986328;159072,0
2025-12-01;30,469316482543945;64,54119110107422;37,53862380981445;18,546825408935547;13,3943452835083;43,516605377197266;44,34456253051758;41,83015441894531;21,90384292602539;9,755874633789062;46,46833801269531;39,163936614990234;0,8399999737739563;14,0600004196167;15,28482437133789;8,449999809265137;33,1475830078125;29,852767944335938;53,01600646972656;158611,0
2025-12-02;30,679777145385742;65,0733413696289;38,37483215332031;18,74732208251953;13,384784698486328;43,9307746887207;46,444576263427734;42,54410171508789;22,27100372314453;9,991751670837402;47,172996520996094;40,060821533203125;0,8600000143051147;14,600000381469727;15,313920021057129;8,579999923706055;33,94976043701172;30,550905227661133;54,507606506347656;161092,0
2025-12-03;30,90937614440918;67,17340087890625;38,37483215332031;18,229228973388672;13,528192520141602;43,39139175415039;46,122249603271484;41,93083953857422;22,138286590576172;10,60503101348877;47,907012939453125;40,02096176147461;0,8600000143051147;14,640000343322754;14,99386978149414;9,050000190734863;33,93132019042969;30,295249938964844;55,39664077758789;161755,0
2025-12-04;31,110271453857422;68,34220886230469;39,32011795043945;18,488277435302734;13,336981773376465;44,26997375488281;48,44691848754883;43,404502868652344;22,524076461791992;10,991869926452637;48,48444366455078;41,10718536376953;0,8600000143051147;15,550000190734863;14,586533546447754;9,289999961853027;35,305171966552734;30,71806526184082;56,226402282714844;164456,0
2025-12-05;30,01012420654297;66,7267837524414;37,50225830078125;17,38492774963379;13,011922836303711;45,43753433227539;44,862239837646484;40,365638732910156;20,93146324157715;9,916271209716797;49,423988342285156;39,104148864746094;0,8299999833106995;14,470000267028809;13,461507797241211;8,90999984741211;31,81061363220215;29,14479637145996;51,7812385559082;157369,0
2025-12-08;30,287551879882812;66,2706527709961;37,684051513671875;17,50965118408203;13,021483421325684;46,478607177734375;44,95014953613281;40,713462829589844;21,36671257019043;9,944576263427734;49,31633377075195;38,79521942138672;0,8700000047683716;13,600000381469727;13,810653686523438;8,760000228881836;33,13835906982422;29,5872802734375;52,294898986816406;158187,0
2025-12-09;30,4788818359375;66,30867004394531;37,60224533081055;17,279386520385742;13,040604591369629;46,37158203125;43,953857421875;40,438865661621094;21,25790023803711;9,453951835632324;49,37505340576172;38,416534423828125;0,8600000143051147;13,510000228881836;13,558492660522461;9,050000190734863;32,290077209472656;29,636444091796875;51,56391906738281;157981,0
2025-12-10;30,5554141998291;67,52498626708984;37,8981819152832;17,586406707763672;13,002363204956055;47,15968322753906;44,92084503173828;40,38394546508789;21,36671257019043;9,425646781921387;50,569053649902344;38,36670684814453;0,8399999737739563;13,479999542236328;13,59728717803955;9,630000114440918;32,540000915527344;29,783939361572266;52,778934478759766;159075,0
2025-12-11;30,048389434814453;68,41822814941406;37,86935043334961;17,787887573242188;13,17445182800293;47,23752212524414;45,663177490234375;40,521244049072266;21,3370361328125;9,03880786895752;48,41593551635742;38,745391845703125;0,8600000143051147;13,9399995803833;13,655478477478027;9,770000457763672;32,849998474121094;29,803604125976562;54,112483978271484;159189,0
2025-12-12;30,2205867767334;68,61000061035156;38,20566940307617;17,903018951416016;13,423027038574219;48,181297302246094;46,3859748840332;41,18942642211914;21,46563148498535;9,31242561340332;48,014671325683594;39,69210433959961;0,8500000238418579;14,699999809265137;13,998322486877441;9,699999809265137;33,13999938964844;29,941267013549805;54,616268157958984;160766,0
2025-12-15;30,325817108154297;69,02999877929688;38,7822151184082;18,1524715423584;13,652480125427246;48,336971282958984;46,64969253540039;43,129905700683594;21,77228355407715;9,284119606018066;47,6721305847168;40,30995559692383;0,8600000143051147;15,289999961853027;14,264488220214844;9,579999923706055;33,04999923706055;30,46240997314453;55,772010803222656;162482,0
2025-12-16;29,407432556152344;69,29000091552734;37,78287124633789;17,653566360473633;13,53775405883789;48,58994674682617;44,246883392333984;42,27865982055664;21,475522994995117;8,963327407836914;47,87765121459961;38,84504699707031;0,8299999833106995;14,470000267028809;13,732157707214355;9,680000305175781;31,469999313354492;29,803604125976562;52,85795593261719;158578,0
2025-12-17;29,732694625854492;70,16999816894531;37,44655227661133;17,50965118408203;13,40390682220459;48,45372772216797;42,59617233276367;41,15281295776367;21,317251205444336;8,680274963378906;48,7291145324707;37,958126068115234;0,8199999928474426;14,510000228881836;13,239258766174316;9,5600004196167;31,0;29,86260414123535;51,11940383911133;157327,0
2025-12-18;29,560497283935547;70,3499984741211;37,63873291015625;17,586406707763672;13,308300018310547;48,64832305908203;42,81904220581055;41,6653938293457;21,35681915283203;8,82180118560791;51,52817916870117;38,416534423828125;0,8199999928474426;14,229999542236328;13,189969062805176;9,59000015258789;30,5;30,147756576538086;52,117095947265625;157923,0
2025-12-19;29,665729522705078;70,8499984741211;37,98466873168945;17,74951171875;13,279999732971191;48,375892639160156;43,27372360229492;41,26816177368164;21,20844078063965;8,727449417114258;51,314788818359375;38,57598114013672;0,8100000023841858;14,260000228881836;13,35755443572998;9,279999732971191;29,770000457763672;30,569360733032227;52,11213302612305;158473,0
2025-12-22;29,751827239990234;72,91999816894531;38,0615348815918;17,50005531311035;13,119999885559082;47,556175231933594;42,927772521972656;40,262351989746094;21,0699520111084;8,482137680053711;51,194801330566406;37,46982192993164;0,8100000023841858;14,0600004196167;12,8942289352417;9,199999809265137;29,040000915527344;29,888946533203125;51,41411590576172;158142,0
2025-12-23;29,91182518005371;72,9000015258789;38,68613052368164;17,663164138793945;13,470000267028809;48,17482376098633;44,380775451660156;41,49720764160156;21,515092849731445;8,765191078186035;51,49477005004883;38,29695129394531;0,8100000023841858;14,149999618530273;13,35755443572998;9,210000038146973;29,549999237060547;30,687694549560547;52,7104377746582;160456,0
2025-12-26;30,01051139831543;73,12000274658203;38,698612213134766;17,653566360473633;13,720000267028809;48,643802642822266;44,370887756347656;41,27812194824219;21,614011764526367;8,727449417114258;51,67475128173828;38,36670684814453;0,8100000023841858;14,550000190734863;13,456133842468262;9,15999984741211;29,6299991607666;30,84547233581543;52,301597595214844;160897,0
2025-12-29;30,32630729675293;72,12000274658203;38,57985305786133;17,739913940429688;13,869999885559082;48,60388946533203;44,45984649658203;40,581024169921875;21,485414505004883;8,82180118560791;51,544761657714844;38,36670684814453;0,800000011920929;14,75;13,308263778686523;8,930000305175781;28,989999771118164;30,4904727935791;52,291622161865234;160490,0
2025-12-30;30,415124893188477;71,95999908447266;38,8272819519043;17,824491500854492;13,859999656677246;48,40432357788086;43,06615447998047;40,44160461425781;21,683256149291992;8,856711387634277;51,44477462768555;38,5;0,8100000023841858;14,729999542236328;13,258974075317383;8,9399995803833;29,6200008392334;30,934221267700195;52,58000183105469;161125,0
2026-01-02;30,306570053100586;72,37999725341797;38,76606750488281;17,853891372680664;13,649999618530273;48,14488983154297;42,93765640258789;40,30218505859375;21,445846557617188;8,747735977172852;51,86473083496094;38,29999923706055;0,800000011920929;14,5600004196167;13,189969062805176;8,699999809265137;23,959999084472656;30,697553634643555;52,189998626708984;160539,0
2026-01-05;29,80327033996582;73,12000274658203;39,330482482910156;18,608198165893555;13,710000038146973;47,97526168823242;43,234188079833984;40,78019714355469;21,643688201904297;8,866618156433105;50,42487716674805;38,599998474121094;0,8199999928474426;15,170000076293945;12,795649528503418;9,050000190734863;25,270000457763672;30,687694549560547;53,599998474121094;161870,0
2026-01-06;29,250625610351562;75,87000274658203;39,5681266784668;18,71609878540039;13,699999809265137;48,0650634765625;43,80747985839844;42,323768615722656;21,88109588623047;9,064754486083984;50,22489929199219;38,9900016784668;0,8100000023841858;16,489999771118164;13,258974075317383;9,319999694824219;25,139999389648438;30,9835262298584;54,310001373291016;163664,0
2026-01-07;29,43813133239746;76,31999969482422;38,93440246582031;18,480676651000977;13,699999809265137;47,59608840942383;43,45164108276367;40,820030212402344;21,46563148498535;9,203451156616211;49,9349250793457;38,25;0,8299999833106995;16,139999389648438;12,943519592285156;9,850000381469727;24,219999313354492;30,47075080871582;53,25;161975,0
2026-01-08;29,80327033996582;75,58000183105469;39,538421630859375;18,166780471801758;13,640000343322754;45,61042404174805;43,06615447998047;40,5013542175293;21,584335327148438;9,134102821350098;49,564964294433594;38,79999923706055;0,8199999928474426;15,369999885559082;13,229400634765625;9,859999656677246;24,489999771118164;30,431306838989258;54,400001525878906;162937,0
2026-01-09;29,90195655822754;74,72000122070312;39,45920181274414;18,186399459838867;13,899999618530273;45,99957275390625;42,7103157043457;41,01919937133789;21,623905181884766;8,797270774841309;50,98482131958008;38,88999938964844;0,8500000238418579;15,25;13,111104965209961;9,84000015258789;24,770000457763672;30,520055770874023;54,720001220703125;163370,0
2026-01-12;29,96116828918457;74,73999786376953;39,10273742675781;18,049068450927734;13,899999618530273;46,64815902709961;42,40390396118164;40,989322662353516;21,63379669189453;8,500065803527832;52,10470962524414;38,29999923706055;0,8500000238418579;15,260000228881836;13,219542503356934;9,920000076293945;24,579999923706055;30,75672149658203;54,06999969482422;163150,0
2026-01-13;30,730920791625977;75,3499984741211;38,78587341308594;17,84307289123535;13,90999984741211;46,29892349243164;41,38581085205078;40,05322265625;20,971033096313477;8,123605728149414;51,50476837158203;37,33000183105469;0,8299999833106995;13,979999542236328;13,051956176757812;10,050000190734863;24,780000686645508;29,849502563476562;53,38999938964844;161973,0
2026-01-14;31,56975555419922;78,91999816894531;39,2116584777832;18,166780471801758;14,199999809265137;46,907588958740234;41,43523025512695;40,172725677490234;21,267791748046875;8,321742057800293;52,16469955444336;37,59000015258789;0,8600000143051147;13,890000343322754;13,327980995178223;10,270000457763672;24,920000076293945;30,500333786010742;54,5;165146,0
2026-01-15;31,37238311767578;78,8499984741211;39,548316955566406;18,53952980041504;14,039999961853027;46,33883285522461;41,49454116821289;40,152809143066406;21,22822380065918;8,658574104309082;52,34468078613281;37,75;0,8600000143051147;13,25;13,318121910095215;9,949999809265137;24,950000762939453;30,145334243774414;55,08000183105469;165568,0
2026-01-16;31,619098663330078;78,87999725341797;39,221561431884766;18,549339294433594;14,100000381469727;46,219093322753906;40,22934341430664;40,083099365234375;21,139196395874023;8,381183624267578;51,594757080078125;37,439998626708984;0,8199999928474426;12,989999771118164;13,140678405761719;9,510000228881836;24,700000762939453;30,046722412109375;54,400001525878906;164800,0
2026-01-19;31,74738883972168;78,56999969482422;39,162147521972656;18,53952980041504;14,09000015258789;46,11931228637695;40,338069915771484;40,28226852416992;21,079843521118164;8,28211498260498;51,844730377197266;37,470001220703125;0,800000011920929;13,489999771118164;13,199827194213867;9,210000038146973;24,6200008392334;30,322834014892578;54,81999969482422;164849,0
2026-01-20;31,865816116333008;80,08000183105469;39,52851867675781;18,804384231567383;14,069999694824219;46,328857421875;40,258995056152344;39,97355270385742;21,307361602783203;8,321742057800293;51,344783782958984;37,959999084472656;0,7900000214576721;13,229999542236328;13,426559448242188;8,930000305175781;25,360000610351562;30,806026458740234;55,099998474121094;166277,0
2026-01-21;32,99083709716797;82,5;41,261356353759766;19,38313102722168;14,3100004196167;47,486328125;42,12713623046875;40,87977981567383;22,158071517944336;8,727923393249512;52,194698333740234;39,09000015258789;0,8100000023841858;13,880000114440918;14,28420352935791;9,369999885559082;26,489999771118164;31,861164093017578;57,72999954223633;171817,0
2026-01-22;33,13887023925781;82,9800033569336;42,65753173828125;19,912830352783203;14,59000015258789;49,12275695800781;43,3725700378418;43,21007537841797;23,196731567382812;8,876524925231934;52,184696197509766;40,25;0,8100000023841858;13,789999961853027;14,737669944763184;9,539999961853027;26,899999618530273;32,77824401855469;58,310001373291016;175589,0
2026-01-23;34,579689025878906;85,0199966430664;43,14272689819336;20,39348793029785;14,899999618530273;49,76136016845703;44,232505798339844;43,767757415771484;24,01776885986328;9,282705307006836;52,244693756103516;40,90999984741211;0,8100000023841858;13,739999771118164;14,639090538024902;10,140000343322754;28,020000457763672;32,76838302612305;59,09000015258789;178859,0
2026-01-26;34,895484924316406;83,06999969482422;43,717041015625;20,481767654418945;15,050000190734863;51,4975700378418;45,16163635253906;43,90717315673828;24,136470794677734;9,381773948669434;51,66474914550781;40,720001220703125;0,8299999833106995;13,59000015258789;14,540511131286621;9,960000038146973;28,059999465942383;32,91630172729492;60,22999954223633;178721,0
2026-01-27;35,65536880493164;84,9000015258789;44,87556838989258;21,02128028869629;14,869999885559082;52,58519744873047;47,14839553833008;43,41920471191406;24,42333984375;9,550189971923828;51,2747917175293;41,5;0,8999999761581421;13,869999885559082;15,013692855834961;10,670000076293945;29,790000915527344;33,00505065917969;61,70000076293945;181919,0
2026-01-28;36,8494758605957;86,97000122070312;45,88555908203125;21,30574607849121;14,949999809265137;51,45765686035156;48,41358947753906;43,96692657470703;25,125669479370117;9,986090660095215;51,75474166870117;41,400001525878906;1,0800000429153442;13,75;15,32914924621582;10,890000343322754;30,049999237060547;33,08393859863281;62,220001220703125;184691,0
2026-01-29;37,20474624633789;87,41000366210938;45,69742965698242;21,031089782714844;14,760000228881836;51,95656967163086;47,573421478271484;42,55281448364258;25,224592208862305;9,62944507598877;49,35498809814453;40,81999969482422;1,0399999618530273;13,430000305175781;15,0826997756958;10,520000457763672;29,700000762939453;33,064212799072266;60,970001220703125;183134,0
2026-01-30;37,263954162597656;84,31999969482422;45,053802490234375;20,903568267822266;14,850000381469727;51,60733413696289;47,830413818359375;42,2142219543457;24,947614669799805;9,698792457580566;49,32499313354492;40,91999816894531;1,0299999713897705;13,0;14,717954635620117;10,069999694824219;29,899999618530273;32,31477355957031;59,95000076293945;181364,0
2026-02-02;36,750789642333984;84,81999969482422;45,44823455810547;21,168418884277344;15,0600004196167;51,836830139160156;48,996768951416016;43,69804763793945;25,026748657226562;9,738419532775879;48,71505355834961;40,95000076293945;0,9399999976158142;12,739999771118164;14,836250305175781;10,010000228881836;30,6299991607666;33,044490814208984;61,119998931884766;182793,0
2026-02-03;37,08632278442383;88,98999786376953;45,705787658691406;21,28522491455078;15,380000114440918;53,88236618041992;50,06428146362305;42,46318817138672;25,412540435791016;10,025717735290527;49,08501434326172;41,209999084472656;0,9800000190734863;12,800000190734863;15,36858081817627;10,369999885559082;32,0;33,31074142456055;61,220001220703125;185674,0
2026-02-04;37,0271110534668;89,43000030517578;44,20008850097656;20,597972869873047;15,300000190734863;51,288028717041016;49,481101989746094;41,48725128173828;24,82891082763672;9,639350891113281;49,5949592590332;40,2599983215332;0,8500000238418579;12,460000038146973;14,984119415283203;10,229999542236328;30,510000228881836;32,78810501098633;58,20000076293945;181708,0
2026-02-05;36,513938903808594;86,44999694824219;45,09162139892578;20,764877319335938;15,479999542236328;52,09626388549805;49,49098587036133;41,43745803833008;24,17603874206543;9,560096740722656;50,42487716674805;40,43000030517578;0,8500000238418579;12,050000190734863;14,984119415283203;9,899999618530273;31,100000381469727;32,84727478027344;58,97999954223633;182127,0
2026-02-06;36,168540954589844;85,62999725341797;46,3100471496582;20,234710693359375;15,420000076293945;51,73704528808594;50,41023254394531;41,3577880859375;24,06722640991211;10,104972839355469;50,19490051269531;40,88999938964844;0,8399999737739563;11,770000457763672;15,279858589172363;9,510000228881836;31,1299991607666;32,886714935302734;60,27000045776367;182950,0
2026-02-09;36,829734802246094;87,30999755859375;47,855369567871094;20,52924919128418;15,390000343322754;53,63290786743164;49,99509048461914;41,98517608642578;24,55193519592285;10,867799758911133;51,33478546142578;41,40999984741211;0,8399999737739563;11,449999809265137;15,200995445251465;9,850000381469727;30,790000915527344;32,985328674316406;60,20000076293945;186241,0
2026-02-10;36,85934066772461;87,05000305175781;47,96432876586914;20,539066314697266;15,65999984741211;52,285850524902344;49,906131744384766;41,12874221801758;24,532150268554688;10,501246452331543;51,11480712890625;41,380001068115234;0,7699999809265137;11,329999923706055;14,855965614318848;9,390000343322754;31,1299991607666;33,31074142456055;58,939998626708984;185929,0
2026-02-11;37,57975387573242;90,08999633789062;48,905391693115234;21,147775650024414;15,770000457763672;53,47325897216797;50,49919128417969;41,9752197265625;24,640962600708008;10,996588706970215;57,92411804199219;42,04999923706055;0,7699999809265137;11,1899995803833;15,053126335144043;9,619999885559082;31,280000686645508;34,48421096801758;59,209999084472656;189699,0
2026-02-12;36,62249755859375;89,2300033569336;47,78602600097656;20,843421936035156;16,520000457763672;53,912296295166016;51,003292083740234;42,224185943603516;25,74886703491211;10,055438041687012;58,244083404541016;41,369998931884766;0,6700000166893005;10,720000267028809;14,87568187713623;8,699999809265137;30,829999923706055;33,655879974365234;58,5;187766,0
2026-02-13;36,4053840637207;87,02999877929688;47,3204460144043;20,588157653808594;16,350000381469727;53,68280029296875;50,84514236450195;42,48310470581055;25,155345916748047;10,134693145751953;58,334075927734375;41,0;0,6299999952316284;10,399999618530273;15,131989479064941;8,729999542236328;30,639999389648438;33,23185348510742;59,59000015258789;186464,0
2026-02-18;36,70144271850586;83,91999816894531;47,53837585449219;20,52924919128418;16,1299991607666;53,2736930847168;50,70676040649414;42,652400970458984;25,541135787963867;10,184226989746094;57,194190979003906;40,849998474121094;0,6700000166893005;10,119999885559082;15,279858589172363;8,59000015258789;31,520000457763672;32,80782699584961;60,31999969482422;186016,0
2026-02-19;37,31330108642578;83,45999908447266;48,09310531616211;20,941598892211914;16,170000076293945;51,258094787597656;51,82369613647461;44,45489501953125;26,17422103881836;10,481432914733887;57,12419891357422;41,27000045776367;0,6200000047683716;10,789999961853027;15,36858081817627;8,529999732971191;31,68000030517578;33,2515754699707;61,849998474121094;188534,0
2026-02-20;37,47119903564453;86,80999755859375;48,76670455932617;21,36376953125;16,030000686645508;51,87674331665039;52,21907043457031;44,90302658081055;26,698497772216797;10,699382781982422;56,854225158691406;41,709999084472656;0,6000000238418579;10,5;15,378438949584961;8,579999923706055;31,950000762939453;33,17268753051758;62,18000030517578;190534,0
2026-02-23;38,08305358886719;87,38999938964844;47,00345230102539;20,843421936035156;16,190000534057617;51,856788635253906;50,70676040649414;43,37937545776367;26,540225982666016;10,273388862609863;56,99420928955078;41,5099983215332;0,6299999952316284;9,970000267028809;15,309432983398438;8,529999732971191;31,469999313354492;33,19240951538086;60,61000061035156;188854,0
2026-02-24;39,05017852783203;87,7300033569336;47,71668243408203;21,010324478149414;16,579999923706055;51,29800796508789;51,448089599609375;43,28974533081055;27,049415588378906;10,035625457763672;58,57405090332031;42,36000061035156;0,6499999761581421;10,489999771118164;15,654461860656738;8,529999732971191;31,729999542236328;33,70518493652344;61,150001525878906;191490,0
2026-02-25;39,05017852783203;89,97000122070312;47,34025955200195;20,784515380859375;16,3799991607666;50,170467376708984;50,202659606933594;43,33953857421875;27,508216857910156;9,40158748626709;58,894020080566406;42,2400016784668;0,6399999856948853;10,260000228881836;15,55588150024414;8,619999885559082;31,690000534057617;32,94588088989258;61,79999923706055;191248,0
2026-02-26;39,08965301513672;89,20999908447266;47,22138214111328;20,597972869873047;16,40999984741211;49,272430419921875;49,86659240722656;41,377708435058594;27,208999633789062;9,49074935913086;58,9740104675293;42,900001525878906;0,6499999761581421;10,75;15,822046279907227;8,630000114440918;31,600000381469727;33,340328216552734;62,040000915527344;191005,0
2026-02-27;38,81333541870117;88,47000122070312;46,33976364135742;20,764877319335938;16,270000457763672;49,591732025146484;50,173004150390625;40,13288879394531;26,879858016967773;9,26289176940918;57,994110107421875;42,11000061035156;0,6299999952316284;10,489999771118164;15,358722686767578;8,619999885559082;30,709999084472656;33,21213150024414;61,2599983215332;188787,0
2026-03-02;40,58968734741211;88,16000366210938;45,50553894042969;20,843421936035156;15,90999984741211;48,58393096923828;51,13179016113281;39,535377502441406;26,879858016967773;9,104381561279297;58,05410385131836;41,70000076293945;0,6499999761581421;10,359999656677246;15,299574851989746;8,420000076293945;30,649999618530273;32,84727478027344;61,09000015258789;189307,0
2026-03-03;40,412052154541016;84,4800033569336;43,97944259643555;19,849918365478516;15,569999694824219;47,29674530029297;48,33451843261719;38,4897346496582;25,770000457763672;8,916152954101562;57,264183044433594;40,4900016784668;0,6899999976158142;10,010000228881836;14,747528076171875;7,909999847412109;29,239999771118164;31,81185531616211;57,5099983215332;183105,0
2026-03-04;39,967960357666016;84,08999633789062;44,603755950927734;20,134891510009766;15,600000381469727;47,236873626708984;49,77763366699219;39,15695571899414;25,940000534057617;9,441214561462402;56,4942626953125;41,790000915527344;0,6000000238418579;9,960000038146973;14,944687843322754;8,0;29,709999084472656;32,55143737792969;59,88999938964844;185366,0
2026-03-05;40,15546417236328;81,29000091552734;43,11729049682617;19,486330032348633;15,289999961853027;46,608245849609375;46,35764694213867;37,97188949584961;25,0;9,074662208557129;55,79433059692383;40,5;0,5899999737739563;9,600000381469727;14,510936737060547;7,510000228881836;28,34000015258789;31,36810874938965;57,150001525878906;180464,0
2026-03-06;41,60615539550781;78,86000061035156;42,54253005981445;19,211181640625;15,229999542236328;46,51844024658203;45,300018310546875;38,250728607177734;24,75;9,243078231811523;54,91442108154297;40,470001220703125;0,550000011920929;9,579999923706055;14,560227394104004;7,190000057220459;28,010000228881836;31,683664321899414;56,0;179365,0
2026-03-09;42,593017578125;79,26000213623047;42,77045440673828;19,211181640625;15,40999984741211;46,47853088378906;45,220943450927734;38,400108337402344;24,700000762939453;9,43130874633789;54,79443359375;40,900001525878906;0,550000011920929;9,420000076293945;14,363066673278809;7,190000057220459;27,799999237060547;31,930191040039062;56,70000076293945;180915,0
2026-03-10;42,36603927612305;80,55999755859375;43,4046745300293;19,682865142822266;15,449999809265137;47,08720016479492;46,6937141418457;38,599273681640625;25,139999389648438;10,0455322265625;55,59435272216797;41,65999984741211;0,5199999809265137;9,520000457763672;15,003835678100586;7,269999980926514;28,520000457763672;32,147132873535156;57,91999816894531;183447,0
2026-03-11;44,21147155761719;79,8499984741211;43,493865966796875;19,594425201416016;15,430000305175781;46,77787780761719;46,30821990966797;38,27064514160156;25,34000015258789;9,946463584899902;54,89442443847656;41,400001525878906;0,49000000953674316;9,579999923706055;15,457303047180176;7,130000114440918;28,530000686645508;31,92032814025879;58,220001220703125;183969,0
2026-03-12;44,40884780883789;79,23999786376953;42,30469512939453;19,053955078125;14,949999809265137;45,720184326171875;44,647647857666016;37,10549545288086;24,229999542236328;9,31242561340332;53,464569091796875;40,150001525878906;0,46000000834465027;9,239999771118164;14,806676864624023;6,099999904632568;27,520000457763672;31,161026000976562;56,099998474121094;179285,0
2026-03-13;44,08317947387695;78,30000305175781;42,01731872558594;18,660886764526367;15,0;46,10933303833008;43,11557388305664;36,4482307434082;23,75;9,252985000610352;53,39457702636719;40,0;0,44999998807907104;8,670000076293945;14,846108436584473;5,71999979019165;26,579999923706055;31,111719131469727;55,11000061035156;177653,0
2026-03-16;45,25754928588867;78,83999633789062;42,611900329589844;18,670713424682617;15,100000381469727;45,86985778808594;44,27204513549805;36,886409759521484;23,899999618530273;9,748327255249023;53,14460372924805;40,540000915527344;0,5;8,880000114440918;14,984119415283203;6,03000020980835;26,989999771118164;31,535747528076172;55,900001525878906;179875,0
2026-03-17;45,77071762084961;78,95999908447266;42,32451629638672;18,5233154296875;15,020000457763672;46,09935760498047;44,10401153564453;37,015869140625;23,670000076293945;8,955780029296875;53,10460662841797;40,560001373291016;0,6100000143051147;8,619999885559082;14,905255317687988;6,340000152587891;27,399999618530273;31,437135696411133;56,099998474121094;180410,0
2026-03-18;46,382572174072266;77,12999725341797;41,89839553833008;18,307126998901367;14,739999771118164;46,059444427490234;43,599910736083984;36,866493225097656;23,40999984741211;8,767550468444824;52,554664611816406;40,130001068115234;0,550000011920929;8,210000038146973;14,87568187713623;6,059999942779541;27,299999237060547;31,161026000976562;55,41999816894531;179640,0
2026-03-19;46,165462493896484;76,62999725341797;42,1956901550293;18,316953659057617;14,770000457763672;46,48850631713867;43,90632247924805;37,015869140625;23,510000228881836;8,688295364379883;51,11480712890625;41,29999923706055;0,5600000023841858;9,4399995803833;14,934829711914062;6,090000152587891;27,110000610351562;31,64422035217285;55,11000061035156;180271,0
2026-03-20;45,07004165649414;75,55000305175781;41,515140533447266;18,012327194213867;14,470000267028809;45,85987854003906;42,7103157043457;37,075618743896484;23,270000457763672;8,262301445007324;50,174903869628906;39,97999954223633;0,550000011920929;8,960000038146973;14,629232406616211;5,989999771118164;25,049999237060547;30,87505340576172;52,7400016784668;176219,0
2026-03-23;45,425315856933594;77,48999786376953;42,74410629272461;18,670713424682617;14,65999984741211;47,25;46,49602508544922;38,73869705200195;23,959999084472656;8,678388595581055;51,6147575378418;41,36000061035156;0,5600000023841858;9,4399995803833;15,437585830688477;6,539999961853027;27,219999313354492;31,604774475097656;55,22999954223633;181932,0
2026-03-24;46,649024963378906;78,0999984741211;42,504310607910156;18,611753463745117;14,699999809265137;47,45000076293945;45,90296173095703;38,659027099609375;23,649999618530273;8,609040260314941;51,16480255126953;41,16999816894531;0,5400000214576721;9,600000381469727;15,457303047180176;6,570000171661377;27,209999084472656;31,26949691772461;55,630001068115234;182509,0
2026-03-25;46,87600326538086;79,55000305175781;43,063838958740234;18,94586181640625;15,010000228881836;48,18000030517578;47,03966522216797;39,25653839111328;23,860000610351562;8,807177543640137;51,394779205322266;42,209999084472656;0,5600000023841858;10,050000190734863;15,4399995803833;6,599999904632568;28,479999542236328;31,99921989440918;56,68000030517578;185424,0
2026-03-26;47,38917541503906;78,91000366210938;41,90481185913086;18,493833541870117;14,829999923706055;47,52000045776367;45,72504425048828;38,22085189819336;23,059999465942383;8,361369132995605;50,794837951660156;40,0;0,550000011920929;9,9399995803833;15,1899995803833;6,440000057220459;27,450000762939453;31,24977684020996;55,20000076293945;182733,0
2026-03-27;48,76091384887695;79,0;41,415225982666016;18,199033737182617;14,760000228881836;47,40999984741211;44,62788391113281;37,709999084472656;22,65999984741211;8,014630317687988;50,43487548828125;39,08000183105469;0,5099999904632568;9,6899995803833;14,890000343322754;6,179999828338623;25,93000030517578;31,10186004638672;53,529998779296875;181557,0
2026-03-30;49,017494201660156;79,5;41,56509780883789;18,149898529052734;14,84000015258789;49,04999923706055;45,02000045776367;37,849998474121094;22,399999618530273;7,925468921661377;50,554866790771484;39,599998474121094;0,5299999713897705;9,930000305175781;14,1899995803833;6,139999866485596;26,559999465942383;31,456857681274414;53,400001525878906;182514,0
2026-03-31;48,03063201904297;82,4800033569336;43,44352340698242;18,8377685546875;15,25;51,0099983215332;46,97999954223633;38,970001220703125;23,0;8,688295364379883;51,89472961425781;40,77000045776367;0,5099999904632568;10,100000381469727;14,960000038146973;6,329999923706055;27,31999969482422;32,373939514160156;56,290000915527344;187462,0
2026-04-01;46,747711181640625;83,0;43,81155014038086;19,093263626098633;15,359999656677246;51,0099983215332;47,75;39,439998626708984;23,6299991607666;8,757643699645996;52,08470916748047;40,61000061035156;0,5299999713897705;10,479999542236328;14,960000038146973;6,519999980926514;28,520000457763672;32,42324447631836;57,599998474121094;187953,0
2026-04-02;47,5174674987793;83,55000305175781;43,281768798828125;18,8070011138916;15,279999732971191;50,310001373291016;47,66999816894531;39,779998779296875;23,389999389648438;8,668481826782227;50,84483337402344;40,5;0,5400000214576721;10,619999885559082;14,84000015258789;6,46999979019165;27,520000457763672;32,81768798828125;57,27000045776367;188052,0
2026-04-06;48,29708480834961;83,08999633789062;43,4716911315918;19,01356315612793;15,449999809265137;50,619998931884766;47,13999938964844;39,72999954223633;23,43000030517578;8,737829208374023;49,5949592590332;40,459999084472656;0,5400000214576721;10,680000305175781;14,649999618530273;6,409999847412109;26,889999389648438;32,83740997314453;57,709999084472656;188162,0
2026-04-07;47,87273406982422;83,69000244140625;43,44170379638672;19,190723419189453;15,479999542236328;50,650001525878906;47,150001525878906;39,91999816894531;23,440000534057617;8,698202133178711;46,42528533935547;41,09000015258789;0,5199999809265137;10,260000228881836;14,800000190734863;6,360000133514404;25,68000030517578;32,67963409423828;58,209999084472656;188259,0
2026-04-08;45,99769592285156;85,58999633789062;44,961063385009766;20,149761199951172;15,859999656677246;52,77000045776367;49,36000061035156;40,61000061035156;24,489999771118164;8,866618156433105;47,3351936340332;43,150001525878906;0,5400000214576721;11,1899995803833;15,5;6,71999979019165;27,350000381469727;33,72490692138672;62,119998931884766;192201,0
2026-04-09;47,270751953125;84,69000244140625;45,73073959350586;20,269641876220703;16,059999465942383;52,5;50,040000915527344;40,9900016784668;24,719999313354492;9,144009590148926;47,59516525268555;43,79999923706055;0,5400000214576721;11,720000267028809;15,90999984741211;6,789999961853027;28,059999465942383;33,98129653930664;63,04999923706055;195129,0
2026-04-10;48,385902404785156;85,58999633789062;46,05060577392578;20,419490814208984;16,1200008392334;52,880001068115234;49,0;41,400001525878906;24,729999542236328;9,064754486083984;47,155208587646484;44,77000045776367;0,5799999833106995;13,25;15,720000267028809;6,420000076293945;27,809999465942383;35,5590705871582;62,779998779296875;197324,0
2026-04-13;49,12605285644531;87,36000061035156;45,810707092285156;20,569339752197266;15,930000305175781;52,040000915527344;48,810001373291016;41,66999816894531;24,75;9,12419605255127;47,795143127441406;44,650001525878906;0,5799999833106995;13,069999694824219;15,8100004196167;6,519999980926514;28,0;36,722679138183594;63,79999923706055;198001,0
2026-04-14;47,251014709472656;88,30000305175781;46,51041030883789;20,7591495513916;15,890000343322754;51,900001525878906;50,9900016784668;42,40999984741211;25,3799991607666;9,163823127746582;48,505069732666016;45,040000915527344;0,5799999833106995;13,050000190734863;15,670000076293945;6,639999866485596;28,0;37,42281723022461;63,25;198657,0
2026-04-15;46,274017333984375;88,44000244140625;47,020198822021484;20,77912712097168;15,829999923706055;49,959999084472656;51,939998626708984;40,0;24,399999618530273;9,302519798278809;47,82514572143555;45,349998474121094;0,5699999928474426;12,649999618530273;15,600000381469727;6,639999866485596;27,600000381469727;37,87642288208008;64,33000183105469;197738,0
2026-04-16;47,94181823730469;87,44000244140625;46,96022033691406;20,829078674316406;15,430000305175781;48,400001525878906;50,779998779296875;39,25;24,280000686645508;9,163823127746582;47,52517318725586;45,2599983215332;0,5299999713897705;12,350000381469727;15,050000190734863;6,619999885559082;27,25;37,659481048583984;64,33999633789062;196819,0
2026-04-17;45,61281967163086;89,75;46,780296325683594;21,238666534423828;15,329999923706055;48,650001525878906;51,13999938964844;40,029998779296875;24,399999618530273;9,203451156616211;47,925132751464844;45,189998626708984;0,5199999809265137;12,229999542236328;15,430000305175781;6,789999961853027;27,719999313354492;36,98892593383789;63,599998474121094;195734,0
2026-04-20;46,40230941772461;88,7300033569336;46,35047912597656;21,00889778137207;15,3100004196167;48,47999954223633;51,97999954223633;39,439998626708984;24,280000686645508;9,26289176940918;47,795143127441406;45,060001373291016;0,5400000214576721;12,380000114440918;15,149999618530273;6,820000171661377;27,770000457763672;36,900177001953125;64,12999725341797;196132,0
2026-04-22;47,04376983642578;87,22000122070312;45,011043548583984;20,38951873779297;15,0;47,189998626708984;50,5;38,63999938964844;23,399999618530273;8,866618156433105;47,34518814086914;43,75;0,5299999713897705;12,649999618530273;14,619999885559082;6,639999866485596;27,09000015258789;36,21976089477539;62,029998779296875;192889,0
2026-04-23;47,77000045776367;85,97000122070312;44,161399841308594;19,949960708618164;14,739999771118164;48,279998779296875;49,38999938964844;37,86000061035156;23,0;8,569413185119629;46,68525695800781;43,91999816894531;0,5;13,300000190734863;14,34000015258789;6,389999866485596;27,049999237060547;36,42684555053711;60,959999084472656;191378,0
2026-04-24;47,15999984741211;85,87000274658203;44,351318359375;19,90001106262207;14,5;47,79999923706055;49,290000915527344;38,709999084472656;22,700000762939453;8,648667335510254;45,6353645324707;44,11000061035156;0,5199999809265137;14,09000015258789;14,279999732971191;6,429999828338623;26,600000381469727;36,16059494018555;60,880001068115234;190745,0
2026-04-27;47,369998931884766;85,5;43,97148132324219;19,710201263427734;14,539999961853027;48,189998626708984;48,31999969482422;38,43000030517578;22,510000228881836;8,529999732971191;45,2953987121582;43,38999938964844;0,49000000953674316;13,149999618530273;13,970000267028809;6,400000095367432;25,059999465942383;35,69712448120117;60,5099983215332;189579,0
2026-04-28;47,52000045776367;84,38999938964844;44,0814323425293;19,55036163330078;14,579999923706055;47,290000915527344;47,310001373291016;38,43000030517578;22,540000915527344;8,539999961853027;45,44538497924805;42,63999938964844;0,4699999988079071;12,039999961853027;14,010000228881836;6,420000076293945;24,200000762939453;34,65184783935547;60,18000030517578;188619,0
2026-04-29;48,959999084472656;79,44000244140625;42,851951599121094;19,090824127197266;14,329999923706055;44,099998474121094;45,20000076293945;37,7400016784668;21,709999084472656;8,079999923706055;44,81544876098633;41,70000076293945;0,46000000834465027;11,75;13,420000076293945;6,159999847412109;23,399999618530273;34,16865921020508;58,56999969482422;184750,0
2026-04-30;49,08000183105469;81,18000030517578;43,171817779541016;19,300613403320312;14,510000228881836;44,86000061035156;45,90999984741211;38,369998931884766;22,209999084472656;8,229999542236328;43,84000015258789;42,31999969482422;0,4699999988079071;12,390000343322754;13,600000381469727;6,230000019073486;23,489999771118164;34,819488525390625;59,34000015258789;187318,0
2026-05-04;49,34000015258789;78,66000366210938;42,400001525878906;18,89102554321289;14,4399995803833;44,36000061035156;44,97999954223633;37,900001525878906;21,90999984741211;8,0;42,58000183105469;42,04999923706055;0,4699999988079071;11,5;13,520000457763672;6,079999923706055;22,31999969482422;34,661712646484375;58,11000061035156;185600,0
2026-05-05;48,65999984741211;78,38999938964844;42,459999084472656;19,190000534057617;16,649999618530273;43,540000915527344;45,900001525878906;38,72999954223633;21,920000076293945;8,0;42,400001525878906;42,93000030517578;0,47999998927116394;11,710000038146973;14,050000190734863;6,269999980926514;22,780000686645508;34,040000915527344;57,939998626708984;186754,0
2026-05-06;47,27000045776367;81,2300033569336;41,779998779296875;19,270000457763672;16,950000762939453;44,939998626708984;47,650001525878906;40,349998474121094;22,06999969482422;8,029999732971191;43,0099983215332;43,68000030517578;0,47999998927116394;11,90999984741211;14,6899995803833;6,699999809265137;23,200000762939453;33,81999969482422;59,02000045776367;187691,0
2026-05-07;46,220001220703125;80,06999969482422;40,790000915527344;18,520000457763672;16,40999984741211;44,310001373291016;46,349998474121094;37,7400016784668;21,690000534057617;7,940000057220459;43,29999923706055;42,20000076293945;0,47999998927116394;11,850000381469727;14,9399995803833;6,579999923706055;22,8700008392334;33,869998931884766;57,20000076293945;183218,0
2026-05-08;45,66999816894531;80,80000305175781;41,2599983215332;18,59000015258789;16,31999969482422;45,52000045776367;49,880001068115234;38,310001373291016;21,799999237060547;7,150000095367432;43,70000076293945;42,310001373291016;0,4699999988079071;11,8100004196167;14,350000381469727;6,679999828338623;22,329999923706055;34,290000915527344;58,650001525878906;184108,0
