Fecha;Grupo Financiero Galicia;Banco Macro;Pampa Energia;Ternium Argentina;Aluar;Cresud;Supervielle;Central Puerto;Loma Negra;Mirgor;Telecom Argentina;Transportadora Gas del Sur;Grupo Supervielle (VALO);Soc. Comercial del Plata;Edenor;Holcim Argentina;Transener;Molinos Rio de la Plata;BYMA;IRSA;YPF;BBVA Argentina;INDICE MERVAL
2025-07-21;5750,5576171875;7824,99609375;3585,0;606,7659912109375;705,890625;1297,941650390625;2465,0;1460,0;2740,0;21306,55078125;2311,758544921875;6600,0;325,19964599609375;49,34723663330078;1580,0;1440,0;2022,9342041015625;2367,497314453125;182,107666015625;1715,6004638671875;3940,0;6158,78515625;2042466,0
2025-07-22;5741,037109375;7796,98193359375;3520,0;593,3036499023438;686,947265625;1293,221923828125;2450,0;1445,0;2670,0;21506,376953125;2242,00732421875;6480,0;320,8182067871094;47,67633819580078;1525,0;1410,0;1979,5235595703125;2297,623291015625;182,82461547851562;1661,2806396484375;3852,5;5985,025390625;2010482,0
2025-07-23;5931,4521484375;8021,0869140625;3670,0;597,1500244140625;688,9412841796875;1335,699951171875;2525,0;1500,0;2805,0;22455,556640625;2306,7763671875;6720,0;322,76556396484375;49,4586296081543;1595,0;1395,0;2031,6163330078125;2404,4892578125;184,258544921875;1715,6004638671875;4097,5;6226,357421875;2083677,0
2025-07-24;6188,513671875;8338,5693359375;3780,0;606,7659912109375;689,9382934570312;1354,5791015625;2605,0;1520,0;2955,0;22380,62109375;2351,616455078125;6860,0;322,76556396484375;49,4586296081543;1635,0;1420,0;2057,66259765625;2420,930419921875;184,258544921875;1747,2869873046875;4142,5;6448,38232421875;2135087,0
2025-07-25;6321,80517578125;8581,34765625;3840,0;634,6522216796875;708,8817138671875;1392,33740234375;2660,0;1565,0;3010,0;22780,275390625;2436,314697265625;7150,0;343,71527099609375;51,68649673461914;1715,0;1455,0;2209,599853515625;2503,135009765625;184,258544921875;1801,6068115234375;4285,0;6612,4892578125;2197099,0
2025-07-28;6302,763671875;8525,3232421875;3875,0;632,7290649414062;705,890625;1420,6561279296875;2605,0;1585,0;3110,0;23030,05859375;2461,225830078125;7220,0;344,2027282714844;56,14222717285156;1855,0;1560,0;2279,056884765625;2593,560302734375;185,6924591064453;1810,66015625;4317,5;6580,3564453125;2213570,0
2025-07-29;6502,70068359375;8904,8115234375;4070,0;639,460205078125;719,8489379882812;1463,13427734375;2860,0;1650,0;3145,0;23279,84375;2511,048095703125;7750,0;351,5158996582031;61,377716064453125;1930,0;1645,0;2344,172607421875;2601,78076171875;191,90609741210938;1901,193115234375;4500,0;6899,697265625;2304343,0
2025-07-30;6521,7421875;8848,453125;4110,0;667,346435546875;747,7655029296875;1430,095703125;2830,0;1635,0;3150,0;23354,77734375;2491,119140625;7720,0;352,9785461425781;59,818206787109375;1895,0;1610,0;2352,854736328125;2515,4658203125;193,3400115966797;1869,506591796875;4482,5;6957,759765625;2306756,0
2025-07-31;6540,783203125;8867,2373046875;4115,0;669,2695922851562;784,6552734375;1430,095703125;2825,0;1650,0;3175,0;23429,712890625;2496,1015625;7820,0;355,4162292480469;58,48148727416992;1940,0;1550,0;2279,056884765625;2527,796630859375;197,4027862548828;1819,71337890625;4557,5;6957,759765625;2319511,0
2025-08-01;6369,40966796875;8604,2275390625;4065,0;649,076171875;771,6939697265625;1401,7769775390625;2725,0;1650,0;3185,0;23329,798828125;2471,190185546875;7710,0;351,5158996582031;55,808048248291016;1930,0;1480,0;2326,808349609375;2482,583984375;194,5349578857422;1792,553466796875;4517,5;6725,51220703125;2278849,0
2025-08-04;6369,40966796875;8773,3076171875;4050,0;628,8826904296875;742,7803955078125;1420,6561279296875;2820,0;1620,0;3190,0;24254,0;2511,048095703125;7710,0;355,4162292480469;56,25362014770508;1975,0;1500,0;2313,78515625;2556,568115234375;191,1891326904297;1860,4532470703125;4557,5;6919,0517578125;2287329,0
2025-08-05;6531,26318359375;9158,4296875;4180,0;622,1514892578125;722,8399658203125;1448,974853515625;2980,0;1645,0;3255,0;24254,0;2535,95947265625;7890,0;356,8788757324219;58,48148727416992;2015,0;1510,0;2404,947509765625;2527,796630859375;196,20785522460938;1874,033203125;4712,5;7141,62255859375;2346867,0
2025-08-06;6731,19921875;9440,2275390625;4385,0;610,6123657226562;722,8399658203125;1463,13427734375;3115,0;1725,0;3340,0;24778,544921875;2600,728515625;7900,0;360,77911376953125;62,04607391357422;2075,0;1610,0;2439,676025390625;2610,001220703125;199,31468200683594;1937,4063720703125;4835,0;7393,22509765625;2415041,0
2025-08-07;6532,08251953125;9064,4990234375;4135,0;592,3421020507812;724,8340454101562;1401,7769775390625;3015,0;1720,0;3290,0;24428,84765625;2600,728515625;7770,0;368,5798034667969;60,9321403503418;1920,0;1675,0;2305,10302734375;2671,65478515625;196,20785522460938;1923,826416015625;4755,0;7122,26806640625;2349021,0
2025-08-08;6474,783203125;8895,41796875;3980,0;608,689208984375;727,8250732421875;1382,8978271484375;2925,0;1675,0;3035,0;24179,064453125;2680,4443359375;7550,0;363,2168273925781;60,709354400634766;1895,0;1670,0;2239,9873046875;2552,4580078125;198,1197509765625;1887,6131591796875;4572,5;7083,56103515625;2300926,0
2025-08-11;6474,783203125;8886,0244140625;4000,0;615,4203491210938;711,8727416992188;1406,496826171875;2925,0;1695,0;3005,0;23729,453125;2680,4443359375;7670,0;365,654541015625;61,377716064453125;1885,0;1750,0;2183,553466796875;2577,119384765625;195,49090576171875;1910,2464599609375;4550,0;7122,26806640625;2303302,0
2025-08-12;6560,7314453125;9017,5302734375;4045,0;607,7276000976562;721,8429565429688;1415,9364013671875;2910,0;1675,0;3015,0;23005,080078125;2735,248779296875;7710,0;355,9037170410156;59,37263488769531;1960,0;1795,0;2248,66943359375;2577,119384765625;194,5349578857422;1955,512939453125;4510,0;7151,2998046875;2311836,0
2025-08-13;6522,5322265625;8848,453125;4030,0;600,0348510742188;711,8727416992188;1392,33740234375;2875,0;1630,0;2885,0;22405,599609375;2785,0712890625;7600,0;349,0782165527344;60,900001525878906;1940,0;1755,0;2296,4208984375;2523,686279296875;195,72988891601562;1919,2996826171875;4480,0;6986,79150390625;2287631,0
2025-08-14;6159,63818359375;8491,5087890625;3910,0;585,6109008789062;705,890625;1330,980224609375;2600,0;1555,0;2815,0;21606,291015625;2555,88818359375;7350,0;336,88970947265625;58,79999923706055;1805,0;1650,0;2179,21240234375;2408,599609375;186,88739013671875;1846,873291015625;4292,5;6638,41845703125;2188543,0
2025-08-18;6092,78955078125;8660,5859375;3900,0;581,7645263671875;704,8936157226562;1349,859375;2635,0;1520,0;2740,0;20981,83203125;2600,728515625;7390,0;339,8149719238281;60,099998474121094;1820,0;1605,0;2287,739013671875;2400,379150390625;185,9314422607422;1819,71337890625;4397,5;6793,2509765625;2198382,0
2025-08-19;5796,7451171875;8040,6328125;3700,0;574,07177734375;680,965087890625;1307,3812255859375;2475,0;1435,0;2635,0;20757,02734375;2411,4033203125;7040,0;341,7651062011719;55,900001525878906;1695,0;1525,0;2222,623046875;2330,505126953125;185,6924591064453;1747,2869873046875;4177,5;6290,046875;2092206,0
2025-08-20;5768,095703125;8162,74365234375;3715,0;559,6478881835938;676,97705078125;1307,3812255859375;2440,0;1435,0;2665,0;20457,28515625;2401,43896484375;7130,0;338,35235595703125;53,29999923706055;1605,0;1465,0;2205,2587890625;2351,056396484375;181,6296844482422;1774,4468994140625;4112,5;6299,724609375;2081951,0
2025-08-21;5815,84521484375;8172,13818359375;3755,0;574,07177734375;675,97998046875;1345,1395263671875;2440,0;1465,0;2720,0;20607,15625;2466,2080078125;7460,0;339,8149719238281;52,900001525878906;1615,0;1480,0;2266,03369140625;2375,7177734375;183,06361389160156;1788,02685546875;4175,0;6009,4140625;2103163,0
2025-08-22;5768,095703125;8237,890625;3750,0;576,95654296875;689,9382934570312;1382,8978271484375;2415,0;1460,0;2705,0;20582,177734375;2431,332275390625;7420,0;334,9395446777344;52,099998474121094;1575,0;1475,0;2279,056884765625;2367,497314453125;182,82461547851562;1815,186767578125;4250,0;5961,02880859375;2106200,0
2025-08-25;5491,15087890625;7702,474609375;3610,0;580,8029174804688;709,8787231445312;1345,1395263671875;2210,0;1395,0;2690,0;19633,0;2351,616455078125;7130,0;309,54547119140625;47,349998474121094;1470,0;1390,0;2144,48388671875;2227,7490234375;181,6296844482422;1801,6068115234375;4102,5;5622,33447265625;2021852,0
2025-08-26;5395,65283203125;7589,75537109375;3685,0;566,3790283203125;722,8399658203125;1345,1395263671875;2250,0;1445,0;2700,0;19508,107421875;2386,4921875;7360,0;314,42791748046875;46,650001525878906;1480,0;1375,0;2200,917724609375;2404,4892578125;177,80589294433594;1792,553466796875;4182,5;5600,1240234375;2033345,0
2025-08-27;5176,0068359375;7235,119140625;3590,0;562,5326538085938;734,80419921875;1316,82080078125;2150,0;1400,0;2550,0;18858,669921875;2281,865234375;7270,0;312,9631652832031;43,900001525878906;1435,0;1305,0;2105,414306640625;2244,190185546875;173,50413513183594;1747,2869873046875;4120,0;5357,484375;1974151,0
2025-08-28;5128,2578125;7499,9345703125;3675,0;551,9551391601562;694,9234008789062;1316,82080078125;2135,0;1460,0;2505,0;19108,455078125;2371,54541015625;7400,0;321,75152587890625;44,29999923706055;1500,0;1285,0;2053,321533203125;2268,8515625;178,7618408203125;1806,1334228515625;4157,5;5444,83447265625;1997379,0
2025-08-29;5061,408203125;7395,8994140625;3645,0;548,1087646484375;720,845947265625;1279,0625;2105,0;1445,0;2530,0;18608,88671875;2426,35009765625;7360,0;321,26324462890625;42,349998474121094;1455,0;1260,0;2066,3447265625;2248,30029296875;184,01954650878906;1806,1334228515625;4130,0;5357,484375;1984845,0
2025-09-01;4965,91064453125;7244,5771484375;3535,0;555,801513671875;746,7684936523438;1250,7437744140625;2085,0;1400,0;2445,0;18234,212890625;2321,72314453125;7100,0;314,9161376953125;40,900001525878906;1410,0;1200,0;2031,6163330078125;2083,890869140625;177,80589294433594;1729,180419921875;4045,0;5221,60546875;1939743,0
2025-09-02;5176,0068359375;7499,9345703125;3610,0;531,7616577148438;735,80126953125;1274,3427734375;2125,0;1410,0;2540,0;18159,27734375;2321,72314453125;7210,0;314,42791748046875;40,75;1430,0;1190,0;1988,2056884765625;2038,67822265625;175,65501403808594;1783,500244140625;4155,0;5454,54052734375;1975730,0
2025-09-03;5051,8583984375;7301,3232421875;3610,0;519,2609252929688;697,9144897460938;1231,8646240234375;2055,0;1380,0;2495,0;17784,6015625;2256,9541015625;7000,0;305,6394958496094;39,70000076293945;1415,0;1185,0;1965,0;1890,7095947265625;173,26515197753906;1724,65380859375;4065,0;5376,8955078125;1933987,0
2025-09-04;5290,6044921875;7575,5947265625;3725,0;509,64495849609375;693,9263916015625;1250,7437744140625;2160,0;1415,0;2510,0;17809,578125;2276,883056640625;7240,0;302,22186279296875;38,900001525878906;1480,0;1195,0;1970,0;1944,1427001953125;176,84996032714844;1751,813720703125;4252,5;5551,595703125;1990320,0
2025-09-05;5330,78173828125;7698,544921875;3760,0;490,4130859375;683,9561767578125;1260,183349609375;2215,0;1395,0;2490,0;17709,666015625;2341,652099609375;7270,0;304,1748352050781;38,79999923706055;1515,0;1240,0;1920,0;1989,3553466796875;176,37197875976562;1797,0802001953125;4287,5;5473,95166015625;1997624,0
2025-09-08;4256,955078125;6199,50439453125;3267,5;490,4130859375;694,4248657226562;1199,77001953125;1758,0;1262,0;2293,0;16460,74609375;2049,69287109375;6170,0;281,7156677246094;34,7599983215332;1258,0;1130,0;1883,0;1890,7095947265625;151,75637817382812;1655,8486328125;3786,0;4374,7939453125;1732924,0
2025-09-09;4146,6962890625;5963,06201171875;3372,5;500,0290222167969;691,9323120117188;1169,5634765625;1669,0;1230,0;2286,0;17010,271484375;2050,689208984375;6340,0;278,7862243652344;33,29999923706055;1259,0;1110,0;1936,0;1944,1427001953125;152,4733428955078;1623,2568359375;3860,0;4270,4580078125;1728447,0
2025-09-10;4424,740234375;6426,48828125;3580,0;530,3192749023438;699,9085083007812;1206,3778076171875;1792,0;1295,0;2311,0;18009,40625;2136,3837890625;6730,0;281,4715576171875;34,279998779296875;1351,0;1155,0;2037,0;2293,512939453125;156,29713439941406;1678,48193359375;4112,0;4517,95068359375;1825228,0
2025-09-11;4336,0537109375;6289,3525390625;3587,5;529,357666015625;679,9680786132812;1201,657958984375;1704,0;1310,0;2277,0;17709,666015625;2114,4619140625;6515,0;279,03033447265625;34,13999938964844;1297,0;1140,0;2001,0;2445,0;157,7310333251953;1643,174072265625;4088,0;4457,29052734375;1805182,0
2025-09-12;4228,19189453125;6071,8251953125;3512,5;519,2609252929688;664,0157470703125;1183,7227783203125;1614,0;1260,0;2240,0;16920,96484375;2080,582763671875;6295,0;267,8007507324219;33,209999084472656;1248,0;1100,0;1906,0;2280,0;157,9700164794922;1591,5701904296875;4020,0;4316,5595703125;1759874,0
2025-09-15;4127,52099609375;5986,70556640625;3545,0;534,1656494140625;665,0127563476562;1209,2095947265625;1599,0;1242,0;2243,0;16970,953125;2106,490478515625;6310,0;254,1300048828125;32,400001525878906;1235,0;1070,0;1809,0;2245,0;157,49205017089844;1590,6649169921875;4004,0;4192,8134765625;1748702,0
2025-09-16;4256,955078125;6076,55517578125;3637,5;549,5511474609375;682,4606323242188;1226,200927734375;1622,0;1272,0;2253,0;17295,875;2135,387451171875;6540,0;255,59475708007812;32,869998931884766;1260,0;1090,0;1808,0;2295,0;161,3158416748047;1594,2862548828125;4098,0;4270,4580078125;1788269,0
2025-09-17;4225,794921875;6062,36767578125;3595,0;548,5895385742188;686,947265625;1291,333984375;1672,0;1251,0;2220,0;17045,935546875;2121,43701171875;6570,0;258,524169921875;33,06999969482422;1244,0;1065,0;1748,0;2410,0;162,0327911376953;1624,162109375;4084,0;4280,1640625;1783520,0
2025-09-18;4022,055419921875;5821,19677734375;3507,5;522,62646484375;657,53515625;1287,55810546875;1574,0;1204,0;2211,0;15896,208984375;2013,82080078125;6285,0;237,52975463867188;30,200000762939453;1166,0;992,5;1556,0;2335,0;143,391845703125;1607,8662109375;3806,0;4105,46337890625;1695530,0
2025-09-19;3918,987548828125;5721,892578125;3572,5;529,8384399414062;651,0545043945312;1302,6614990234375;1551,0;1203,0;2229,0;15996,185546875;2079,58642578125;6390,0;238,75038146972656;29,34000015258789;1176,0;952,5;1475,0;2300,0;142,4359130859375;1679,38720703125;3708,0;3889,514404296875;1683960,0
2025-09-22;4417,5498046875;6435,94580078125;3677,5;523,1072998046875;641,0842895507812;1289,446044921875;1797,0;1253,0;2344,0;16870,9765625;2127,415771484375;6560,0;271,218505859375;35,18000030517578;1322,0;1100,0;1788,0;2505,0;162,49237060546875;1652,2274169921875;3888,0;4593,16943359375;1811039,0
2025-09-23;4290,51220703125;6431,21630859375;3680,0;537,0504150390625;637,5947265625;1254,5196533203125;1742,0;1281,0;2242,0;16945,958984375;2094,532958984375;6385,0;288,7951965332031;36,70000076293945;1335,0;1165,0;1912,0;2690,0;175,49176025390625;1606,9608154296875;3904,0;4639,27099609375;1815382,0
2025-09-24;4383,99267578125;6464,31884765625;3677,5;555,801513671875;660,5261840820312;1254,5196533203125;1778,0;1371,0;2227,0;17395,8515625;2103,5009765625;6435,0;297,27484130859375;36,68000030517578;1330,0;1230,0;2179,0;2700,0;182,7414093017578;1656,7540283203125;3870,0;4588,31640625;1843319,0
2025-09-25;4105,9482421875;6242,0634765625;3572,5;533,2040405273438;643,0783081054688;1244,1361083984375;1641,0;1316,0;2192,0;16296,1142578125;2077,593505859375;6325,0;294,0967712402344;33,150001525878906;1243,0;1160,0;1989,0;2420,0;176,74169921875;1606,9608154296875;3760,0;4235,12451171875;1767848,0
2025-09-26;4161,07861328125;6266,92138671875;3637,5;545,2239379882812;660,5261840820312;1267,7349853515625;1581,0;1272,0;2243,0;16146,1494140625;2151,33056640625;6435,0;302,6531982421875;31,170000076293945;1211,0;1145,0;1859,0;2305,0;182,7414093017578;1584,32763671875;3838,0;4210,771484375;1791046,0
2025-09-29;4216,20751953125;6281,22998046875;3597,5;560,6094970703125;686,947265625;1299,82958984375;1591,0;1243,0;2251,0;15571,287109375;2181,223876953125;6415,0;300,45294189453125;31,450000762939453;1209,0;1120,0;1858,0;2275,0;183,99136352539062;1638,6474609375;3778,0;4298,4443359375;1793185,0
2025-09-30;4074,78857421875;6147,6884765625;3682,5;554,359130859375;693,9263916015625;1333,81201171875;1517,0;1236,0;2255,0;15046,412109375;2227,060546875;6470,0;294,8301086425781;29,899999618530273;1191,0;1080,0;1799,0;2235,0;178,4916229248047;1634,1207275390625;3738,0;4137,70947265625;1773440,0
2025-10-01;4017,26123046875;6009,37744140625;3660,0;594,2652587890625;729,3206176757812;1350,80322265625;1465,0;1221,0;2227,0;15246,3642578125;2260,939697265625;6375,0;292,8743591308594;30,170000076293945;1172,0;1060,0;1812,0;2215,0;175,2417755126953;1629,5941162109375;3700,0;4069,51904296875;1764590,0
2025-10-02;4158,6806640625;6171,53515625;3750,0;610,131591796875;751,2550659179688;1381,0098876953125;1554,0;1247,0;2307,0;15246,3642578125;2297,808349609375;6460,0;293,6078186035156;31,31999969482422;1216,0;1125,0;1903,0;2270,0;179,49156188964844;1643,174072265625;3716,0;4145,015625;1808661,0
2025-10-03;4194,634765625;6223,99755859375;3707,5;632,2482299804688;756,7387084960938;1353,6351318359375;1531,0;1214,0;2273,0;15646,2685546875;2270,904296875;6425,0;288,2294921875;32,4900016784668;1191,0;1135,0;1929,0;2230,0;180,2415313720703;1593,380859375;3682,0;4103,61376953125;1805024,0
2025-10-06;4189,8408203125;6309,84619140625;3680,0;613,4971313476562;734,3057250976562;1324,3724365234375;1550,0;1192,0;2302,0;15471,310546875;2284,8544921875;6445,0;281,873291015625;32,040000915527344;1181,0;1170,0;1917,0;2190,0;180,2415313720703;1579,8009033203125;3756,0;4115,791015625;1802570,0
2025-10-07;4182,4365234375;6314,6162109375;3730,0;583,2069091796875;696,4189453125;1364,0186767578125;1515,0;1200,0;2336,0;15421,322265625;2247,986083984375;6465,0;279,4285888671875;31,299999237060547;1206,0;1140,0;1922,0;2180,0;175,7417449951172;1593,380859375;3752,0;4032,988037109375;1793952,0
2025-10-08;4235,43896484375;6462,4658203125;3772,5;598,1116333007812;716,8578491210938;1380,06591796875;1544,0;1231,0;2403,0;15471,310546875;2230,0498046875;6530,0;283,3400573730469;30,979999542236328;1264,0;1120,0;1934,0;2215,0;174,9917755126953;1575,2742919921875;3772,0;4149,88671875;1819464,0
2025-10-09;4596,82470703125;7106,3271484375;3860,0;600,9963989257812;718,3533935546875;1401,7769775390625;1730,0;1325,0;2456,0;16296,1142578125;2270,904296875;6810,0;292,8743591308594;33,900001525878906;1337,0;1200,0;2125,0;2345,0;191,99098205566406;1597,9075927734375;3912,0;4559,0302734375;1924930,0
2025-10-13;4753,4248046875;7306,64013671875;3890,0;584,6493530273438;690,4368286132812;1360,2427978515625;1898,0;1364,0;2398,0;16521,060546875;2250,975341796875;6905,0;318,0547180175781;34,41999816894531;1452,0;1250,0;2211,0;2325,0;197,24073791503906;1593,380859375;3976,0;4675,927734375;1958155,0
2025-10-14;4522,13818359375;7087,2490234375;3770,0;570,7062377929688;689,9382934570312;1329,09228515625;1751,0;1329,0;2310,0;15771,2392578125;2187,20263671875;6640,0;306,5646667480469;32,189998626708984;1404,0;1130,0;2006,0;2250,0;188,2411651611328;1566,220947265625;3846,0;4510,32275390625;1884774,0
2025-10-15;4623,326171875;7282,79248046875;3857,5;561,0902709960938;702,8995361328125;1335,699951171875;1830,0;1446,0;2321,0;15771,2392578125;2204,142333984375;6630,0;302,40869140625;32,18000030517578;1421,0;1155,0;1999,0;2310,0;180,9915008544922;1570,7476806640625;3870,0;4512,7578125;1912739,0
2025-10-16;4676,32958984375;7416,33447265625;3847,5;587,0532836914062;735,80126953125;1340,4197998046875;1843,0;1450,0;2332,0;15521,298828125;2273,8935546875;6590,0;308,031494140625;31,610000610351562;1391,0;1105,0;1943,0;2270,0;179,74156188964844;1566,220947265625;3912,0;4590,6904296875;1929505,0
2025-10-17;4779,92578125;7816,9609375;3927,5;615,4203491210938;794,126953125;1397,0572509765625;1953,0;1481,0;2402,0;15671,2626953125;2422,3642578125;6835,0;308,52044677734375;31,790000915527344;1434,0;1110,0;1961,0;2410,0;181,74147033691406;1616,01416015625;4026,0;4722,2001953125;1989555,0
2025-10-20;4828,111328125;7859,88427734375;3770,0;627,4402465820312;849,4616088867188;1407,440673828125;1929,0;1467,0;2387,0;15671,2626953125;2385,495849609375;6840,0;310,96514892578125;32,0099983215332;1398,0;1095,0;1892,0;2405,0;178,74160766601562;1602,4342041015625;3952,0;4768,47265625;1978419,0
2025-10-21;4929,29931640625;8141,27490234375;3822,5;620,7091064453125;881,3662719726562;1413,1044921875;2001,0;1431,0;2460,0;15696,2568359375;2347,630859375;6885,0;309,98724365234375;31,93000030517578;1379,0;1095,0;1851,0;2510,0;182,24143981933594;1656,7540283203125;3980,0;4938,94873046875;2002849,0
2025-10-22;5112,40234375;8484,6689453125;3865,0;598,5924682617188;829,022705078125;1401,7769775390625;1942,0;1438,0;2479,0;15521,298828125;2306,7763671875;7010,0;309,25384521484375;32,150001525878906;1412,0;1105,0;1839,0;2520,0;182,9914093017578;1656,7540283203125;3982,0;4958,4326171875;2018811,0
2025-10-23;5223,22705078125;8622,978515625;3892,5;577,9181518554688;791,1359252929688;1381,953857421875;2129,0;1492,0;2527,5;15696,2568359375;2352,613037109375;7045,0;312,67645263671875;32,56999969482422;1460,0;1155,0;1819,0;2580,0;183,99136352539062;1692,9671630859375;4174,0;5109,42578125;2055520,0
2025-10-24;5348,50634765625;8594,3623046875;3920,0;566,8598022460938;800,1090698242188;1381,0098876953125;2127,0;1499,0;2505,0;15596,2802734375;2454,250732421875;7050,0;312,4319763183594;33,13999938964844;1509,0;1195,0;1886,0;2530,0;191,4910125732422;1670,333984375;4228,0;5143,52099609375;2076859,0
2025-10-27;6832,59716796875;11055,345703125;4522,5;566,8598022460938;809,5807495117188;1635,87841796875;2912,5;1926,0;3015,0;18020,703125;3158,7392578125;8960,0;356,52117919921875;41,290000915527344;1929,0;1455,0;2442,0;2775,0;223,98947143554688;2027,9393310546875;4870,0;6736,25927734375;2529084,0
2025-10-28;7381,9033203125;11770,7490234375;4620,0;594,74609375;880,3692626953125;1660,4329833984375;3170,0;2024,0;3112,5;19170,427734375;3280,803955078125;9200,0;379,2935485839844;46,81999969482422;2115,0;1620,0;2630,0;3000,0;239,48875427246094;2032,4659423828125;5062,5;7237,09228515625;2670388,0
2025-10-29;7603,552734375;12093,9150390625;4915,0;675,5199584960938;928,7247314453125;1661,35302734375;3440,0;2139,0;3167,5;20395,13671875;3230,981689453125;9400,0;395,2096252441406;55,70000076293945;2366,0;1770,0;2695,0;3505,0;271,48724365234375;2046,0458984375;5197,5;7515,4423828125;2801881,0
2025-10-30;7714,3779296875;12084,33203125;4847,5;694,7518920898438;931,7158203125;1609,838134765625;3347,5;2139,0;3095,0;21144,95703125;3156,248046875;9120,0;394,96478271484375;55,29999923706055;2284,0;1705,0;2702,5;3465,0;278,9869079589844;2005,3060302734375;5165,0;7422,658203125;2793520,0
2025-10-31;8523,880859375;12946,814453125;5155,0;701,0022583007812;983,5609130859375;1717,46728515625;3770,0;2344,0;3322,5;23069,498046875;3367,9931640625;9390,0;435,12237548828125;57,5;2502,5;1930,0;2877,5;3825,0;304,9856872558594;2150,158935546875;5460,0;8125,85693359375;3002607,0
2025-11-03;8851,537109375;13090,5625;5410,0;759,6594848632812;1005,9938354492188;1749,6640625;3930,0;2440,0;3260,0;22694,587890625;3759,098876953125;9300,0;448,5898742675781;59,400001525878906;2652,5;1995,0;2972,5;4025,0;304,9856872558594;2140,0;5605,0;8692,3232421875;3104495,0
2025-11-04;8735,8935546875;12946,814453125;5350,0;780,333740234375;967,6085815429688;1839,0;3830,0;2428,0;3255,0;22019,748046875;3639,525146484375;9075,0;438,3056335449219;60,0;2645,0;1920,0;3010,0;3900,0;317,7350769042969;2015,0;5537,5;8384,673828125;3080710,0
2025-11-05;8485,3330078125;12735,984375;5270,0;768,7946166992188;973,5906982421875;1767,0;3807,5;2320,0;3415,0;21794,802734375;3679,383056640625;8985,0;434,3877868652344;62,70000076293945;2552,5;1875,0;3060,0;3795,0;322,7348327636719;1985,0;5560,0;8409,0908203125;3048197,0
2025-11-06;8360,0517578125;12553,9052734375;5170,0;752,447509765625;963,1219482421875;1687,0;3622,5;2217,0;3282,5;21694,826171875;3646,99853515625;8715,0;432,1839599609375;59,900001525878906;2425,0;1825,0;3072,5;3590,0;312,2353210449219;2020,0;5462,5;8096,55810546875;2973544,0
2025-11-07;7802,32421875;11911,8349609375;5030,0;715,9069213867188;981,5668334960938;1666,0;3470,0;2135,0;3200,0;21519,8671875;3495,040283203125;8430,0;427,2867736816406;58,0;2386,0;1760,0;3130,0;3480,0;297,9859924316406;2055,0;5430,0;7637,5244140625;2864647,0
2025-11-10;7942,42822265625;11969,3349609375;5175,0;834,663818359375;1094,7286376953125;1720,0;3450,0;2232,0;3345,0;21744,814453125;3637,033935546875;8785,0;429,24554443359375;61,599998474121094;2473,0;1955,0;3297,5;3590,0;293,2362365722656;2100,0;5587,5;7481,25830078125;2951889,0
2025-11-11;7869,9599609375;11931,001953125;5185,0;825,5286865234375;1120,6512451171875;1773,0;3390,0;2203,0;3372,5;23044,50390625;3604,6494140625;9130,0;435,3672180175781;70,30000305175781;2450,0;1905,0;3480,0;3865,0;284,48663330078125;2180,0;5605,0;7456,841796875;2958258,0
2025-11-12;7927,93408203125;12266,4111328125;5285,0;818,3167114257812;1074,788330078125;1758,0;3485,0;2205,0;3492,5;23044,50390625;3724,22314453125;8995,0;442,4682922363281;74,69999694824219;2414,0;1875,0;3407,5;3925,0;290,2363586425781;2195,0;5587,5;7622,875;2984608,0
2025-11-13;7551,10400390625;11701,005859375;5145,0;767,3522338867188;985,554931640625;1724,0;3260,0;2190,0;3395,0;22594,611328125;3646,99853515625;8890,0;440,2644958496094;73,80000305175781;2338,0;1840,0;3215,0;3685,0;284,48663330078125;2170,0;5497,5;7266,392578125;2883333,0
2025-11-14;7638,064453125;11873,501953125;5370,0;793,7960815429688;1117,66015625;1758,0;3467,5;2260,0;3562,5;23294,4453125;3689,34765625;9210,0;442,9580078125;79,9000015258789;2432,0;1910,0;3490,0;3910,0;292,48626708984375;2215,0;5815,0;7661,94140625;2992809,0
2025-11-17;7382,01318359375;11356,0126953125;5255,0;781,2953491210938;1074,788330078125;1759,0;3275,0;2217,0;3530,0;23575,0;3823,867919921875;8905,0;444,4272155761719;80,5999984741211;2312,0;2015,0;3572,5;4085,0;291,4862976074219;2230,0;5685,0;7520,32470703125;2926871,0
2025-11-18;7304,71435546875;11193,099609375;5325,0;799,0848388671875;1060,8299560546875;1775,0;3272,5;2204,0;3487,5;23425,0;3752,5;9105,0;443,9374694824219;79,0999984741211;2375,0;2005,0;3617,5;4055,0;293,2362365722656;2325,0;5777,5;7466,60888671875;2932664,0
2025-11-19;7058,3251953125;10972,6884765625;5250,0;778,891357421875;1045,8746337890625;1752,0;3135,0;2152,0;3397,5;23700,0;3675,0;9095,0;442,9580078125;76,30000305175781;2387,0;1915,0;3547,5;3815,0;285,986572265625;2275,0;5655,0;7320,10791015625;2869724,0
2025-11-20;7048,6640625;11164,3505859375;5275,0;767,8330078125;1024,937255859375;1734,0;3085,0;2169,0;3385,0;23875,0;3555,0;9065,0;451,31866455078125;66,5999984741211;2371,0;1975,0;3492,5;3715,0;285,2366027832031;2285,0;5580,0;7193,14208984375;2850533,0
2025-11-21;6749,1318359375;10694,779296875;5155,0;761,5827026367188;1006,9908447265625;1674,0;2892,5;2105,0;3347,5;23950,0;3427,5;8940,0;450,828369140625;65,5;2255,0;1920,0;3382,5;3660,0;276,2370300292969;2245,0;5397,5;6865,95849609375;2761615,0
2025-11-25;7208,09130859375;11298,513671875;5300,0;763,9866333007812;1003,0028076171875;1745,0;3135,0;2183,0;3480,0;24725,0;3557,5;8990,0;470,19512939453125;69,80000305175781;2383,0;1880,0;3427,5;3570,0;285,986572265625;2200,0;5457,5;7275,4765625;2865760,0
2025-11-26;7565,59716796875;12212,076171875;5445,0;772,1602172851562;1010,9789428710938;1819,0;3380,0;2300,0;3670,0;25700,0;3660,0;9335,0;473,38201904296875;74,4000015258789;2602,5;1945,0;3430,0;3760,0;292,7362365722656;2305,0;5572,5;7911,95849609375;2985632,0
2025-11-27;7589,7529296875;12587,6865234375;5415,0;785,1417236328125;1031,9163818359375;1849,0;3415,0;2351,0;3757,5;26250,0;3667,5;9290,0;507,947998046875;75,30000305175781;2587,5;1940,0;3447,5;3780,0;298,2359924316406;2355,0;5617,5;8000,08642578125;3020019,0
2025-11-28;7652,55810546875;12501,0068359375;5405,0;774,0833740234375;1046,8717041015625;1815,0;3402,5;2434,0;3750,0;26200,0;3725,0;9175,0;521,18603515625;74,0;2572,5;2065,0;3455,0;3860,0;299,4859313964844;2320,0;5610,0;8024,56640625;3026470,0
2025-12-01;7734,6884765625;12423,9580078125;5470,0;784,1801147460938;1085,7554931640625;1769,0;3462,5;2550,0;3780,0;26650,0;3812,5;9435,0;520,2054443359375;74,0;2670,0;2205,0;3630,0;3775,0;299,98590087890625;2305,0;5570,0;8088,21484375;3060289,0
2025-12-02;7657,388671875;12212,076171875;5430,0;784,6609497070312;1072,794189453125;1727,0;3385,0;2542,5;3810,0;26650,0;3855,0;9400,0;519,7151489257812;73,80000305175781;2605,0;2260,0;3597,5;3765,0;301,23583984375;2290,0;5557,5;8088,21484375;3042001,0
2025-12-03;7831,31103515625;12712,8876953125;5610,0;780,333740234375;1068,80615234375;1785,0;3600,0;2700,0;3852,5;26700,0;3875,0;9780,0;510,8898620605469;74,19999694824219;2717,5;2260,0;3670,0;3725,0;303,7357482910156;2330,0;5670,0;8465,2080078125;3129449,0
2025-12-04;7613,9091796875;13001,81640625;5570,0;779,8529663085938;1064,818115234375;1759,0;3545,0;2642,5;3800,0;26800,0;3862,5;9675,0;500,5935363769531;72,30000305175781;2617,5;2220,0;3817,5;3700,0;299,7359313964844;2295,0;5595,0;8323,2236328125;3096396,0
2025-12-05;7442,68212890625;12751,4111328125;5455,0;756,2938842773438;1061,8270263671875;1738,0;3397,5;2617,5;3720,0;27050,0;3817,5;9505,0;501,0838317871094;71,80000305175781;2505,0;2160,0;3957,5;3715,0;301,48583984375;2285,0;5497,5;8235,0947265625;3046355,0
2025-12-09;7297,31640625;12578,0546875;5400,0;731,29248046875;1023,9402465820312;1707,0;3250,0;2550,0;3710,0;26550,0;3635,0;9470,0;487,3555603027344;69,0999984741211;2460,0;2110,0;3875,0;3765,0;301,9858093261719;2275,0;5395,0;8122,48681640625;2987064,0
2025-12-10;7268,24365234375;12963,2919921875;5475,0;734,6580200195312;990,04150390625;1737,0;3245,0;2542,5;3840,0;26650,0;3647,5;9615,0;486,8652038574219;66,30000305175781;2406,0;2140,0;3950,0;3760,0;304,2357177734375;2285,0;5440,0;8235,0947265625;3013647,0
2025-12-11;7122,8779296875;12828,4599609375;5445,0;715,4261474609375;933,7098388671875;1758,0;3277,5;2520,0;3877,5;26300,0;3565,0;9590,0;488,58123779296875;62,79999923706055;2323,0;2155,0;4020,0;3675,0;302,98577880859375;2275,0;5335,0;8313,4306640625;2980581,0
2025-12-12;7132,56982421875;12664,7314453125;5395,0;774,0833740234375;953,1517333984375;1800,0;3335,0;2470,0;3870,0;26000,0;3557,5;9610,0;481,9622802734375;64,5999984741211;2319,0;2150,0;4047,5;3605,0;299,98590087890625;2330,0;5285,0;8308,5341796875;2979065,0
2025-12-15;7268,24365234375;12847,7216796875;5460,0;779,8529663085938;952,6532592773438;1798,0;3447,5;2507,5;3895,0;26550,0;3567,5;9675,0;500,103271484375;64,19999694824219;2357,0;2145,0;4062,5;3530,0;295,23614501953125;2350,0;5355,0;8426,0400390625;3012681,0
2025-12-16;7476,599609375;13011,4482421875;5470,0;799,565673828125;1026,9312744140625;1757,0;3480,0;2493,0;3822,5;27200,0;3507,5;9565,0;500,103271484375;62,599998474121094;2376,0;2165,0;4245,0;3665,0;294,73614501953125;2355,0;5320,0;8543,5439453125;3034429,0
2025-12-17;7568,6640625;12963,2919921875;5455,0;707,7333984375;1063,821044921875;1800,0;3462,5;2575,0;3815,0;27450,0;3570,0;9465,0;494,2196350097656;63,0;2394,0;2120,0;4237,5;3640,0;293,9862060546875;2360,0;5320,0;8636,5693359375;3035517,0
2025-12-18;8062,90380859375;13791,556640625;5485,0;715,4261474609375;1096,7227783203125;1831,0;3747,5;2745,0;4040,0;27600,0;3610,0;9810,0;502,0644226074219;66,80000305175781;2464,0;2200,0;4297,5;3660,0;296,486083984375;2405,0;5475,0;9395,44921875;3163224,0
2025-12-19;8111,36083984375;13435,2099609375;5495,0;713,0221557617188;1077,779296875;1820,0;3670,0;2677,5;3940,0;27600,0;3545,0;9695,0;510,8898620605469;65,5999984741211;2440,0;2155,0;4315,0;3680,0;298,9859619140625;2380,0;5467,5;9243,673828125;3139467,0
2025-12-22;8033,83251953125;13492,998046875;5465,0;683,6935424804688;1042,8836669921875;1800,0;3712,5;2742,5;3935,0;27700,0;3522,5;9660,0;524,1277465820312;67,80000305175781;2453,0;2130,0;4227,5;3665,0;295,4861145019531;2365,0;5512,5;9273,05078125;3136090,0
2025-12-23;8004,7587890625;13213,697265625;5435,0;694,2710571289062;1002,0057373046875;1791,0;3720,0;2722,5;3935,0;27650,0;3507,5;9555,0;529,498779296875;66,80000305175781;2403,0;2265,0;4172,5;3655,0;292,48626708984375;2365,0;5510,0;9163,81640625;3114970,0
2025-12-24;8014,44921875;13358,1630859375;5480,0;695,7134399414062;998,0177001953125;1793,0;3700,0;2700,0;3945,0;27600,0;3472,5;9565,0;533,9154052734375;67,19999694824219;2409,0;2295,0;4345,0;3640,0;296,486083984375;2375,0;5490,0;9100,04296875;3121145,0
2025-12-26;8121,05078125;13425,580078125;5375,0;671,1928100585938;1003,9998168945312;1810,0;3685,0;2712,5;3980,0;27500,0;3477,5;9480,0;540,2948608398438;64,9000015258789;2420,0;2370,0;4180,0;3625,0;291,4862976074219;2410,0;5460,0;9134,3828125;3112380,0
2025-12-29;8111,36083984375;13357,884765625;5375,0;662,0576782226562;972,0951538085938;1878,0;3670,0;2662,5;3945,0;27350,0;3500,0;9400,0;541,7670288085938;61,900001525878906;2371,0;2435,0;3777,5;3515,0;284,48663330078125;2485,0;5585,0;9183,439453125;3100075,0
2025-12-30;7946,61328125;13125,7431640625;5260,0;646,1913452148438;990,5400390625;1918,0;3570,0;2612,5;3885,0;27300,0;3527,5;9325,0;540,2948608398438;59,5;2336,0;2535,0;3577,5;3435,0;290,7363586425781;2550,0;5460,0;8967,5888671875;3051617,0
2026-01-02;8091,97802734375;13425,59375;5440,0;673,1160278320312;1004,0;1936,0;3595,0;2697,5;3997,5;27000,0;3595,0;9515,0;540,7855224609375;61,099998474121094;2320,0;2620,0;3470,0;3490,0;301,23583984375;2555,0;5645,0;9242,3076171875;3126292,0
2026-01-05;8251,880859375;13599,701171875;5365,0;697,6366577148438;1022,0;1893,0;3677,5;2657,5;4017,5;26750,0;3580,0;9405,0;538,8226318359375;59,5;2305,0;2525,0;3390,0;3520,0;317,7350769042969;2480,0;5527,5;9222,68359375;3130197,0
2026-01-06;8208,2705078125;13628,71875;5235,0;705,3294067382812;1031,0;1881,0;3705,0;2640,0;3920,0;25950,0;3605,0;9185,0;544,220703125;59,599998474121094;2281,0;2415,0;3457,5;3470,0;331,9844055175781;2500,0;5437,5;9095,1376953125;3112377,0
2026-01-07;8082,287109375;13512,6484375;5020,0;727,4461059570312;1001,0;1819,0;3560,0;2502,5;3735,0;24700,0;3492,5;8860,0;543,7299194335938;56,5;2149,0;2265,0;3490,0;3315,0;320,2349548339844;2435,0;5110,0;8908,720703125;3013957,0
2026-01-08;8266,416015625;13938,244140625;5085,0;762,0634765625;975,0;1890,0;3632,5;2547,5;3810,0;24525,0;3510,0;9255,0;539,8041381835938;56,79999923706055;2193,0;2300,0;3675,0;3220,0;316,4851379394531;2480,0;5192,5;9227,5908203125;3074880,0
2026-01-09;8304,2080078125;14054,3154296875;5065,0;770,7178344726562;1005,0;1905,0;3652,5;2565,0;3805,0;24175,0;3460,0;9170,0;543,7299194335938;56,79999923706055;2219,0;2290,0;3795,0;3210,0;320,2349548339844;2490,0;5187,5;9433,62890625;3089461,0
2026-01-12;8182,73046875;14015,625;5070,0;758,2171020507812;995,0;1951,0;3595,0;2545,0;3852,5;23650,0;3590,0;8975,0;552,0724487304688;55,20000076293945;2214,0;2295,0;3795,0;3230,0;322,48486328125;2575,0;5175,0;9512,119140625;3076947,0
2026-01-13;7915,47998046875;13744,7919921875;5050,0;734,6580200195312;969,0;1930,0;3450,0;2540,0;3710,0;23350,0;3452,5;8945,0;561,8870239257812;52,5;2157,0;2210,0;3747,5;3120,0;320,2349548339844;2565,0;5282,5;9296,26953125;3036293,0
2026-01-14;7546,1884765625;13367,5576171875;4935,0;728,8884887695312;960,0;1919,0;3307,5;2413,0;3595,0;22275,0;3315,0;8920,0;562,3778076171875;49,16999816894531;2027,0;2175,0;3292,5;3025,0;316,4851379394531;2570,0;5282,5;8840,0419921875;2950111,0
2026-01-15;7628,79345703125;13174,10546875;4792,5;754,8515014648438;975,0;1877,0;3250,0;2354,0;3530,0;22300,0;3312,5;8690,0;586,9142456054688;50,0;2008,0;2265,0;3387,5;2910,0;315,98516845703125;2500,0;5182,5;8634,00390625;2926727,0
2026-01-16;7546,1884765625;13435,267578125;4792,5;770,2369995117188;990,0;1885,0;3240,0;2314,0;3542,5;22675,0;3287,5;8725,0;591,3309326171875;54,599998474121094;2040,0;2295,0;3280,0;2950,0;316,4851379394531;2535,0;5215,0;8638,908203125;2933230,0
2026-01-19;7536,47021484375;13019,34375;4795,0;756,7747192382812;998,0;1862,0;3217,5;2303,0;3477,5;22350,0;3270,0;8715,0;592,8030395507812;60,29999923706055;2038,0;2285,0;3332,5;3010,0;317,4850769042969;2450,0;5162,5;8423,056640625;2912976,0
2026-01-20;7497,59765625;13357,884765625;4905,0;740,9083862304688;998,5;1879,0;3225,0;2316,0;3497,5;21650,0;3327,5;8910,0;588,8772583007812;60,0;2058,0;2265,0;3345,0;2990,0;316,4851379394531;2470,0;5267,5;8614,3798828125;2942092,0
2026-01-21;7891,18505859375;14247,767578125;5010,0;759,6594848632812;1028,0;1899,0;3400,0;2385,0;3642,5;22300,0;3412,5;9330,0;590,3494262695312;59,099998474121094;2294,0;2245,0;3422,5;3065,0;322,7348327636719;2485,0;5400,0;8879,2880859375;3047554,0
2026-01-22;7871,748046875;14170,3857421875;5035,0;758,6978759765625;1056,0;1926,0;3407,5;2493,0;3552,5;22325,0;3787,5;9255,0;595,2568359375;58,400001525878906;2337,0;2240,0;3357,5;3165,0;323,9847717285156;2485,0;5382,5;9173,6279296875;3066435,0
2026-01-23;7896,0439453125;14228,421875;5080,0;738,50439453125;1076,0;1912,0;3487,5;2477,0;3592,5;22225,0;3802,5;9340,0;600,65478515625;57,599998474121094;2242,0;2240,0;3467,5;3210,0;324,2347717285156;2505,0;5515,0;9620,044921875;3093535,0
2026-01-26;7964,0712890625;14392,8564453125;5175,0;705,8101806640625;1080,0;1930,0;3522,5;2577,5;3620,0;22575,0;3807,5;9640,0;606,533203125;58,70000076293945;2311,0;2275,0;3647,5;3315,0;326,9846496582031;2620,0;5527,5;9747,59375;3131277,0
2026-01-27;8173,01220703125;15186,0107421875;5365,0;691,8670654296875;1036,0;2120,0;3710,0;2642,5;3692,5;22575,0;3975,0;10140,0;611,4443359375;61,900001525878906;2463,0;2280,0;3830,0;3255,0;332,484375;2790,0;5772,5;10361,201171875;3244320,0
2026-01-28;8221,603515625;15119,7080078125;5380,0;667,346435546875;1031,0;2062,0;3725,0;2615,0;3592,5;22675,0;3922,5;9875,0;610,4620971679688;63,79999923706055;2398,0;2260,0;3662,5;3185,0;340,2340087890625;2735,0;5805,0;10125,2734375;3230714,0
2026-01-29;8075,83056640625;14847,8056640625;5315,0;670,231201171875;1046,0;2056,0;3717,5;2575,0;3522,5;22825,0;4042,5;9830,0;606,0420532226562;61,79999923706055;2336,0;2220,0;3747,5;3140,0;340,9839782714844;2725,0;5907,5;10007,30859375;3211242,0
2026-01-30;8075,83056640625;14847,8056640625;5215,0;677,9239501953125;1045,0;2034,0;3680,0;2547,5;3487,5;22550,0;4047,5;9655,0;608,4976806640625;60,79999923706055;2352,0;2160,0;3845,0;3115,0;335,7342224121094;2635,0;5970,0;9997,4775390625;3199554,0
2026-02-02;7847,453125;14352,5546875;5045,0;686,0975341796875;1022,0;1996,0;3490,0;2441,0;3342,5;21650,0;3875,0;9195,0;606,533203125;56,29999923706055;2244,0;2005,0;3852,5;3090,0;334,9842529296875;2520,0;5797,5;9786,1240234375;3106672,0
2026-02-03;7585,0615234375;13925,2802734375;4970,0;664,9424438476562;989,0;1950,0;3377,5;2430,0;3265,0;21150,0;3765,0;8980,0;589,8351440429688;53,5;2125,0;1845,0;3915,0;3015,0;334,9842529296875;2465,0;5712,5;9569,8564453125;3038541,0
2026-02-04;7560,765625;13595,11328125;4962,5;673,1160278320312;975,5;1952,0;3317,5;2377,0;3165,0;21275,0;3642,5;8920,0;581,9771728515625;52,900001525878906;2059,0;1770,0;3942,5;2950,0;333,73431396484375;2415,0;5837,5;9137,3203125;3015927,0
2026-02-05;7293,515625;12993,04296875;4920,0;657,2496948242188;979,0;1910,0;3147,5;2322,0;3227,5;20575,0;3482,5;8755,0;573,136962890625;50,20000076293945;2017,0;1790,0;3862,5;2860,0;330,4844665527344;2375,0;5642,5;8601,56640625;2932838,0
2026-02-06;7283,3447265625;13439,7412109375;4985,0;662,5384521484375;1017,0;1935,0;3272,5;2357,0;3315,0;20900,0;3547,5;8865,0;578,0481567382812;51,900001525878906;2087,0;1835,0;4000,0;3065,0;329,9844970703125;2405,0;5690,0;8817,8349609375;2977119,0
2026-02-09;7249,21923828125;13332,921875;4962,5;666,8656616210938;983,5;1873,0;3435,0;2342,0;3375,0;20875,0;3715,0;8860,0;575,5926513671875;52,900001525878906;2197,0;1830,0;4095,0;3000,0;326,9846496582031;2370,0;5667,5;8896,4775390625;2976664,0
2026-02-10;7551,4736328125;13711,642578125;5175,0;682,73193359375;981,5;1911,0;3570,0;2408,0;3487,5;21500,0;3750,0;9260,0;580,9949340820312;53,400001525878906;2196,0;1865,0;4050,0;3050,0;327,734619140625;2365,0;5812,5;9102,9150390625;3060606,0
2026-02-11;7380,845703125;13517,4267578125;5070,0;670,7120361328125;996,5;1883,0;3460,0;2397,0;3512,5;21300,0;3405,0;9205,0;579,0304565429688;52,70000076293945;2208,0;1830,0;4132,5;3050,0;324,9847412109375;2335,0;5772,5;8822,75;3017641,0
2026-02-12;6776,337890625;12662,8759765625;4852,5;653,4033203125;963,0;1757,0;3185,0;2284,0;3365,0;20900,0;3397,5;8625,0;552,510009765625;49,63999938964844;2117,0;1805,0;3887,5;2925,0;312,7353210449219;2230,0;5525,0;8041,23583984375;2851780,0
2026-02-13;6527,7099609375;12332,708984375;4840,0;675,5199584960938;990,5;1743,0;3102,5;2285,0;3320,0;20850,0;3330,0;8615,0;552,0188598632812;47,66999816894531;2082,0;1740,0;3980,0;2970,0;307,98553466796875;2230,0;5465,0;7820,05224609375;2816128,0
2026-02-18;6274,20654296875;11847,169921875;4635,0;647,1529541015625;945,0;1650,0;2970,0;2271,0;3220,0;20575,0;3222,5;8400,0;525,0072021484375;43,59000015258789;1980,0;1685,0;3787,5;3030,0;295,4861145019531;2145,0;5405,0;7549,71728515625;2723175,0
2026-02-19;6678,8369140625;12915,357421875;4815,0;668,3080444335938;918,0;1692,0;3167,5;2355,0;3287,5;20500,0;3285,0;8795,0;518,6227416992188;46,09000015258789;2037,0;1690,0;3915,0;2955,0;301,23583984375;2180,0;5595,0;7874,11962890625;2839106,0
2026-02-20;6990,8408203125;12944,490234375;4802,5;660,1344604492188;893,0;1765,0;3200,0;2365,0;3290,0;20675,0;3297,5;8775,0;521,5693969726562;45,0099983215332;2009,0;1670,0;4007,5;2940,0;325,98468017578125;2360,0;5562,5;8095,3017578125;2873248,0
2026-02-23;6771,462890625;12342,4208984375;4602,5;622,1514892578125;834,0;1695,0;3007,5;2292,0;3092,5;19825,0;3185,0;8565,0;502,39642333984375;42,43000030517578;1938,0;1565,0;3945,0;2825,0;312,2353210449219;2295,0;5432,5;7657,85107421875;2763059,0
2026-02-24;6878,7138671875;12730,8515625;4742,5;611,573974609375;795,5;1715,0;3100,0;2360,0;3175,0;19550,0;3250,0;8605,0;508,29534912109375;42,189998626708984;2007,0;1570,0;4007,5;2965,0;313,23529052734375;2345,0;5490,0;8081,384765625;2812414,0
2026-02-25;6878,7138671875;12695,2353515625;4745,0;602,9196166992188;820,0;1702,0;3060,0;2336,0;3187,5;19425,0;3285,0;8800,0;495,0226745605469;43,290000915527344;2006,0;1520,0;3842,5;2920,0;304,4856872558594;2355,0;5465,0;7948,33740234375;2799876,0
2026-02-26;6737,33740234375;11924,349609375;4680,0;596,6692504882812;825,5;1695,0;2952,5;2340,0;3105,0;19400,0;3300,0;8850,0;500,9216613769531;43,70000076293945;1962,0;1570,0;3830,0;2920,0;314,4852294921875;2360,0;5340,0;7706,88232421875;2754420,0
2026-02-27;6381,45751953125;10938,78515625;4495,0;595,7076416015625;811,5;1643,0;2725,0;2320,0;2992,5;19325,0;3375,0;8555,0;496,9889831542969;41,95000076293945;1832,0;1575,0;3692,5;2865,0;316,7351379394531;2280,0;5077,5;7179,62060546875;2642106,0
2026-03-02;6201,080078125;10655,8017578125;4537,5;567,3406372070312;755,0;1653,0;2530,0;2248,0;2945,0;18950,0;3307,5;8530,0;498,4637451171875;41,400001525878906;2002,0;1530,0;3767,5;2800,0;315,2351989746094;2265,0;5125,0;6770,6240234375;2603094,0
2026-03-03;6327,83203125;10704,591796875;4477,5;561,571044921875;710,5;1624,0;2605,0;2200,0;2947,5;18300,0;3232,5;8670,0;501,4131774902344;39,90999984741211;1930,0;1490,0;3822,5;2695,0;305,23565673828125;2195,0;5150,0;6795,26171875;2597025,0
2026-03-04;6254,70654296875;10558,2216796875;4490,0;587,5341186523438;738,5;1618,0;2592,5;2183,0;2927,5;18550,0;3342,5;8390,0;491,5815734863281;40,16999816894531;1903,0;1530,0;3922,5;2705,0;298,4859924316406;2205,0;5062,5;6716,41943359375;2579970,0
2026-03-05;6123,07958984375;10363,0595703125;4567,5;591,8612670898438;798,5;1567,0;2460,0;2107,0;2902,5;18150,0;3207,5;8280,0;491,5815734863281;40,25;1867,0;1460,0;3987,5;2645,0;294,73614501953125;2115,0;5210,0;6745,9853515625;2570733,0
2026-03-06;6030,35009765625;10128,8662109375;4695,0;636,0946044921875;851,5;1595,0;2469,0;2159,0;2907,5;18250,0;3247,5;8630,0;491,3358459472656;39,68000030517578;1889,0;1485,0;4012,5;2725,0;306,985595703125;2120,0;5510,0;6770,6240234375;2626115,0
2026-03-09;6128,24560546875;10275,2373046875;4705,0;626,95947265625;868,5;1632,0;2552,5;2130,0;2942,5;17850,0;3267,5;8595,0;500,9216613769531;40,88999938964844;1881,0;1590,0;4085,0;2690,0;305,7356262207031;2180,0;5385,0;6859,322265625;2632795,0
2026-03-10;6338,72021484375;10489,9140625;4842,5;626,95947265625;863,5;1655,0;2657,5;2260,0;3090,0;18450,0;3410,0;8870,0;511,73651123046875;43,22999954223633;1975,0;1625,0;4092,5;2810,0;318,23504638671875;2220,0;5360,0;6972,658203125;2700255,0
2026-03-11;6436,6162109375;10577,7373046875;4900,0;640,902587890625;876,5;1714,0;2712,5;2309,0;3082,5;19225,0;3565,0;9120,0;558,9282836914062;46,11000061035156;2026,0;1660,0;4215,0;2925,0;315,73516845703125;2215,0;5695,0;7184,548828125;2770635,0
2026-03-12;6162,5087890625;10060,5595703125;4802,5;620,7091064453125;844,0;1733,0;2587,5;2271,0;3000,0;19200,0;3400,0;8970,0;566,7935791015625;44,150001525878906;2001,0;1625,0;4217,5;2845,0;305,9856262207031;2180,0;5595,0;6888,88818359375;2695424,0
2026-03-13;5942,24462890625;9587,2939453125;4752,5;598,1116333007812;791,0;1722,0;2421,0;2232,0;2930,0;18425,0;3350,0;9075,0;593,8305053710938;42,02000045776367;1929,0;1515,0;4220,0;2785,0;303,4857482910156;2130,0;5622,5;6455,25244140625;2642584,0
2026-03-16;5903,0859375;9416,5283203125;4717,5;587,0532836914062;798,5;1670,0;2371,0;2195,0;2907,5;18450,0;3307,5;8975,0;593,8305053710938;39,810001373291016;1885,0;1465,0;4205,0;2720,0;304,4856872558594;2150,0;5500,0;6238,4345703125;2606351,0
2026-03-17;5971,61328125;9553,1416015625;4940,0;605,8043823242188;800,5;1683,0;2378,0;2296,0;2945,0;18950,0;3365,0;9350,0;592,3558959960938;41,119998931884766;1943,0;1440,0;3987,5;2715,0;314,2352294921875;2140,0;5587,5;6317,27783203125;2663049,0
2026-03-18;6030,35009765625;9528,7451171875;5010,0;615,4203491210938;811,0;1704,0;2396,0;2297,0;2997,5;18800,0;3327,5;9505,0;587,9315795898438;40,779998779296875;2003,0;1480,0;3705,0;2650,0;315,48516845703125;2105,0;5815,0;6297,56689453125;2693891,0
2026-03-19;6265,298828125;9923,947265625;5085,0;610,6123657226562;805,0;1779,0;2507,5;2331,0;2977,5;18575,0;3372,5;9800,0;588,914794921875;44,9900016784668;2119,0;1590,0;3702,5;2635,0;312,4853210449219;2110,0;6097,5;6662,21533203125;2768682,0
2026-03-20;6177,19287109375;9640,96484375;4950,0;599,0732421875;793,0;1751,0;2385,0;2238,0;2960,0;18600,0;3302,5;9570,0;586,4568481445312;44,790000915527344;2049,0;1545,0;3695,0;2620,0;313,23529052734375;2000,0;6155,0;6494,673828125;2725326,0
2026-03-23;6510,037109375;10119,107421875;4895,0;606,7659912109375;797,0;1820,0;2595,0;2279,0;3152,5;18625,0;3380,0;9605,0;599,2379760742188;45,790000915527344;2157,0;1585,0;3765,0;2685,0;313,7352600097656;2120,0;6010,0;6893,8154296875;2778025,0
2026-03-25;6451,30029296875;10158,140625;4942,5;611,0931396484375;787,5;1827,0;2665,0;2293,0;3110,0;18450,0;3460,0;9845,0;595,3148803710938;46,209999084472656;2089,0;1575,0;3817,5;2625,0;311,9853515625;2235,0;6245,0;7150,0546875;2805317,0
2026-03-26;6314,24658203125;10206,9306640625;4910,0;603,8812255859375;795,5;1763,0;2547,5;2176,0;2982,5;18275,0;3350,0;9775,0;590,3948974609375;44,93000030517578;2042,0;1560,0;3817,5;2620,0;310,2354431152344;2220,0;6310,0;7002,1279296875;2769369,0
2026-03-27;6157,61376953125;10084,521484375;4955,0;636,0946044921875;809,0;1781,0;2430,0;2206,0;2962,5;18150,0;3270,0;10130,0;579,5709838867188;46,779998779296875;2040,0;1490,0;3897,5;2620,0;306,735595703125;2230,0;6650,0;6868,7060546875;2793847,0
2026-03-30;6240,8251953125;10192,537109375;5145,0;647,1529541015625;881,0;1820,0;2502,5;2290,0;3080,0;18350,0;3257,5;10310,0;584,9829711914062;50,29999923706055;2074,0;1540,0;4010,0;2685,0;308,7355041503906;2265,0;6845,0;7036,71826171875;2865754,0
2026-03-31;6744,986328125;11203,9345703125;5200,0;648,5953369140625;937,0;1872,0;2795,0;2493,0;3252,5;18375,0;3430,0;10150,0;642,0545043945312;52,5;2249,0;1595,0;4190,0;2775,0;326,7346496582031;2370,0;6750,0;7847,12646484375;2997780,0
2026-04-01;6744,986328125;11380,6826171875;5170,0;668,788818359375;992,5;1866,0;2847,5;2475,0;3325,0;18650,0;3507,5;10200,0;644,5145263671875;54,29999923706055;2303,0;1695,0;4235,0;2795,0;329,2345275878906;2475,0;6545,0;7965,72314453125;2999342,0
2026-04-06;6710,72216796875;11223,572265625;5240,0;687,0591430664062;1028,0;1851,0;2805,0;2497,0;3430,0;18675,0;3425,0;10240,0;661,734375;54,29999923706055;2326,0;1705,0;4260,0;2885,0;330,9844665527344;2495,0;6487,5;7812,5361328125;3006248,0
2026-04-07;6578,5634765625;10909,3515625;5200,0;668,5;969,5;1817,0;2735,0;2467,0;3435,0;18675,0;3385,0;10320,0;662,226318359375;52,20000076293945;2254,0;1680,0;4255,0;2740,0;325,98468017578125;2410,0;6545,0;7659,3486328125;2972630,0
2026-04-08;6847,77587890625;11704,7236328125;5160,0;676,0;941,0;1846,0;2910,0;2477,0;3535,0;18775,0;3447,5;9940,0;678,9541625976562;51,599998474121094;2302,0;1765,0;4170,0;2730,0;336,23419189453125;2470,0;6410,0;8034,904296875;3011186,0
2026-04-09;6921,197265625;11685,0849609375;5120,0;705,0;975,5;1786,0;2865,0;2472,0;3650,0;18675,0;3400,0;9605,0;694,2060546875;49,75;2190,0;1815,0;4050,0;2715,0;340,9839782714844;2445,0;6295,0;7822,41845703125;2999608,0
2026-04-10;6951,666015625;11586,890625;5145,0;715,0;997,0;1777,0;2867,5;2460,0;3585,0;18600,0;3385,0;9635,0;692,238037109375;48,59000015258789;2126,0;1840,0;3905,0;2720,0;337,984130859375;2370,0;6327,5;7896,54150390625;2998770,0
2026-04-13;7010,6201171875;11537,79296875;5090,0;732,5;1010,0;1773,0;2770,0;2377,0;3470,0;18300,0;3382,5;9710,0;696,1740112304688;49,22999954223633;2069,0;1775,0;4075,0;2800,0;336,48419189453125;2320,0;6367,5;7832,30224609375;2991782,0
2026-04-14;7045,009765625;11685,0849609375;4900,0;721,5;980,5;1718,0;2802,5;2274,0;3472,5;18275,0;3435,0;9305,0;721,2658081054688;48,619998931884766;1985,0;1775,0;4010,0;2745,0;346,4837341308594;2370,0;6192,5;7728,53076171875;2950635,0
2026-04-15;7049,92236328125;11783,2783203125;4770,0;731,0;966,0;1672,0;2812,5;2246,0;3380,0;18450,0;3412,5;9005,0;726,1857299804688;49,16999816894531;2010,0;1800,0;3855,0;2670,0;317,75;2315,0;6037,5;7748,29638671875;2917889,0
2026-04-16;7005,70703125;11694,9033203125;4795,0;719,5;949,0;1690,0;2870,0;2261,0;3362,5;18250,0;3445,0;9125,0;724,7097778320312;49,93000030517578;2018,0;1750,0;3975,0;2625,0;314,0;2340,0;6080,0;7950,89794921875;2923833,0
2026-04-17;6882,88623046875;11753,8212890625;4697,5;717,0;948,5;1694,0;2860,0;2237,0;3395,0;18125,0;3487,5;8885,0;721,2658081054688;48,619998931884766;1978,0;1745,0;3927,5;2490,0;317,5;2330,0;5920,0;7906,4248046875;2889185,0
2026-04-20;6932,01416015625;11901,111328125;4797,5;731,5;951,0;1706,0;2902,5;2265,0;3502,5;18325,0;3605,0;9105,0;701,5859985351562;48,439998626708984;2084,0;1775,0;3935,0;2515,0;316,75;2310,0;6037,5;8173,2666015625;2931701,0
2026-04-21;6902,53759765625;11655,626953125;4880,0;718,0;950,5;1695,0;2887,5;2244,0;3467,5;18150,0;3552,5;9145,0;682,3981323242188;48,84000015258789;2018,0;1735,0;3807,5;2645,0;319,5;2270,0;6337,5;8015,13818359375;2940100,0
2026-04-22;6691,28515625;11292,30859375;4862,5;713,0;962,5;1655,0;2810,0;2200,0;3465,0;18500,0;3560,0;9095,0;672,5582275390625;49,15999984741211;1950,0;1730,0;3805,0;2645,0;320,25;2230,0;6357,5;7595,109375;2898692,0
2026-04-23;6303,1708984375;10860,2548828125;4905,0;701,0;980,5;1619,0;2640,0;2151,0;3312,5;18275,0;3425,0;9055,0;655,8303833007812;47,20000076293945;1871,0;1680,0;3805,0;2735,0;315,5;2155,0;6395,0;7071,30859375;2831849,0
2026-04-24;6352,2998046875;10919,171875;4837,5;697,0;994,0;1661,0;2682,5;2178,0;3337,5;18800,0;3385,0;9050,0;657,8298950195312;47,83000183105469;1905,0;1735,0;3815,0;2710,0;312,25;2180,0;6425,0;7120,7236328125;2840788,0
2026-04-27;6406,3408203125;11086,1015625;4902,5;695,0;999,5;1711,0;2685,0;2177,0;3302,5;19175,0;3422,5;9245,0;655,8602905273438;47,54999923706055;1894,0;1805,0;3635,0;2595,0;318,0;2220,0;6510,0;7268,96923828125;2866257,0
2026-04-28;6406,3408203125;11164,65625;4935,0;693,0;977,5;1702,0;2682,5;2218,0;3365,0;19175,0;3350,0;9160,0;649,95166015625;47,02000045776367;1900,0;1815,0;3657,5;2650,0;310,0;2185,0;6532,5;7367,7998046875;2869560,0
2026-04-29;6268,78125;10752,2412109375;4957,5;672,0;986,0;1679,0;2547,5;2151,0;3265,0;19075,0;3622,5;9205,0;628,7789916992188;46,189998626708984;1890,0;1805,0;3885,0;2780,0;302,25;2115,0;6702,5;7036,71826171875;2838835,0
2026-04-30;6111,5703125;10693,32421875;4972,5;673,5;970,0;1694,0;2476,0;2139,0;3325,0;19150,0;3595,0;9165,0;624,8399047851562;45,349998474121094;1884,0;1740,0;3880,0;2750,0;307,5;2085,0;6765,0;7096,01611328125;2832851,0
2026-05-01;6111,5703125;10693,32421875;4972,5;673,5;970,0;1694,0;2476,0;2139,0;3325,0;19150,0;3595,0;9165,0;624,8399047851562;45,349998474121094;1884,0;1740,0;3880,0;2750,0;307,5;2085,0;6765,0;7096,01611328125;
2026-05-04;5969,09814453125;10163,078125;4815,0;669,5;935,0;1655,0;2384,0;2149,0;3130,0;18500,0;3510,0;9020,0;613,0225830078125;44,119998931884766;1826,0;1705,0;3885,0;2675,0;307,0;2105,0;6647,5;6853,88232421875;2767137,0
2026-05-05;6002,41357421875;10182,7158203125;4702,5;668,5;910,0;1657,0;2419,0;2118,0;3335,0;18225,0;3447,5;8825,0;619,4236450195312;43,63999938964844;1820,0;1720,0;4057,5;2670,0;303,25;2155,0;6522,5;7115,7822265625;2759257,0
2026-05-06;6366,64990234375;11233,3935546875;4925,0;700,5;918,0;1708,0;2592,5;2271,0;3475,0;18600,0;3667,5;9360,0;646,5049438476562;46,369998931884766;1891,0;1765,0;4230,0;2710,0;308,75;2235,0;6420,0;7619,81689453125;2881352,0
2026-05-07;6326,7333984375;10899,5322265625;4867,5;676,5;908,5;1664,0;2547,5;2168,0;3322,5;18450,0;3555,0;9095,0;678,5101928710938;44,68000030517578;1831,0;1765,0;4227,5;2680,0;307,0;2190,0;6357,5;7540,75244140625;2834283,0
2026-05-08;6172,0576171875;10673,6865234375;4702,5;667,0;910,5;1654,0;2399,0;2106,0;3270,0;18200,0;3507,5;8795,0;684,4187622070312;43,09000015258789;1754,0;1685,0;4055,0;2645,0;302,25;2090,0;6282,5;7288,7353515625;2769127,0
2026-05-11;6416,544921875;10948,6298828125;4832,5;652,0;920,0;1656,0;2443,0;2158,0;3265,0;18225,0;3427,5;9010,0;661,2765502929688;42,349998474121094;1813,0;1640,0;3885,0;2600,0;297,5;2090,0;6642,5;7585,2265625;2833120,0
2026-05-12;6221,953125;10644,228515625;4875,0;636,5;926,5;1600,0;2322,0;2130,0;3145,0;18475,0;3440,0;8875,0;658,8146362304688;44,630001068115234;1789,0;1580,0;3862,5;2620,0;296,0;2030,0;6647,5;7278,8525390625;2792993,0
2026-05-13;6182,037109375;10379,1044921875;4732,5;625,5;945,0;1575,0;2276,0;2106,0;3115,0;17850,0;3517,5;8755,0;672,109130859375;43,09000015258789;1720,0;1530,0;3745,0;2555,0;287,75;1985,0;6452,5;7031,7763671875;2738355,0
2026-05-14;6172,0576171875;10447,83984375;4732,5;612,0;944,5;1584,0;2319,0;2116,0;3162,5;17800,0;3660,0;8805,0;682,4492797851562;43,16999816894531;1735,0;1490,0;3695,0;2510,0;280,0;2030,0;6530,0;7194,84619140625;2747310,0
2026-05-15;6047,3193359375;10359,4658203125;4720,0;615,0;940,5;1567,0;2244,0;2049,0;3105,0;17225,0;3505,0;8750,0;675,0634765625;42,52000045776367;1667,0;1550,0;3647,5;2520,0;272,25;1990,0;6500,0;6982,361328125;2707869,0
2026-05-18;6271,8486328125;10623,255859375;4890,0;621,0;910,5;1623,0;2330,0;2124,0;3242,5;17025,0;3550,0;9100,0;672,6015014648438;44,5;1772,0;1545,0;3810,0;2540,0;276,5;2080,0;7040,0;7199,7880859375;2816245,0
2026-05-19;5952,51806640625;10178,146484375;4902,5;612,0;909,5;1564,0;2211,0;2085,0;3130,0;16475,0;3462,5;9015,0;674,0786743164062;43,25;1737,0;1560,0;3915,0;2540,0;279,5;2010,0;7127,5;6883,53076171875;2774731,0
2026-05-20;6221,953125;10593,5810546875;4752,5;618,5;915,0;1611,0;2305,0;2074,0;3207,5;16225,0;3490,0;8515,0;679,4949340820312;44,099998474121094;1805,0;1515,0;3872,5;2535,0;278,0;2035,0;6980,0;7278,8525390625;2788517,0
2026-05-21;6476,41943359375;11483,7978515625;4837,5;637,5;928,0;1642,0;2443,0;2142,0;3350,0;16275,0;3530,0;8845,0;676,0482177734375;44,75;1840,0;1575,0;3820,0;2565,0;276,5;2100,0;7085,0;7896,54150390625;2877439,0
2026-05-22;6441,49267578125;11157,384765625;4782,5;634,0;938,5;1646,0;2356,0;2077,0;3277,5;16350,0;3492,5;8685,0;666,200439453125;43,70000076293945;1802,0;1565,0;3890,0;2635,0;285,25;2095,0;7102,5;7506,162109375;2846220,0
2026-05-25;6441,49267578125;11157,384765625;4782,5;634,0;938,5;1646,0;2356,0;2077,0;3277,5;16350,0;3492,5;8685,0;666,200439453125;43,70000076293945;1802,0;1565,0;3890,0;2635,0;285,25;2095,0;7102,5;7506,162109375;
2026-05-26;6780,78125;11691,515625;4790,0;648,0;967,0;1681,0;2499,0;2155,0;3417,5;16375,0;3790,0;8685,0;668,1700439453125;44,310001373291016;1818,0;1630,0;3830,0;2685,0;287,25;2170,0;7210,0;8123,8515625;2924356,0
2026-05-27;7130,048828125;12552,0576171875;4957,5;677,0;994,5;1752,0;2740,0;2302,0;3570,0;17075,0;4155,0;9035,0;668,6624145507812;48,040000915527344;1965,0;1700,0;3885,0;2695,0;291,5;2240,0;7662,5;8524,11328125;3072011,0
2026-05-28;7219,8603515625;12908,14453125;4987,5;670,5;1005,0;1769,0;2762,5;2256,0;3505,0;16775,0;4100,0;9130,0;649,95166015625;47,09000015258789;1977,0;1695,0;3965,0;2760,0;292,75;2205,0;7707,5;8637,7685546875;3089497,0
2026-05-29;7479,31689453125;13343,3623046875;5080,0;692,5;1019,0;1770,0;2880,0;2356,0;3592,5;16950,0;4327,5;9135,0;646,0125732421875;49,36000061035156;2062,0;1770,0;4000,0;2745,0;297,0;2295,0;7835,0;8958,9677734375;3166407,0
2026-06-01;7624,01318359375;13501,623046875;5240,0;688,5;1030,0;1809,0;2957,5;2395,0;3662,5;17200,0;4335,0;9425,0;665,7080688476562;50,20000076293945;2110,0;1800,0;4095,0;2775,0;301,25;2330,0;8155,0;9245,5751953125;3242788,0
2026-06-02;7569,12841796875;13319,2802734375;5185,0;691,0;1000,0;1748,0;3012,5;2368,0;3505,0;17075,0;4172,5;9470,0;651,4288330078125;49,47999954223633;2072,0;1805,0;3837,5;2745,0;293,0;2265,0;8327,5;9339,4638671875;3224264,0
2026-06-03;7334,6201171875;12981,0751953125;5115,0;677,5;1015,0;1701,0;2902,5;2309,0;3452,5;16925,0;4052,5;9205,0;646,997314453125;47,90999984741211;2027,0;1760,0;3852,5;2735,0;293,0;2235,0;8305,0;8924,376953125;3164196,0
2026-06-04;7324,640625;13130,283203125;5135,0;699,5;1009,0;1713,0;2902,5;2277,0;3457,5;17000,0;4015,0;9245,0;639,6115112304688;47,310001373291016;2025,0;1760,0;3960,0;2755,0;293,5;2330,0;8385,0;8884,84375;3174511,0
2026-06-05;7189,92333984375;12752,2900390625;4940,0;684,0;976,0;1656,0;2845,0;2226,0;3347,5;16425,0;3990,0;8935,0;622,870361328125;44,5099983215332;1976,0;1715,0;3917,5;2705,0;286,25;2275,0;8107,5;8662,4765625;3084617,0
2026-06-08;7324,640625;12712,501953125;5020,0;688,0;997,5;1703,0;2850,0;2230,0;3337,5;16875,0;4042,5;9010,0;615,9769287109375;44,13999938964844;1975,0;1730,0;3917,5;2670,0;283,25;2360,0;8195,0;8754,33203125;3112024,0
2026-06-09;7529,2119140625;13279,4912109375;5030,0;682,0;1008,0;1729,0;2965,0;2252,0;3522,5;16725,0;4285,0;9035,0;615,4845581054688;43,88999938964844;1979,0;1780,0;3862,5;2690,0;285,0;2335,0;8132,5;9037,2099609375;3150727,0
2026-06-10;7469,33740234375;13090,494140625;5035,0;684,0;1016,0;1761,0;2922,5;2285,0;3422,5;16725,0;4280,0;9290,0;616,961669921875;43,95000076293945;1969,0;1745,0;3875,0;2715,0;286,25;2290,0;8212,5;8868,4755859375;3153150,0
2026-06-11;8252,6953125;14493,0478515625;5305,0;700,5;1027,0;1890,0;3242,5;2395,0;3750,0;17275,0;4755,0;9900,0;625,3323364257812;46,060001373291016;2137,0;1820,0;3902,5;2805,0;303,25;2520,0;8370,0;9955,3232421875;3353008,0
2026-06-12;8192,8203125;14731,7802734375;5290,0;699,5;1029,0;1844,0;3267,5;2371,0;3737,5;17150,0;4555,0;9890,0;622,870361328125;44,97999954223633;2076,0;1820,0;3995,0;2675,0;304,75;2485,0;8340,0;10243,1640625;3352708,0
2026-06-15;8192,8203125;14731,7802734375;5290,0;699,5;1029,0;1844,0;3267,5;2371,0;3737,5;17150,0;4555,0;9890,0;622,870361328125;44,97999954223633;2076,0;1820,0;3995,0;2675,0;304,75;2485,0;8340,0;10243,1640625;
2026-06-16;8142,9248046875;14423,4169921875;5110,0;684,0;985,0;1804,0;3267,5;2372,0;3607,5;16950,0;4397,5;9405,0;625,0958251953125;43,880001068115234;2048,0;1820,0;3922,5;2615,0;304,25;2510,0;7675,0;10153,833984375;3254706,0
2026-06-17;8347,49609375;14711,8857421875;5155,0;679,0;1001,0;1755,0;3355,0;2373,0;3575,0;16850,0;4375,0;9550,0;624,1060180664062;45,02000045776367;2061,0;1825,0;3892,5;2670,0;313,75;2495,0;7667,5;10491,302734375;3291883,0
2026-06-18;8482,2138671875;15278,875;5220,0;680,5;1010,0;1747,0;3457,5;2361,0;3582,5;16825,0;4197,5;9520,0;630,5400390625;45,79999923706055;2103,0;1780,0;3857,5;2720,0;324,5;2515,0;7612,5;10967,728515625;3333407,0
2026-06-19;8242,7158203125;14572,625;5190,0;674,5;1000,0;1804,0;3332,5;2393,0;3552,5;16850,0;4165,0;9730,0;629,0552978515625;45,459999084472656;2072,0;1755,0;3862,5;2710,0;317,75;2500,0;7642,5;10511,1533203125;3291322,0
2026-06-22;8147,91455078125;14841,19921875;5170,0;662,5;1006,0;1761,0;3177,5;2378,0;3627,5;16400,0;4057,5;9665,0;641,4285278320312;44,599998474121094;2038,0;1725,0;3857,5;2685,0;317,5;2480,0;7550,0;10610,4091796875;3277512,0
2026-06-23;7943,34375;14552,73046875;5120,0;681,0;1033,0;1776,0;3142,5;2345,0;3790,0;16425,0;4025,0;9460,0;644,8930053710938;44,2400016784668;1975,0;1660,0;3790,0;2630,0;318,5;2490,0;7470,0;10451,6005859375;3248428,0
2026-06-24;7609,04443359375;13906,1640625;4967,5;666,5;1027,0;1746,0;2932,5;2206,0;3577,5;16075,0;3952,5;9130,0;630,5400390625;42,02000045776367;1877,0;1595,0;3647,5;2590,0;308,0;2450,0;7080,0;9751,849609375;3110490,0
2026-06-25;7589,08642578125;13866,375;4960,0;672,5;990,0;1704,0;2917,5;2223,0;3547,5;16050,0;3950,0;9120,0;633,5096435546875;41,02000045776367;1894,0;1600,0;3677,5;2575,0;301,25;2380,0;7075,0;9672,4443359375;3096068,0
2026-06-26;7698,85595703125;14035,4775390625;4972,5;683,5;991,0;1728,0;2957,5;2274,0;3555,0;16075,0;3957,5;9220,0;640,9335327148438;41,380001068115234;1891,0;1585,0;3745,0;2635,0;305,5;2385,0;7005,0;9791,5517578125;3123411,0
2026-06-29;7868,50048828125;14333,892578125;5085,0;677,0;982,5;1739,0;3045,0;2340,0;3610,0;16075,0;4052,5;9305,0;646,8727416992188;42,31999969482422;1998,0;1600,0;3770,0;2650,0;306,0;2395,0;7057,5;10114,1318359375;3176751,0
2026-06-30;7773,69921875;14333,892578125;5120,0;662,5;981,0;1756,0;3010,0;2307,0;3607,5;16225,0;4045,0;9250,0;648,3575439453125;41,91999816894531;1953,0;1575,0;3717,5;2610,0;310,0;2420,0;7112,5;10094,28125;3168608,0
2026-07-01;7668,9189453125;13936,0048828125;5040,0;664,5;983,0;1711,0;2930,0;2272,0;3537,5;16350,0;3967,5;9015,0;643,631103515625;41,40999984741211;1908,0;1540,0;3682,5;2575,0;304,25;2420,0;7030,0;10101,796875;3121855,0
2026-07-02;7893,4482421875;14144,896484375;5090,0;663,5;991,0;1736,0;3027,5;2307,0;3685,0;16825,0;3970,0;8970,0;648,107666015625;41,7599983215332;1928,0;1540,0;3630,0;2615,0;302,25;2480,0;7007,5;10201,419921875;3157091,0
2026-07-03;7953,32275390625;14443,3115234375;5135,0;664,0;993,0;1765,0;3050,0;2323,0;3672,5;17300,0;3990,0;9195,0;651,092041015625;42,279998779296875;1956,0;1510,0;3640,0;2670,0;309,25;2450,0;7157,5;10330,9296875;3196900,0
2026-07-06;8311,2470703125;14920,0;5150,0;681,5;993,0;1751,0;3170,0;2334,0;3687,5;17375,0;4097,5;9365,0;651,5894775390625;44,04999923706055;2001,0;1565,0;3717,5;2620,0;315,75;2515,0;7265,0;10839,0087890625;3266960,0
2026-07-07;8036,5361328125;14430,0;5180,0;674,5;990,0;1686,0;3085,0;2329,0;3540,0;17300,0;4080,0;9330,0;650,5946655273438;44,20000076293945;1933,0;1560,0;3720,0;2585,0;306,25;2420,0;7442,5;10530,1767578125;3223998,0
2026-07-08;7871,70947265625;14250,0;5205,0;664,5;968,5;1668,0;3007,5;2315,0;3497,5;17200,0;4120,0;9310,0;650,0972900390625;45,41999816894531;1934,0;1555,0;3682,5;2550,0;309,75;2405,0;7577,5;10161,5703125;3202490,0
2026-07-09;7871,70947265625;14250,0;5205,0;664,5;968,5;1668,0;3007,5;2315,0;3497,5;17200,0;4120,0;9310,0;650,0972900390625;45,41999816894531;1934,0;1555,0;3682,5;2550,0;309,75;2405,0;7577,5;10161,5703125;
2026-07-10;8326,23046875;14800,0;5180,0;671,0;975,5;1704,0;3085,0;2396,0;3582,5;17250,0;4245,0;9595,0;667,5061645507812;45,90999984741211;1986,0;1580,0;3695,0;2515,0;314,0;2420,0;7440,0;10958,556640625;3280224,0
2026-07-13;8071,4990234375;14280,0;5225,0;664,5;964,5;1682,0;3002,5;2319,0;3497,5;17000,0;4250,0;9570,0;655,568603515625;44,779998779296875;1946,0;1545,0;3657,5;2515,0;308,25;2375,0;7717,5;10410,62890625;3235295,0
2026-07-14;7901,67822265625;14300,0;5230,0;662,0;949,0;1698,0;3017,5;2327,0;3532,5;16750,0;4332,5;9710,0;649,599853515625;45,75;1969,0;1520,0;3667,5;2445,0;301,0;2405,0;7777,5;10340,892578125;3229324,0
2026-07-15;8196,3671875;14930,0;5240,0;671,0;959,5;1723,0;3202,5;2344,0;3612,5;16975,0;4315,0;9750,0;649,1024780273438;45,630001068115234;2007,0;1515,0;3665,0;2450,0;304,0;2420,0;7855,0;10639,76171875;3291246,0
2026-07-16;7856,7255859375;14200,0;5110,0;662,0;940,0;1710,0;3032,5;2260,0;3557,5;16750,0;4180,0;9385,0;639,6519165039062;44,459999084472656;1930,0;1500,0;3587,5;2385,0;301,5;2380,0;7607,5;10161,5703125;3185257,0
2026-07-17;7851,73046875;14190,0;5170,0;664,0;949,5;1701,0;3040,0;2264,0;3522,5;16875,0;4150,0;9370,0;637,662353515625;43,84000015258789;1944,0;1550,0;3642,5;2415,0;297,75;2360,0;7790,0;10201,419921875;3199935,0
2026-07-20;7836,74658203125;14310,0;5270,0;670,5;959,5;1698,0;3025,0;2289,0;3572,5;17125,0;4145,0;9500,0;636,6675415039062;42,95000076293945;1978,0;1545,0;3647,5;2405,0;293,75;2380,0;7920,0;10211,3818359375;3223652,0
2026-07-21;7956,6201171875;14500,0;5475,0;679,0;973,0;1759,0;3042,5;2340,0;3605,0;16775,0;4255,0;9710,0;636,170166015625;42,869998931884766;2089,0;1585,0;3635,0;2425,0;292,25;2420,0;8062,5;10370,779296875;3281979,0
2026-07-22;8266,2939453125;15280,0;5625,0;668,0;974,0;1835,0;3185,0;2411,0;3810,0;16925,0;4420,0;9905,0;636,6675415039062;43,13999938964844;2140,0;1675,0;3650,0;2415,0;295,5;2450,0;8250,0;10789,197265625;3379772,0
2026-07-23;7936,64111328125;14550,0;5630,0;680,0;982,5;1779,0;3077,5;2420,0;3765,0;16725,0;4325,0;9995,0;634,1806030273438;42,529998779296875;2113,0;1660,0;3625,0;2395,0;292,5;2380,0;8247,5;10012,1357421875;3319522,0
2026-07-24;7881,69921875;14310,0;5515,0;674,0;972,0;1776,0;3072,5;2365,0;3610,0;16525,0;4380,0;9765,0;631,693603515625;42,40999984741211;2071,0;1640,0;3647,5;2440,0;300,5;2365,0;8200,0;9992,2109375;3283854,0
2026-07-27;7951,62548828125;14740,0;5475,0;674,0;984,5;1844,0;3135,0;2383,0;3707,5;16825,0;4490,0;9710,0;629,2066040039062;42,459999084472656;2090,0;1620,0;3665,0;2415,0;302,75;2475,0;8122,5;10141,6455078125;3305316,0
2026-07-28;7846,73583984375;14500,0;5450,0;669,0;988,0;1818,0;3060,0;2335,0;3645,0;16525,0;4335,0;9465,0;620,7508544921875;42,52000045776367;2023,0;1575,0;3617,5;2430,0;300,25;2480,0;7952,5;9992,2109375;3256362,0
2026-07-29;7786,798828125;14370,0;5370,0;658,0;973,0;1804,0;2982,5;2291,0;3672,5;16550,0;4290,0;9510,0;618,7612915039062;42,63999938964844;2033,0;1590,0;3595,0;2395,0;298,0;2465,0;7977,5;9922,474609375;3233105,0
2026-07-30;8006,5673828125;14700,0;5535,0;648,0;979,5;1806,0;3117,5;2404,0;3685,0;16675,0;4315,0;9810,0;619,2586669921875;44,900001525878906;2113,0;1635,0;3525,0;2370,0;297,0;2435,0;8132,5;10221,3447265625;3304918,0
2026-07-31;7881,69921875;14470,0;5555,0;659,5;977,5;1766,0;2995,0;2396,0;3620,0;16350,0;4407,5;10050,0;620,7508544921875;44,029998779296875;2121,0;1630,0;3505,0;2330,0;295,5;2400,0;8290,0;9927,4560546875;3291323,0
2026-08-03;7970,0;14610,0;5500,0;654,5;966,5;1770,0;2967,5;2370,0;3587,5;1640,0;4385,0;9890,0;621,0;43,189998626708984;2082,0;1590,0;3547,5;2325,0;292,5;2415,0;8105,0;9975,0;3274443,0
2026-08-04;7740,0;14460,0;5360,0;644,5;933,0;1727,0;2860,0;2298,0;3477,5;1640,0;4335,0;9430,0;615,5;41,900001525878906;2000,0;1570,0;3587,5;2305,0;291,5;2355,0;7840,0;9600,0;3188971,0
2026-08-05;7640,0;14130,0;5310,0;681,0;940,0;1740,0;2825,0;2263,0;3497,5;1620,0;4335,0;9245,0;614,5;41,45000076293945;2026,0;1560,0;3640,0;2300,0;288,5;2340,0;7685,0;9360,0;3156332,0
2026-08-06;7375,0;13620,0;5185,0;679,5;936,0;1698,0;2737,5;2177,0;3380,0;1625,0;4342,5;9205,0;606,0;41,18000030517578;1954,0;1540,0;3660,0;2285,0;289,5;2315,0;7835,0;9130,0;3100732,0
2026-08-07;7315,0;13270,0;5205,0;715,5;934,5;1718,0;2692,5;2208,0;3265,0;1630,0;4380,0;9135,0;600,5;41,310001373291016;1923,0;1550,0;3655,0;2215,0;291,0;2350,0;7775,0;8950,0;3086785,0
2026-08-10;7360,0;13390,0;5240,0;754,5;951,5;1704,0;2690,0;2188,0;3260,0;1690,0;4520,0;9330,0;597,0;42,88999938964844;1910,0;1540,0;3607,5;2225,0;286,75;2330,0;8065,0;9085,0;3122065,0
2026-08-11;7035,0;12740,0;5080,0;765,5;949,5;1667,0;2660,0;2117,0;3127,5;1670,0;4262,5;8885,0;588,5;41,22999954223633;1836,0;1535,0;3505,0;2200,0;279,75;2290,0;7790,0;8690,0;3022485,0
2026-08-12;7020,0;12620,0;5050,0;750,0;931,0;1694,0;2632,5;2099,0;3062,5;1630,0;4270,0;8920,0;582,0;40,880001068115234;1806,0;1495,0;3505,0;2200,0;276,25;2325,0;7770,0;8430,0;2999524,0
2026-08-13;7095,0;12730,0;5000,0;740,0;910,0;1676,0;2677,5;2100,0;2980,0;1625,0;4255,0;8880,0;583,0;40,97999954223633;1893,0;1510,0;3470,0;2345,0;273,75;2320,0;7815,0;8465,0;3000582,0
2026-08-14;6850,0;12240,0;4990,0;728,0;898,0;1666,0;2562,5;2072,0;2957,5;1625,0;4187,5;8870,0;580,5;40,04999923706055;1829,0;1495,0;3415,0;2415,0;265,75;2300,0;7860,0;8100,0;2947349,0
2026-08-17;6850,0;12240,0;4990,0;728,0;898,0;1666,0;2562,5;2072,0;2957,5;1625,0;4187,5;8870,0;580,5;40,04999923706055;1829,0;1495,0;3415,0;2415,0;265,75;2300,0;7860,0;8100,0;
2026-08-18;6650,0;11950,0;4955,0;695,0;869,5;1629,0;2451,0;2032,0;2902,5;1635,0;4100,0;8725,0;557,5;39,2599983215332;1762,0;1420,0;3227,5;2290,0;259,0;2245,0;7990,0;7835,0;2891651,0
2026-08-19;6550,0;11800,0;5005,0;681,0;864,5;1714,0;2409,0;2023,0;2955,0;1625,0;4185,0;8765,0;555,5;40,7599983215332;1747,0;1460,0;3257,5;2410,0;253,75;2320,0;7905,0;7630,0;2874493,0
2026-08-20;6515,0;11530,0;5030,0;672,5;857,0;1734,0;2429,0;2031,0;2947,5;1610,0;4160,0;8970,0;564,5;39,84000015258789;1757,0;1435,0;3300,0;2420,0;249,5;2295,0;8045,0;7440,0;2875950,0
2026-08-21;6620,0;11650,0;5055,0;697,0;870,5;1769,0;2507,5;2071,0;2965,0;1640,0;4185,0;8935,0;569,0;40,84000015258789;1775,0;1445,0;3247,5;2465,0;254,75;2345,0;8150,0;7490,0;2913184,0
2026-08-24;6950,0;12280,0;;691,5;;1791,0;;2133,0;;1730,0;4327,5;9095,0;;41,04999923706055;1864,0;1505,0;3330,0;2455,0;263,25;2400,0;8175,0;7875,0;2995130,0
2026-08-25;6925,0;12200,0;5085,0;691,0;874,5;1761,0;2710,0;2122,0;3045,0;1725,0;4232,5;8980,0;579,5;41,0;1846,0;1490,0;3360,0;2395,0;267,5;2380,0;8000,0;7835,0;2974031,5
