Fecha;Grupo Financiero Galicia;Banco Macro;Pampa Energia;Ternium Argentina;Aluar;Cresud;Supervielle;Central Puerto;Loma Negra;Mirgor;Telecom Argentina;Transportadora Gas del Sur;Grupo Supervielle (VALO);Soc. Comercial del Plata;Edenor;Holcim Argentina;Transener;Molinos Rio de la Plata;BYMA;IRSA;INDICE MERVAL
2025-04-07;5810,29931640625;8269,34765625;3510,0;682,73193359375;784,6552734375;1274,3427734375;2816,995361328125;1295,0;2460,0;22633,359375;2550,906005859375;5687,6103515625;275,3541564941406;65,158935546875;1720,0;1525,0;1467,2784423828125;2696,31640625;204,79541015625;1439,474853515625;2025967,0
2025-04-08;5885,75830078125;8430,01171875;3425,0;653,8840942382812;756,7387084960938;1217,705322265625;2895,65478515625;1255,0;2355,0;22009,50390625;2605,710693359375;5706,79296875;262,995361328125;60,94798278808594;1620,0;1440,0;1341,3876953125;2494,91455078125;198,58224487304688;1425,8948974609375;1990621,0
2025-04-09;6583,748046875;9734,20703125;3620,0;689,4630737304688;788,6433715820312;1260,183349609375;3323,3662109375;1370,0;2515,0;23182,349609375;2834,8935546875;6723,46533203125;270,9049987792969;66,04544830322266;1735,0;1545,0;1380,457275390625;2745,63916015625;220,3282928466797;1534,534423828125;2182907,0
2025-04-10;6291,3466796875;9223,869140625;3560,0;715,4261474609375;785,6522827148438;1260,183349609375;3156,214599609375;1360,0;2445,0;21934,64453125;2725,284423828125;6119,216796875;263,98406982421875;68,37255859375;1725,0;1520,0;1328,364501953125;2651,103759765625;216,26585388183594;1489,2679443359375;2111490,0
2025-04-11;6810,12353515625;9994,0986328125;3730,0;737,5427856445312;816,5599365234375;1335,699951171875;3446,271728515625;1440,0;2670,0;22907,853515625;2989,343017578125;6406,9541015625;263,48974609375;69,14825439453125;1930,0;1660,0;1415,1856689453125;2790,851806640625;223,91282653808594;1543,5877685546875;2248803,0
2025-04-14;7281,7392578125;10844,6611328125;3855,0;746,1971435546875;849,4616088867188;1364,0186767578125;3805,156005859375;1430,0;2780,0;23506,751953125;2790,053466796875;6819,3779296875;275,8485412597656;72,14024353027344;1985,0;1775,0;1606,1923828125;3271,749755859375;211,50299072265625;1575,2742919921875;2364950,0
2025-04-15;6989,337890625;10466,6337890625;3740,0;697,1558837890625;804,595703125;1359,2989501953125;3628,171875;1400,0;2695,0;23232,2578125;2680,4443359375;6598,779296875;280,2976989746094;70,14558410644531;2025,0;1775,0;1636,579833984375;3464,930908203125;206,72325134277344;1552,64111328125;2284280,0
2025-04-16;6668,6396484375;10017,7255859375;3615,0;661,5768432617188;758,7327270507812;1330,980224609375;3475,76904296875;1320,0;2555,0;22808,0390625;2525,994873046875;6100,0341796875;270,9049987792969;63,718345642089844;1995,0;1695,0;1601,851318359375;3164,883544921875;195,72988891601562;1480,214599609375;2177975,0
2025-04-21;6451,6953125;9497,9384765625;3360,0;571,18701171875;659,0306396484375;1236,58447265625;3357,77978515625;1240,0;2330,0;21510,423828125;2321,72314453125;5630,06298828125;262,50103759765625;58,731693267822266;1855,0;1570,0;1701,6956787109375;2852,50537109375;187,60433959960938;1412,31494140625;2045707,0
2025-04-22;6866,71728515625;10183,11328125;3570,0;579,8413696289062;656,0396118164062;1326,2603759765625;3623,255615234375;1305,0;2475,0;22084,3671875;2366,563232421875;5917,80029296875;267,9389343261719;63,16427230834961;1880,0;1585,0;1784,1759033203125;2778,52099609375;195,72988891601562;1489,2679443359375;2163891,0
2025-04-23;7149,68603515625;10537,5126953125;3660,0;605,8043823242188;696,9174194335938;1307,3812255859375;3741,2451171875;1355,0;2750,0;23057,578125;2471,190185546875;6023,30419921875;284,2525329589844;66,26707458496094;1985,0;1695,0;1936,113037109375;2897,718017578125;201,46556091308594;1507,37451171875;2239402,0
2025-04-24;7149,68603515625;10537,5126953125;3640,0;604,8428344726562;687,9442749023438;1312,10107421875;3696,9990234375;1330,0;2840,0;23381,982421875;2421,367919921875;6119,216796875;283,26385498046875;64,82649230957031;1910,0;1720,0;1931,77197265625;3004,584228515625;198,8367156982422;1548,1143798828125;2232745,0
2025-04-25;7177,98388671875;10584,7666015625;3650,0;619,2667236328125;691,9323120117188;1316,82080078125;3721,580078125;1320,0;2775,0;23581,61328125;2296,81201171875;5994,5302734375;271,89373779296875;61,9453125;1885,0;1690,0;1901,384521484375;3144,332275390625;196,6858367919922;1552,64111328125;2225243,0
2025-04-28;7008,2021484375;10253,9931640625;3530,0;626,95947265625;690,935302734375;1260,183349609375;3638,00439453125;1285,0;2755,0;23456,841796875;2336,669921875;5946,57421875;265,9615173339844;61,169612884521484;1845,0;1695,0;1923,08984375;3021,025146484375;193,8179931640625;1498,3212890625;2179249,0
2025-04-29;6876,1494140625;10135,859375;3485,0;602,9196166992188;676,97705078125;1250,7437744140625;3620,0;1300,0;2720,0;23631,521484375;2326,705322265625;5889,02685546875;272,88238525390625;60,28309631347656;1870,0;1675,0;1901,384521484375;3033,355712890625;196,92481994628906;1530,0078125;2158848,0
2025-04-30;6781,826171875;9923,2197265625;3385,0;579,8413696289062;657,03662109375;1231,8646240234375;3515,0;1260,0;2670,0;24155,55859375;2286,847412109375;5793,1142578125;264,47845458984375;57,955989837646484;1790,0;1610,0;1823,245361328125;3033,355712890625;190,23318481445312;1493,7945556640625;2100844,0
2025-05-05;6583,748046875;9521,5654296875;3355,0;593,3036499023438;657,03662109375;1212,9854736328125;3325,0;1250,0;2665,0;25003,99609375;2256,9541015625;5898,61767578125;266,45587158203125;59,61820983886719;1750,0;1550,0;1831,927490234375;2881,277099609375;186,64840698242188;1507,37451171875;2059932,0
2025-05-06;6696,93701171875;9828,7119140625;3465,0;609,6507568359375;676,97705078125;1231,8646240234375;3480,0;1290,0;2760,0;25602,896484375;2306,7763671875;6013,712890625;279,8033447265625;63,718345642089844;1845,0;1645,0;1897,04345703125;3025,13525390625;190,9501495361328;1539,0611572265625;2129994,0
2025-05-07;6413,96630859375;9497,9384765625;3315,0;600,0348510742188;661,0247192382812;1189,386474609375;3340,0;1265,0;2580,0;25677,759765625;2321,72314453125;5821,8876953125;270,41070556640625;60,61553955078125;1755,0;1715,0;1814,5633544921875;2947,040771484375;189,5162353515625;1516,4278564453125;2059915,0
2025-05-08;6451,6953125;9568,818359375;3355,0;575,9949951171875;647,06640625;1194,1063232421875;3325,0;1265,0;2590,0;25577,94140625;2331,6875;5917,80029296875;270,9049987792969;59,50739288330078;1730,0;1670,0;1766,8116455078125;2930,599853515625;182,82461547851562;1539,0611572265625;2061722,0
2025-05-09;6446,73828125;9639,6982421875;3495,0;568,30224609375;629,1200561523438;1241,30419921875;3375,0;1370,0;2660,0;25353,353515625;2401,43896484375;6195,94677734375;270,9049987792969;60,17228317260742;1860,0;1695,0;1823,245361328125;2967,592041015625;180,9127197265625;1584,32763671875;2114386,0
2025-05-12;6931,66943359375;10135,859375;3745,0;548,1087646484375;618,15283203125;1260,183349609375;3590,0;1425,0;2760,0;25328,400390625;2456,24365234375;6464,50146484375;281,7807922363281;63,828369140625;1960,0;1705,0;1970,8414306640625;2955,26123046875;186,17044067382812;1602,4342041015625;2230395,0
2025-05-13;6950,68701171875;10183,11328125;3875,0;591,3804931640625;661,0247192382812;1274,3427734375;3625,0;1470,0;2855,0;24405,09765625;2535,95947265625;6598,779296875;307,48712158203125;71,06893157958984;2080,0;1750,0;2118,4375;2934,710205078125;187,84332275390625;1620,540771484375;2285483,0
2025-05-14;6884,1279296875;10253,9931640625;3880,0;593,3036499023438;676,97705078125;1269,6229248046875;3600,0;1515,0;2810,0;25128,767578125;2555,88818359375;6675,50927734375;322,81201171875;77,41835021972656;2070,0;1785,0;2261,692626953125;2889,49755859375;194,29595947265625;1588,854248046875;2301643,0
2025-05-15;6827,07763671875;10112,232421875;3830,0;595,2268676757812;681,962158203125;1269,6229248046875;3520,0;1545,0;2855,0;24465,806640625;2575,817138671875;6982,42919921875;313,4193115234375;77,6411361694336;2070,0;1795,0;2426,65283203125;2844,284912109375;194,05697631835938;1602,4342041015625;2298473,0
2025-05-16;6941,1787109375;10277,62109375;3860,0;627,9210815429688;728,8220825195312;1260,183349609375;3580,0;1540,0;2885,0;24640,5625;2555,88818359375;6915,2900390625;310,9476318359375;75,74745178222656;2015,0;1760,0;2387,583251953125;2864,836181640625;194,05697631835938;1606,9608154296875;2318360,0
2025-05-19;7036,2626953125;10584,7666015625;3960,0;618,3051147460938;725,8310546875;1297,941650390625;3790,0;1580,0;2955,0;24540,701171875;2650,55078125;7097,52392578125;313,9136962890625;76,9727783203125;2080,0;1795,0;2448,358154296875;2889,49755859375;195,01292419433594;1629,5941162109375;2369505,0
2025-05-20;7045,77197265625;10513,8857421875;3945,0;640,4218139648438;748,7625122070312;1297,941650390625;3845,0;1630,0;3070,0;24191,189453125;2595,74609375;7059,1591796875;313,4193115234375;76,9727783203125;2180,0;1895,0;2391,92431640625;2992,25341796875;194,29595947265625;1665,807373046875;2378464,0
2025-05-21;6884,1279296875;10230,3671875;3805,0;652,9225463867188;758,7327270507812;1283,7823486328125;3670,0;1565,0;3025,0;23042,794921875;2511,048095703125;6838,56005859375;308,475830078125;72,51704406738281;2090,0;1815,0;2253,010498046875;3033,355712890625;189,27725219726562;1634,1207275390625;2319549,0
2025-05-22;6846,09375;10206,7392578125;3765,0;650,0377197265625;759,729736328125;1279,0625;3715,0;1595,0;3095,0;22868,0390625;2421,367919921875;6838,56005859375;311,936279296875;72,96261596679688;2085,0;1845,0;2179,21240234375;2967,592041015625;192,86204528808594;1611,487548828125;2314897,0
2025-05-23;6969,70361328125;10324,8720703125;3805,0;652,9225463867188;786,6492919921875;1316,82080078125;3660,0;1585,0;3195,0;23392,306640625;2446,279052734375;6915,2900390625;338,1369323730469;73,51958465576172;2110,0;1875,0;2187,89453125;2914,158935546875;200,9875946044922;1616,01416015625;2345902,0
2025-05-26;6969,70361328125;10348,5;3815,0;670,231201171875;805,5927124023438;1321,5406494140625;3685,0;1615,0;3295,0;23267,482421875;2431,332275390625;6982,42919921875;336,1595153808594;74,6335220336914;2145,0;1900,0;2248,66943359375;2885,38720703125;208,63514709472656;1638,6474609375;2370800,0
2025-05-27;6865,1103515625;10253,9931640625;3810,0;672,1544189453125;814,5658569335938;1359,2989501953125;3475,0;1610,0;3240,0;23067,759765625;2421,367919921875;6924,88134765625;342,5860900878906;76,19302368164062;2100,0;1870,0;2222,623046875;2794,9619140625;211,0250244140625;1652,2274169921875;2355098,0
2025-05-28;6779,5341796875;10017,7255859375;3830,0;685,61669921875;827,5271606445312;1378,1781005859375;3345,0;1585,0;3080,0;22967,8984375;2421,367919921875;6934,47265625;350,00140380859375;74,2993392944336;2100,0;1845,0;2309,444091796875;2996,36376953125;208,87413024902344;1634,1207275390625;2344330,0
2025-05-29;6617,89013671875;9545,1923828125;3740,0;686,5783081054688;832,5122680664062;1368,738525390625;3170,0;1620,0;3120,0;22768,1796875;2401,43896484375;6656,32666015625;364,337646484375;70,9575424194336;2020,0;1760,0;2313,78515625;2897,718017578125;212,21995544433594;1652,2274169921875;2308056,0
2025-05-30;6617,89013671875;9568,818359375;3700,0;674,0775756835938;794,62548828125;1354,5791015625;3135,0;1565,0;3045,0;22868,0390625;2346,63427734375;6474,0927734375;357,41668701171875;69,06385040283203;1985,0;1730,0;2344,172607421875;2926,48974609375;210,06907653808594;1643,174072265625;2278992,0
2025-06-02;6446,73828125;9261,6689453125;3585,0;635,6138305664062;752,7506103515625;1368,738525390625;3045,0;1500,0;2970,0;22793,14453125;2306,7763671875;6416,54541015625;334,18212890625;63,828369140625;1930,0;1680,0;2357,19580078125;2868,9462890625;201,70455932617188;1643,174072265625;2206291,0
2025-06-03;6465,755859375;9290,0224609375;3685,0;623,1130981445312;715,86083984375;1349,859375;3040,0;1505,0;3010,0;22343,771484375;2336,669921875;6464,50146484375;354,9449462890625;65,83345031738281;1930,0;1730,0;2400,6064453125;2877,166748046875;199,31468200683594;1647,70068359375;2224638,0
2025-06-04;6161,48388671875;8628,4755859375;3455,0;611,573974609375;702,8995361328125;1349,859375;2830,0;1435,0;2990,0;21145,4453125;2291,82958984375;6234,3115234375;355,43927001953125;66,72459411621094;1825,0;1665,0;2200,917724609375;2897,718017578125;195,49090576171875;1620,540771484375;2126915,0
2025-06-05;6190,009765625;8552,8701171875;3505,0;614,458740234375;705,890625;1274,3427734375;2840,0;1470,0;2895,0;20496,353515625;2251,9716796875;6260,0;359,3940734863281;64,71951293945312;1830,0;1650,0;2140,142822265625;2844,284912109375;197,4027862548828;1584,32763671875;2124156,0
2025-06-06;6304,111328125;8694,6298828125;3550,0;620,2283325195312;704,8936157226562;1264,9031982421875;2920,0;1490,0;2880,0;20571,248046875;2351,616455078125;6390,0;359,8884582519531;66,05623626708984;1895,0;1635,0;2057,66259765625;2815,51318359375;200,7486114501953;1620,540771484375;2156778,0
2025-06-09;6170,9921875;8562,3193359375;3500,0;599,0732421875;675,97998046875;1246,0240478515625;2850,0;1455,0;2845,0;20596,212890625;2256,9541015625;6250,0;360,38287353515625;63,939762115478516;1830,0;1575,0;2018,5931396484375;2745,63916015625;193,8179931640625;1570,7476806640625;2111197,0
2025-06-10;6503,7890625;8930,8974609375;3630,0;610,6123657226562;687,9442749023438;1274,3427734375;2990,0;1510,0;2930,0;21170,41015625;2406,421142578125;6470,0;365,3262939453125;65,16508483886719;1900,0;1645,0;2140,142822265625;2770,300537109375;199,5536651611328;1616,01416015625;2202667,0
2025-06-11;6361,16162109375;8770,2353515625;3625,0;612,5355834960938;683,9561767578125;1222,425048828125;2845,0;1470,0;2865,0;21070,55078125;2286,847412109375;6590,0;359,8884582519531;64,16254425048828;1860,0;1610,0;2157,507080078125;2729,1982421875;199,31468200683594;1539,0611572265625;2171272,0
2025-06-12;6361,16162109375;8798,5869140625;3645,0;619,2667236328125;685,9501953125;1236,58447265625;2860,0;1495,0;2945,0;20646,142578125;2316,740966796875;6750,0;362,8545837402344;64,94229888916016;1850,0;1630,0;2213,94091796875;2692,2060546875;202,89947509765625;1548,1143798828125;2187671,0
2025-06-13;6209,02685546875;8382,7568359375;3565,0;597,1500244140625;656,0396118164062;1184,666748046875;2705,0;1465,0;2770,0;21345,16796875;2266,91845703125;6400,0;354,4505615234375;61,600502014160156;1740,0;1570,0;2239,9873046875;2585,33984375;192,86204528808594;1493,7945556640625;2127156,0
2025-06-17;6104,43310546875;8203,1953125;3475,0;572,1486206054688;630,1170654296875;1222,425048828125;2605,0;1410,0;2665,0;21395,09765625;2197,167236328125;6340,0;341,597412109375;59,038455963134766;1680,0;1490,0;2205,2587890625;2466,14306640625;194,05697631835938;1480,214599609375;2072440,0
2025-06-18;6028,3662109375;8155,94091796875;3410,0;564,4558715820312;626,1289672851562;1203,5458984375;2555,0;1430,0;2705,0;20870,830078125;2147,3447265625;6500,0;330,227294921875;57,924522399902344;1690,0;1510,0;2096,732177734375;2425,04052734375;189,5162353515625;1457,5814208984375;2050983,0
2025-06-19;6056,89208984375;8184,2939453125;3430,0;568,30224609375;620,1468505859375;1222,425048828125;2560,0;1440,0;2770,0;21170,41015625;2142,362548828125;6620,0;331,216064453125;57,924522399902344;1695,0;1520,0;2096,732177734375;2429,15087890625;191,6671142578125;1466,6346435546875;2064099,0
2025-06-23;5714,58642578125;7759,01171875;3360,0;543,30078125;582,2600708007812;1189,386474609375;2480,0;1360,0;2635,0;20721,0390625;2102,504638671875;6110,0;310,9476318359375;54,35993576049805;1595,0;1465,0;1944,795166015625;2326,394775390625;187,12637329101562;1502,847900390625;1977116,0
2025-06-24;5980,8232421875;8240,99609375;3425,0;583,687744140625;627,1259765625;1212,9854736328125;2725,0;1430,0;2780,0;21594,818359375;2172,255859375;6330,0;320,34027099609375;56,58780288696289;1645,0;1525,0;1988,2056884765625;2544,237548828125;194,05697631835938;1530,0078125;2064590,0
2025-06-25;5914,26318359375;8089,787109375;3350,0;591,3804931640625;654,0455322265625;1217,705322265625;2655,0;1385,0;2675,0;21644,748046875;2117,451416015625;6120,0;317,8685302734375;55,13969039916992;1595,0;1465,0;1905,7255859375;2453,812255859375;191,1891326904297;1520,9544677734375;2024393,0
2025-06-26;5933,28173828125;8127,58837890625;3380,0;601,9580078125;687,9442749023438;1217,705322265625;2665,0;1410,0;2685,0;21370,1328125;2107,48681640625;6240,0;314,90240478515625;55,25108337402344;1605,0;1465,0;1836,2685546875;2449,701904296875;190,23318481445312;1534,534423828125;2038948,0
2025-06-27;5904,75634765625;8140,0859375;3390,0;605,8043823242188;703,8966064453125;1222,425048828125;2640,0;1425,0;2720,0;21120,48046875;2117,451416015625;6280,0;312,4306335449219;55,36247634887695;1665,0;1465,0;1827,58642578125;2441,4814453125;189,5162353515625;1525,481201171875;2041078,0
2025-06-30;5781,14697265625;7997,4423828125;3345,0;592,3421020507812;716,8578491210938;1227,1448974609375;2560,0;1410,0;2650,0;20471,390625;2122,43359375;6260,0;306,9927978515625;52,80043029785156;1600,0;1440,0;1792,8580322265625;2388,04833984375;183,30259704589844;1525,481201171875;1994825,0
2025-07-01;5885,7392578125;8102,046875;3395,0;588,4957275390625;713,8668212890625;1264,9031982421875;2620,0;1455,0;2780,0;20521,31640625;2167,273681640625;6400,0;322,81201171875;53,35739517211914;1615,0;1460,0;1736,4241943359375;2309,953857421875;185,6924591064453;1620,540771484375;2031093,0
2025-07-02;5923,77197265625;8149,5947265625;3500,0;613,4971313476562;733,8071899414062;1274,3427734375;2635,0;1460,0;2785,0;20770,96875;2212,11376953125;6520,0;336,6539306640625;54,91690444946289;1630,0;1500,0;1827,58642578125;2379,827880859375;189,5162353515625;1625,0675048828125;2063027,0
2025-07-03;5952,298828125;8102,046875;3600,0;621,1898803710938;723,8369750976562;1274,3427734375;2635,0;1445,0;2825,0;20920,759765625;2202,1494140625;6660,0;340,1143493652344;54,24854278564453;1630,0;1535,0;1914,40771484375;2412,7099609375;189,0382537841797;1656,7540283203125;2078161,0
2025-07-04;5942,7890625;8159,1025390625;3620,0;622,1514892578125;722,8399658203125;1288,5020751953125;2640,0;1425,0;2820,0;20970,69140625;2192,184814453125;6760,0;341,1030578613281;53,023216247558594;1630,0;1565,0;1931,77197265625;2416,820068359375;185,6924591064453;1647,70068359375;2078697,0
2025-07-07;5886,64599609375;8006,9521484375;3545,0;613,4971313476562;710,875732421875;1297,941650390625;2590,0;1440,0;2750,0;21120,48046875;2182,220458984375;6750,0;331,7103576660156;51,01813888549805;1600,0;1500,0;1831,927490234375;2367,497314453125;182,58563232421875;1665,807373046875;2049934,0
2025-07-08;6077,4619140625;8415,8583984375;3780,0;600,9963989257812;695,92041015625;1302,6614990234375;2755,0;1490,0;2880,0;21519,921875;2251,9716796875;7030,0;335,17083740234375;51,46371078491211;1740,0;1520,0;1901,384521484375;2425,04052734375;188,32130432128906;1661,2806396484375;2129786,0
2025-07-10;5905,7275390625;8149,5947265625;3605,0;604,8428344726562;680,965087890625;1288,5020751953125;2645,0;1455,0;2730,0;21020,619140625;2197,167236328125;6710,0;332,6990966796875;51,68649673461914;1650,0;1475,0;1844,95068359375;2375,7177734375;188,56028747558594;1661,2806396484375;2068736,0
2025-07-11;5724,45361328125;7902,34912109375;3495,0;598,1116333007812;680,965087890625;1255,463623046875;2530,0;1395,0;2700,0;20895,794921875;2137,38037109375;6290,0;330,227294921875;50,34977722167969;1590,0;1510,0;1901,384521484375;2375,7177734375;183,5415802001953;1611,487548828125;2007433,0
2025-07-14;5800,77978515625;8016,4619140625;3705,0;632,7290649414062;726,8280639648438;1279,0625;2580,0;1440,0;2745,0;21131,701171875;2202,1494140625;6570,0;331,216064453125;52,02067565917969;1620,0;1510,0;1940,4541015625;2363,386962890625;183,5415802001953;1679,38720703125;2064025,0
2025-07-15;5800,77978515625;7987,93408203125;3715,0;629,84423828125;714,8638305664062;1316,82080078125;2580,0;1450,0;2755,0;21331,529296875;2306,7763671875;6600,0;330,7216491699219;52,24346160888672;1620,0;1480,0;2031,6163330078125;2359,27685546875;186,17044067382812;1692,9671630859375;2075072,0
2025-07-16;5648,12744140625;7617,0654296875;3590,0;625,0362548828125;703,8966064453125;1316,82080078125;2470,0;1435,0;2680,0;21731,18359375;2281,865234375;6510,0;330,7216491699219;51,12953186035156;1555,0;1465,0;2070,685791015625;2338,7255859375;186,88739013671875;1679,38720703125;2027274,0
2025-07-17;5838,94189453125;7940,38623046875;3635,0;618,3051147460938;696,9174194335938;1335,699951171875;2555,0;1465,0;2700,0;22130,837890625;2311,758544921875;6690,0;330,7216491699219;51,90928268432617;1590,0;1450,0;2144,48388671875;2359,27685546875;184,73651123046875;1738,2337646484375;2066134,0
2025-07-18;5819,86083984375;7959,4052734375;3695,0;631,7674560546875;720,845947265625;1330,980224609375;2515,0;1475,0;2735,0;21756,162109375;2341,652099609375;6730,0;333,68780517578125;51,01813888549805;1625,0;1450,0;2070,685791015625;2445,591796875;185,21449279785156;1720,1270751953125;2075286,0
2025-07-21;5762,61572265625;7968,9150390625;3585,0;606,7659912109375;705,890625;1297,941650390625;2465,0;1460,0;2740,0;21306,55078125;2311,758544921875;6600,0;330,227294921875;49,34723663330078;1580,0;1440,0;2022,9342041015625;2367,497314453125;182,107666015625;1715,6004638671875;2042466,0
2025-07-22;5753,076171875;7940,38623046875;3520,0;593,3036499023438;686,947265625;1293,221923828125;2450,0;1445,0;2670,0;21506,376953125;2242,00732421875;6480,0;325,77813720703125;47,67633819580078;1525,0;1410,0;1979,5235595703125;2297,623291015625;182,82461547851562;1661,2806396484375;2010482,0
2025-07-23;5943,890625;8168,6142578125;3670,0;597,1500244140625;688,9412841796875;1335,699951171875;2525,0;1500,0;2805,0;22455,5546875;2306,7763671875;6720,0;327,7555847167969;49,4586296081543;1595,0;1395,0;2031,6163330078125;2404,4892578125;184,258544921875;1715,6004638671875;2083677,0
2025-07-24;6201,4912109375;8491,9326171875;3780,0;606,7659912109375;689,9382934570312;1354,5791015625;2605,0;1520,0;2955,0;22380,62109375;2351,616455078125;6860,0;327,7555847167969;49,4586296081543;1635,0;1420,0;2057,66259765625;2420,930419921875;184,258544921875;1747,2869873046875;2135087,0
2025-07-25;6335,06201171875;8739,1806640625;3840,0;634,6522216796875;708,8817138671875;1392,33740234375;2660,0;1565,0;3010,0;22780,275390625;2436,314697265625;7150,0;349,0291442871094;51,68649673461914;1715,0;1455,0;2209,599853515625;2503,135009765625;184,258544921875;1801,6068115234375;2197099,0
2025-07-28;6315,9794921875;8682,1240234375;3875,0;632,7290649414062;705,890625;1420,6561279296875;2605,0;1585,0;3110,0;23030,05859375;2461,225830078125;7220,0;349,5242614746094;56,14222717285156;1855,0;1560,0;2279,056884765625;2593,560302734375;185,6924591064453;1810,66015625;2213570,0
2025-07-29;6516,3359375;9068,591796875;4070,0;639,460205078125;719,8489379882812;1463,13427734375;2860,0;1650,0;3145,0;23279,84375;2511,048095703125;7750,0;356,95037841796875;61,377716064453125;1930,0;1645,0;2344,172607421875;2601,78076171875;191,90609741210938;1901,193115234375;2304343,0
2025-07-30;6535,4169921875;9011,1953125;4110,0;667,346435546875;747,7655029296875;1430,095703125;2830,0;1635,0;3150,0;23354,779296875;2491,119140625;7720,0;358,43560791015625;59,818206787109375;1895,0;1610,0;2352,854736328125;2515,4658203125;193,3400115966797;1869,506591796875;2306756,0
2025-07-31;6554,498046875;9030,328125;4115,0;669,2695922851562;784,6552734375;1430,095703125;2825,0;1650,0;3175,0;23429,7109375;2496,1015625;7820,0;360,9110107421875;58,48148727416992;1940,0;1550,0;2279,056884765625;2527,796630859375;197,4027862548828;1819,71337890625;2319511,0
2025-08-01;6382,76513671875;8762,4794921875;4065,0;649,076171875;771,6939697265625;1401,7769775390625;2725,0;1650,0;3185,0;23329,80078125;2471,190185546875;7710,0;356,95037841796875;55,808048248291016;1930,0;1480,0;2326,808349609375;2482,583984375;194,5349578857422;1792,553466796875;2278849,0
2025-08-04;6382,76513671875;8934,66796875;4050,0;628,8826904296875;742,7803955078125;1420,6561279296875;2820,0;1620,0;3190,0;24254,0;2511,048095703125;7710,0;360,9110107421875;56,25362014770508;1975,0;1500,0;2313,78515625;2556,568115234375;191,1891326904297;1860,4532470703125;2287329,0
2025-08-05;6544,9580078125;9326,8740234375;4180,0;622,1514892578125;722,8399658203125;1448,974853515625;2980,0;1645,0;3255,0;24254,0;2535,95947265625;7890,0;362,3962097167969;58,48148727416992;2015,0;1510,0;2404,947509765625;2527,796630859375;196,20785522460938;1874,033203125;2346867,0
2025-08-06;6745,3134765625;9613,85546875;4385,0;610,6123657226562;722,8399658203125;1463,13427734375;3115,0;1725,0;3340,0;24778,544921875;2600,728515625;7900,0;366,3568420410156;62,04607391357422;2075,0;1610,0;2439,676025390625;2610,001220703125;199,31468200683594;1937,4063720703125;2415041,0
2025-08-07;6545,779296875;9231,212890625;4135,0;592,3421020507812;724,8340454101562;1401,7769775390625;3015,0;1720,0;3290,0;24428,84765625;2600,728515625;7770,0;374,278076171875;60,9321403503418;1920,0;1675,0;2305,10302734375;2671,65478515625;196,20785522460938;1923,826416015625;2349021,0
2025-08-08;6488,35986328125;9059,0263671875;3980,0;608,689208984375;727,8250732421875;1382,8978271484375;2925,0;1675,0;3035,0;24179,064453125;2680,4443359375;7550,0;368,8322448730469;60,709354400634766;1895,0;1670,0;2239,9873046875;2552,4580078125;198,1197509765625;1887,6131591796875;2300926,0
2025-08-11;6488,35986328125;9049,458984375;4000,0;615,4203491210938;711,8727416992188;1406,496826171875;2925,0;1695,0;3005,0;23729,453125;2680,4443359375;7670,0;371,3075866699219;61,377716064453125;1885,0;1750,0;2183,553466796875;2577,119384765625;195,49090576171875;1910,2464599609375;2303302,0
2025-08-12;6574,48828125;9183,384765625;4045,0;607,7276000976562;721,8429565429688;1415,9364013671875;2910,0;1675,0;3015,0;23005,080078125;2735,248779296875;7710,0;361,4060363769531;59,37263488769531;1960,0;1795,0;2248,66943359375;2577,119384765625;194,5349578857422;1955,512939453125;2311836,0
2025-08-13;6536,208984375;9011,1953125;4030,0;600,0348510742188;711,8727416992188;1392,33740234375;2875,0;1630,0;2885,0;22405,599609375;2785,0712890625;7600,0;354,4750061035156;60,900001525878906;1940,0;1755,0;2296,4208984375;2523,686279296875;195,72988891601562;1919,2996826171875;2287631,0
2025-08-14;6172,5546875;8647,685546875;3910,0;585,6109008789062;705,890625;1330,980224609375;2600,0;1555,0;2815,0;21606,291015625;2555,88818359375;7350,0;342,09808349609375;58,79999923706055;1805,0;1650,0;2179,21240234375;2408,599609375;186,88739013671875;1846,873291015625;2188543,0
2025-08-18;6105,5654296875;8819,8759765625;3900,0;581,7645263671875;704,8936157226562;1349,859375;2635,0;1520,0;2740,0;20981,833984375;2600,728515625;7390,0;345,0685119628906;60,099998474121094;1820,0;1605,0;2287,739013671875;2400,379150390625;185,9314422607422;1819,71337890625;2198382,0
2025-08-19;5808,900390625;8188,517578125;3700,0;574,07177734375;680,965087890625;1307,3812255859375;2475,0;1435,0;2635,0;20757,02734375;2411,4033203125;7040,0;347,04888916015625;55,900001525878906;1695,0;1525,0;2222,623046875;2330,505126953125;185,6924591064453;1747,2869873046875;2092206,0
2025-08-20;5780,19091796875;8312,876953125;3715,0;559,6478881835938;676,97705078125;1307,3812255859375;2440,0;1435,0;2665,0;20457,287109375;2401,43896484375;7130,0;343,58331298828125;53,29999923706055;1605,0;1465,0;2205,2587890625;2351,056396484375;181,6296844482422;1774,4468994140625;2081951,0
2025-08-21;5828,03955078125;8322,44140625;3755,0;574,07177734375;675,97998046875;1345,1395263671875;2440,0;1465,0;2720,0;20607,15625;2466,2080078125;7460,0;345,0685119628906;52,900001525878906;1615,0;1480,0;2266,03369140625;2375,7177734375;183,06361389160156;1788,02685546875;2103163,0
2025-08-22;5780,19091796875;8389,4052734375;3750,0;576,95654296875;689,9382934570312;1382,8978271484375;2415,0;1460,0;2705,0;20582,177734375;2431,332275390625;7420,0;340,11773681640625;52,099998474121094;1575,0;1475,0;2279,056884765625;2367,497314453125;182,82461547851562;1815,186767578125;2106200,0
2025-08-25;5502,6650390625;7844,14111328125;3610,0;580,8029174804688;709,8787231445312;1345,1395263671875;2210,0;1395,0;2690,0;19633,0;2351,616455078125;7130,0;314,3310546875;47,349998474121094;1470,0;1390,0;2144,48388671875;2227,7490234375;181,6296844482422;1801,6068115234375;2021852,0
2025-08-26;5406,966796875;7729,3486328125;3685,0;566,3790283203125;722,8399658203125;1345,1395263671875;2250,0;1445,0;2700,0;19508,109375;2386,4921875;7360,0;319,2889709472656;46,650001525878906;1480,0;1375,0;2200,917724609375;2404,4892578125;177,80589294433594;1792,553466796875;2033345,0
2025-08-27;5186,8603515625;7368,189453125;3590,0;562,5326538085938;734,80419921875;1316,82080078125;2150,0;1400,0;2550,0;18858,669921875;2281,865234375;7270,0;317,8016052246094;43,900001525878906;1435,0;1305,0;2105,414306640625;2244,190185546875;173,50413513183594;1747,2869873046875;1974151,0
2025-08-28;5139,0107421875;7637,875;3675,0;551,9551391601562;694,9234008789062;1316,82080078125;2135,0;1460,0;2505,0;19108,453125;2371,54541015625;7400,0;326,725830078125;44,29999923706055;1500,0;1285,0;2053,321533203125;2268,8515625;178,7618408203125;1806,1334228515625;1997379,0
2025-08-29;5072,02099609375;7531,927734375;3645,0;548,1087646484375;720,845947265625;1279,0625;2105,0;1445,0;2530,0;18608,88671875;2426,35009765625;7360,0;326,2300720214844;42,349998474121094;1455,0;1260,0;2066,3447265625;2248,30029296875;184,01954650878906;1806,1334228515625;1984845,0
2025-09-01;4976,3232421875;7377,82177734375;3535,0;555,801513671875;746,7684936523438;1250,7437744140625;2085,0;1400,0;2445,0;18234,2109375;2321,72314453125;7100,0;319,7847900390625;40,900001525878906;1410,0;1200,0;2031,6163330078125;2083,890869140625;177,80589294433594;1729,180419921875;1939743,0
2025-09-02;5186,8603515625;7637,875;3610,0;531,7616577148438;735,80126953125;1274,3427734375;2125,0;1410,0;2540,0;18159,275390625;2321,72314453125;7210,0;319,2889709472656;40,75;1430,0;1190,0;1988,2056884765625;2038,67822265625;175,65501403808594;1783,500244140625;1975730,0
2025-09-03;5062,451171875;7435,611328125;3610,0;519,2609252929688;697,9144897460938;1231,8646240234375;2055,0;1380,0;2495,0;17784,599609375;2256,9541015625;7000,0;310,36480712890625;39,70000076293945;1415,0;1185,0;1965,0;1890,7095947265625;173,26515197753906;1724,65380859375;1933987,0
2025-09-04;5301,6982421875;7714,92724609375;3725,0;509,64495849609375;693,9263916015625;1250,7437744140625;2160,0;1415,0;2510,0;17809,578125;2276,883056640625;7240,0;306,89422607421875;38,900001525878906;1480,0;1195,0;1970,0;1944,1427001953125;176,84996032714844;1751,813720703125;1990320,0
2025-09-05;5341,9599609375;7840,1396484375;3760,0;490,4130859375;683,9561767578125;1260,183349609375;2215,0;1395,0;2490,0;17709,6640625;2341,652099609375;7270,0;308,87744140625;38,79999923706055;1515,0;1240,0;1920,0;1989,3553466796875;176,37197875976562;1797,0802001953125;1997624,0
2025-09-08;4265,8818359375;6313,52685546875;3267,5;490,4130859375;694,4248657226562;1199,77001953125;1758,0;1262,0;2293,0;16460,748046875;2049,69287109375;6170,0;286,07098388671875;34,7599983215332;1258,0;1130,0;1883,0;1890,7095947265625;151,75637817382812;1655,8486328125;1732924,0
2025-09-09;4155,39111328125;6072,736328125;3372,5;500,0290222167969;691,9323120117188;1169,5634765625;1669,0;1230,0;2286,0;17010,271484375;2050,689208984375;6340,0;283,0963134765625;33,29999923706055;1259,0;1110,0;1936,0;1944,1427001953125;152,4733428955078;1623,2568359375;1728447,0
2025-09-10;4434,01904296875;6544,68603515625;3580,0;530,3192749023438;699,9085083007812;1206,3778076171875;1792,0;1295,0;2311,0;18009,40625;2136,3837890625;6730,0;285,8231201171875;34,279998779296875;1351,0;1155,0;2037,0;2293,512939453125;156,29713439941406;1678,48193359375;1825228,0
2025-09-11;4345,146484375;6405,02783203125;3587,5;529,357666015625;679,9680786132812;1201,657958984375;1704,0;1310,0;2277,0;17709,6640625;2114,4619140625;6515,0;283,3441467285156;34,13999938964844;1297,0;1140,0;2001,0;2445,0;157,7310333251953;1643,174072265625;1805182,0
2025-09-12;4237,05810546875;6183,5;3512,5;519,2609252929688;664,0157470703125;1183,7227783203125;1614,0;1260,0;2240,0;16920,96484375;2080,582763671875;6295,0;271,94097900390625;33,209999084472656;1248,0;1100,0;1906,0;2280,0;157,9700164794922;1591,5701904296875;1759874,0
2025-09-15;4136,17529296875;6096,81640625;3545,0;534,1656494140625;665,0127563476562;1209,2095947265625;1599,0;1242,0;2243,0;16970,953125;2106,490478515625;6310,0;258,0589294433594;32,400001525878906;1235,0;1070,0;1809,0;2245,0;157,49205017089844;1590,6649169921875;1748702,0
2025-09-16;4265,8818359375;6188,31640625;3637,5;549,5511474609375;682,4606323242188;1226,200927734375;1622,0;1272,0;2253,0;17295,875;2135,387451171875;6540,0;259,5462951660156;32,869998931884766;1260,0;1090,0;1808,0;2295,0;161,3158416748047;1594,2862548828125;1788269,0
2025-09-17;4234,65625;6173,86865234375;3595,0;548,5895385742188;686,947265625;1291,333984375;1672,0;1251,0;2220,0;17045,935546875;2121,43701171875;6570,0;262,52099609375;33,06999969482422;1244,0;1065,0;1748,0;2410,0;162,0327911376953;1624,162109375;1783520,0
2025-09-18;4030,489501953125;5928,2626953125;3507,5;522,62646484375;657,53515625;1287,55810546875;1574,0;1204,0;2211,0;15896,208984375;2013,82080078125;6285,0;241,20201110839844;30,200000762939453;1166,0;992,5;1556,0;2335,0;143,391845703125;1607,8662109375;1695530,0
2025-09-19;3927,205322265625;5827,13037109375;3572,5;529,8384399414062;651,0545043945312;1302,6614990234375;1551,0;1203,0;2229,0;15996,185546875;2079,58642578125;6390,0;242,44149780273438;29,34000015258789;1176,0;952,5;1475,0;2300,0;142,4359130859375;1679,38720703125;1683960,0
2025-09-22;4426,81298828125;6554,3173828125;3677,5;523,1072998046875;641,0842895507812;1289,446044921875;1797,0;1253,0;2344,0;16870,9765625;2127,415771484375;6560,0;275,4115295410156;35,18000030517578;1322,0;1100,0;1788,0;2505,0;162,49237060546875;1652,2274169921875;1811039,0
2025-09-23;4299,50927734375;6549,50146484375;3680,0;537,0504150390625;637,5947265625;1254,5196533203125;1742,0;1281,0;2242,0;16945,958984375;2094,532958984375;6385,0;293,25994873046875;36,70000076293945;1335,0;1165,0;1912,0;2690,0;175,49176025390625;1606,9608154296875;1815382,0
2025-09-24;4393,1865234375;6583,212890625;3677,5;555,801513671875;660,5261840820312;1254,5196533203125;1778,0;1371,0;2227,0;17395,8515625;2103,5009765625;6435,0;301,8707275390625;36,68000030517578;1330,0;1230,0;2179,0;2700,0;182,7414093017578;1656,7540283203125;1843319,0
2025-09-25;4114,55810546875;6356,86962890625;3572,5;533,2040405273438;643,0783081054688;1244,1361083984375;1641,0;1316,0;2192,0;16296,1142578125;2077,593505859375;6325,0;298,6435546875;33,150001525878906;1243,0;1160,0;1989,0;2420,0;176,74169921875;1606,9608154296875;1767848,0
2025-09-26;4169,8037109375;6382,18505859375;3637,5;545,2239379882812;660,5261840820312;1267,7349853515625;1581,0;1272,0;2243,0;16146,1494140625;2151,33056640625;6435,0;307,3322448730469;31,170000076293945;1211,0;1145,0;1859,0;2305,0;182,7414093017578;1584,32763671875;1791046,0
2025-09-29;4225,04833984375;6396,75634765625;3597,5;560,6094970703125;686,947265625;1299,82958984375;1591,0;1243,0;2251,0;15571,287109375;2181,223876953125;6415,0;305,0979919433594;31,450000762939453;1209,0;1120,0;1858,0;2275,0;183,99136352539062;1638,6474609375;1793185,0
2025-09-30;4083,33203125;6260,7587890625;3682,5;554,359130859375;693,9263916015625;1333,81201171875;1517,0;1236,0;2255,0;15046,412109375;2227,060546875;6470,0;299,38824462890625;29,899999618530273;1191,0;1080,0;1799,0;2235,0;178,4916229248047;1634,1207275390625;1773440,0
2025-10-01;4025,685546875;6119,90283203125;3660,0;594,2652587890625;729,3206176757812;1350,80322265625;1465,0;1221,0;2227,0;15246,3642578125;2260,939697265625;6375,0;297,40228271484375;30,170000076293945;1172,0;1060,0;1812,0;2215,0;175,2417755126953;1629,5941162109375;1764590,0
2025-10-02;4167,40087890625;6285,04443359375;3750,0;610,131591796875;751,2550659179688;1381,0098876953125;1554,0;1247,0;2307,0;15246,3642578125;2297,808349609375;6460,0;298,1470031738281;31,31999969482422;1216,0;1125,0;1903,0;2270,0;179,49156188964844;1643,174072265625;1808661,0
2025-10-03;4203,4306640625;6338,4716796875;3707,5;632,2482299804688;756,7387084960938;1353,6351318359375;1531,0;1214,0;2273,0;15646,2685546875;2270,904296875;6425,0;292,685546875;32,4900016784668;1191,0;1135,0;1929,0;2230,0;180,2415313720703;1593,380859375;1805024,0
2025-10-06;4198,626953125;6425,89892578125;3680,0;613,4971313476562;734,3057250976562;1324,3724365234375;1550,0;1192,0;2302,0;15471,310546875;2284,8544921875;6445,0;286,2310791015625;32,040000915527344;1181,0;1170,0;1917,0;2190,0;180,2415313720703;1579,8009033203125;1802570,0
2025-10-07;4191,20654296875;6430,75537109375;3730,0;583,2069091796875;696,4189453125;1364,0186767578125;1515,0;1200,0;2336,0;15421,322265625;2247,986083984375;6465,0;283,74853515625;31,299999237060547;1206,0;1140,0;1922,0;2180,0;175,7417449951172;1593,380859375;1793952,0
2025-10-08;4244,32080078125;6581,32470703125;3772,5;598,1116333007812;716,8578491210938;1380,06591796875;1544,0;1231,0;2403,0;15471,310546875;2230,0498046875;6530,0;287,7205810546875;30,979999542236328;1264,0;1120,0;1934,0;2215,0;174,9917755126953;1575,2742919921875;1819464,0
2025-10-09;4606,4638671875;7237,0283203125;3860,0;600,9963989257812;718,3533935546875;1401,7769775390625;1730,0;1325,0;2456,0;16296,1142578125;2270,904296875;6810,0;297,40228271484375;33,900001525878906;1337,0;1200,0;2125,0;2345,0;191,99098205566406;1597,9075927734375;1924930,0
2025-10-13;4763,392578125;7441,0263671875;3890,0;584,6493530273438;690,4368286132812;1360,2427978515625;1898,0;1364,0;2398,0;16521,060546875;2250,975341796875;6905,0;322,971923828125;34,41999816894531;1452,0;1250,0;2211,0;2325,0;197,24073791503906;1593,380859375;1958155,0
2025-10-14;4531,62060546875;7217,60107421875;3770,0;570,7062377929688;689,9382934570312;1329,09228515625;1751,0;1329,0;2310,0;15771,2392578125;2187,20263671875;6640,0;311,3042297363281;32,189998626708984;1404,0;1130,0;2006,0;2250,0;188,2411651611328;1566,220947265625;1884774,0
2025-10-15;4633,0205078125;7416,740234375;3857,5;561,0902709960938;702,8995361328125;1335,699951171875;1830,0;1446,0;2321,0;15771,2392578125;2204,142333984375;6630,0;307,0839538574219;32,18000030517578;1421,0;1155,0;1999,0;2310,0;180,9915008544922;1570,7476806640625;1912739,0
2025-10-16;4686,1357421875;7552,73828125;3847,5;587,0532836914062;735,80126953125;1340,4197998046875;1843,0;1450,0;2332,0;15521,298828125;2273,8935546875;6590,0;312,7937316894531;31,610000610351562;1391,0;1105,0;1943,0;2270,0;179,74156188964844;1566,220947265625;1929505,0
2025-10-17;4789,9501953125;7960,73193359375;3927,5;615,4203491210938;794,126953125;1397,0572509765625;1953,0;1481,0;2402,0;15671,2626953125;2422,3642578125;6835,0;313,2902526855469;31,790000915527344;1434,0;1110,0;1961,0;2410,0;181,74147033691406;1616,01416015625;1989555,0
2025-10-20;4838,236328125;8004,44482421875;3770,0;627,4402465820312;849,4616088867188;1407,440673828125;1929,0;1467,0;2387,0;15671,2626953125;2385,495849609375;6840,0;315,7726745605469;32,0099983215332;1398,0;1095,0;1892,0;2405,0;178,74160766601562;1602,4342041015625;1978419,0
2025-10-21;4939,63623046875;8291,01171875;3822,5;620,7091064453125;881,3662719726562;1413,1044921875;2001,0;1431,0;2460,0;15696,2568359375;2347,630859375;6885,0;314,7796936035156;31,93000030517578;1379,0;1095,0;1851,0;2510,0;182,24143981933594;1656,7540283203125;2002849,0
2025-10-22;5123,12158203125;8640,7216796875;3865,0;598,5924682617188;829,022705078125;1401,7769775390625;1942,0;1438,0;2479,0;15521,298828125;2306,7763671875;7010,0;314,03497314453125;32,150001525878906;1412,0;1105,0;1839,0;2520,0;182,9914093017578;1656,7540283203125;2018811,0
2025-10-23;5234,17919921875;8781,5771484375;3892,5;577,9181518554688;791,1359252929688;1381,953857421875;2129,0;1492,0;2527,5;15696,2568359375;2352,613037109375;7045,0;317,51043701171875;32,56999969482422;1460,0;1155,0;1819,0;2580,0;183,99136352539062;1692,9671630859375;2055520,0
2025-10-24;5359,7216796875;8752,4345703125;3920,0;566,8598022460938;800,1090698242188;1381,0098876953125;2127,0;1499,0;2505,0;15596,2802734375;2454,250732421875;7050,0;317,26214599609375;33,13999938964844;1509,0;1195,0;1886,0;2530,0;191,4910125732422;1670,333984375;2076859,0
2025-10-27;6846,92431640625;11258,6796875;4522,5;566,8598022460938;809,5807495117188;1635,87841796875;2912,5;1926,0;3015,0;18020,703125;3158,7392578125;8960,0;362,0330505371094;41,290000915527344;1929,0;1455,0;2442,0;2775,0;223,98947143554688;2027,9393310546875;2529084,0
2025-10-28;7397,3818359375;11987,2392578125;4620,0;594,74609375;880,3692626953125;1660,4329833984375;3170,0;2024,0;3112,5;19170,427734375;3280,803955078125;9200,0;385,1574401855469;46,81999969482422;2115,0;1620,0;2630,0;3000,0;239,48875427246094;2032,4659423828125;2670388,0
2025-10-29;7619,4970703125;12316,3505859375;4915,0;675,5199584960938;928,7247314453125;1661,35302734375;3440,0;2139,0;3167,5;20395,13671875;3230,981689453125;9400,0;401,3196716308594;55,70000076293945;2366,0;1770,0;2695,0;3505,0;271,48724365234375;2046,0458984375;2801881,0
2025-10-30;7730,5537109375;12306,5908203125;4847,5;694,7518920898438;931,7158203125;1609,838134765625;3347,5;2139,0;3095,0;21144,95703125;3156,248046875;9120,0;401,0709533691406;55,29999923706055;2284,0;1705,0;2702,5;3465,0;278,9869079589844;2005,3060302734375;2793520,0
2025-10-31;8541,75390625;13184,935546875;5155,0;701,0022583007812;983,5609130859375;1717,46728515625;3770,0;2344,0;3322,5;23069,498046875;3367,9931640625;9390,0;441,84942626953125;57,5;2502,5;1930,0;2877,5;3825,0;304,9856872558594;2150,158935546875;3002607,0
2025-11-03;8870,0986328125;13331,326171875;5410,0;759,6594848632812;1005,9938354492188;1749,6640625;3930,0;2440,0;3260,0;22694,587890625;3759,098876953125;9300,0;455,5251159667969;59,400001525878906;2652,5;1995,0;2972,5;4025,0;304,9856872558594;2140,0;3104495,0
2025-11-04;8754,212890625;13184,935546875;5350,0;780,333740234375;967,6085815429688;1839,0;3830,0;2428,0;3255,0;22019,748046875;3639,525146484375;9075,0;445,0818786621094;60,0;2645,0;1920,0;3010,0;3900,0;317,7350769042969;2015,0;3080710,0
2025-11-05;8503,126953125;12970,2294921875;5270,0;768,7946166992188;973,5906982421875;1767,0;3807,5;2320,0;3415,0;21794,802734375;3679,383056640625;8985,0;441,1034240722656;62,70000076293945;2552,5;1875,0;3060,0;3795,0;322,7348327636719;1985,0;3048197,0
2025-11-06;8377,58203125;12784,8017578125;5170,0;752,447509765625;963,1219482421875;1687,0;3622,5;2217,0;3282,5;21694,826171875;3646,99853515625;8715,0;438,8656005859375;59,900001525878906;2425,0;1825,0;3072,5;3590,0;312,2353210449219;2020,0;2973544,0
2025-11-07;7818,68408203125;12130,9208984375;5030,0;715,9069213867188;981,5668334960938;1666,0;3470,0;2135,0;3200,0;21519,8671875;3495,040283203125;8430,0;433,8926086425781;58,0;2386,0;1760,0;3130,0;3480,0;297,9859924316406;2055,0;2864647,0
2025-11-10;7959,08251953125;12189,4775390625;5175,0;834,663818359375;1094,7286376953125;1720,0;3450,0;2232,0;3345,0;21744,814453125;3637,033935546875;8785,0;435,8818359375;61,599998474121094;2473,0;1955,0;3297,5;3590,0;293,2362365722656;2100,0;2951889,0
2025-11-11;7886,462890625;12150,4404296875;5185,0;825,5286865234375;1120,6512451171875;1773,0;3390,0;2203,0;3372,5;23044,50390625;3604,6494140625;9130,0;442,0980529785156;70,30000305175781;2450,0;1905,0;3480,0;3865,0;284,48663330078125;2180,0;2958258,0
2025-11-12;7944,55859375;12492,0185546875;5285,0;818,3167114257812;1074,788330078125;1758,0;3485,0;2205,0;3492,5;23044,50390625;3724,22314453125;8995,0;449,30889892578125;74,69999694824219;2414,0;1875,0;3407,5;3925,0;290,2363586425781;2195,0;2984608,0
2025-11-13;7566,93798828125;11916,2138671875;5145,0;767,3522338867188;985,554931640625;1724,0;3260,0;2190,0;3395,0;22594,611328125;3646,99853515625;8890,0;447,071044921875;73,80000305175781;2338,0;1840,0;3215,0;3685,0;284,48663330078125;2170,0;2883333,0
2025-11-14;7654,08056640625;12091,8837890625;5370,0;793,7960815429688;1117,66015625;1758,0;3467,5;2260,0;3562,5;23294,4453125;3689,34765625;9210,0;449,8061828613281;79,9000015258789;2432,0;1910,0;3490,0;3910,0;292,48626708984375;2215,0;2992809,0
2025-11-17;7397,49267578125;11564,875;5255,0;781,2953491210938;1074,788330078125;1759,0;3275,0;2217,0;3530,0;23575,0;3823,867919921875;8905,0;451,2980651855469;80,5999984741211;2312,0;2015,0;3572,5;4085,0;291,4862976074219;2230,0;2926871,0
2025-11-18;7320,0322265625;11398,966796875;5325,0;799,0848388671875;1060,8299560546875;1775,0;3272,5;2204,0;3487,5;23425,0;3752,5;9105,0;450,8008117675781;79,0999984741211;2375,0;2005,0;3617,5;4055,0;293,2362365722656;2325,0;2932664,0
2025-11-19;7073,1259765625;11174,5;5250,0;778,891357421875;1045,8746337890625;1752,0;3135,0;2152,0;3397,5;23700,0;3675,0;9095,0;449,8061828613281;76,30000305175781;2387,0;1915,0;3547,5;3815,0;285,986572265625;2275,0;2869724,0
2025-11-20;7063,44287109375;11369,6884765625;5275,0;767,8330078125;1024,937255859375;1734,0;3085,0;2169,0;3385,0;23875,0;3555,0;9065,0;458,29608154296875;66,5999984741211;2371,0;1975,0;3492,5;3715,0;285,2366027832031;2285,0;2850533,0
2025-11-21;6763,28369140625;10891,478515625;5155,0;761,5827026367188;1006,9908447265625;1674,0;2892,5;2105,0;3347,5;23950,0;3427,5;8940,0;457,7982177734375;65,5;2255,0;1920,0;3382,5;3660,0;276,2370300292969;2245,0;2761615,0
2025-11-25;7223,2060546875;11506,3203125;5300,0;763,9866333007812;1003,0028076171875;1745,0;3135,0;2183,0;3480,0;24725,0;3557,5;8990,0;477,4643859863281;69,80000305175781;2383,0;1880,0;3427,5;3570,0;285,986572265625;2200,0;2865760,0
2025-11-26;7581,46142578125;12436,68359375;5445,0;772,1602172851562;1010,9789428710938;1819,0;3380,0;2300,0;3670,0;25700,0;3660,0;9335,0;480,7005920410156;74,4000015258789;2602,5;1945,0;3430,0;3760,0;292,7362365722656;2305,0;2985632,0
2025-11-27;7605,66748046875;12819,201171875;5415,0;785,1417236328125;1031,9163818359375;1849,0;3415,0;2351,0;3757,5;26250,0;3667,5;9290,0;515,8009033203125;75,30000305175781;2587,5;1940,0;3447,5;3780,0;298,2359924316406;2355,0;3020019,0
2025-11-28;7668,60498046875;12730,9287109375;5405,0;774,0833740234375;1046,8717041015625;1815,0;3402,5;2434,0;3750,0;26200,0;3725,0;9175,0;529,24365234375;74,0;2572,5;2065,0;3455,0;3860,0;299,4859313964844;2320,0;3026470,0
2025-12-01;7750,90673828125;12652,462890625;5470,0;784,1801147460938;1085,7554931640625;1769,0;3462,5;2550,0;3780,0;26650,0;3812,5;9435,0;528,2479248046875;74,0;2670,0;2205,0;3630,0;3775,0;299,98590087890625;2305,0;3060289,0
2025-12-02;7673,4462890625;12436,68359375;5430,0;784,6609497070312;1072,794189453125;1727,0;3385,0;2542,5;3810,0;26650,0;3855,0;9400,0;527,75;73,80000305175781;2605,0;2260,0;3597,5;3765,0;301,23583984375;2290,0;3042001,0
2025-12-03;7847,732421875;12946,7060546875;5610,0;780,333740234375;1068,80615234375;1785,0;3600,0;2700,0;3852,5;26700,0;3875,0;9780,0;518,7882080078125;74,19999694824219;2717,5;2260,0;3670,0;3725,0;303,7357482910156;2330,0;3129449,0
2025-12-04;7629,875;13240,9501953125;5570,0;779,8529663085938;1064,818115234375;1759,0;3545,0;2642,5;3800,0;26800,0;3862,5;9675,0;508,332763671875;72,30000305175781;2617,5;2220,0;3817,5;3700,0;299,7359313964844;2295,0;3096396,0
2025-12-05;7458,2880859375;12985,9404296875;5455,0;756,2938842773438;1061,8270263671875;1738,0;3397,5;2617,5;3720,0;27050,0;3817,5;9505,0;508,8306579589844;71,80000305175781;2505,0;2160,0;3957,5;3715,0;301,48583984375;2285,0;3046355,0
2025-12-09;7312,6181640625;12809,3935546875;5400,0;731,29248046875;1023,9402465820312;1707,0;3250,0;2550,0;3710,0;26550,0;3635,0;9470,0;494,8901062011719;69,0999984741211;2460,0;2110,0;3875,0;3765,0;301,9858093261719;2275,0;2987064,0
2025-12-10;7283,48486328125;13201,716796875;5475,0;734,6580200195312;990,04150390625;1737,0;3245,0;2542,5;3840,0;26650,0;3647,5;9615,0;494,3922119140625;66,30000305175781;2406,0;2140,0;3950,0;3760,0;304,2357177734375;2285,0;3013647,0
2025-12-11;7137,814453125;13064,404296875;5445,0;715,4261474609375;933,7098388671875;1758,0;3277,5;2520,0;3877,5;26300,0;3565,0;9590,0;496,1347961425781;62,79999923706055;2323,0;2155,0;4020,0;3675,0;302,98577880859375;2275,0;2980581,0
2025-12-12;7147,5263671875;12897,666015625;5395,0;774,0833740234375;953,1517333984375;1800,0;3335,0;2470,0;3870,0;26000,0;3557,5;9610,0;489,4134826660156;64,5999984741211;2319,0;2150,0;4047,5;3605,0;299,98590087890625;2330,0;2979065,0
2025-12-15;7283,48486328125;13084,0205078125;5460,0;779,8529663085938;952,6532592773438;1798,0;3447,5;2507,5;3895,0;26550,0;3567,5;9675,0;507,83489990234375;64,19999694824219;2357,0;2145,0;4062,5;3530,0;295,23614501953125;2350,0;3012681,0
2025-12-16;7492,27734375;13250,7578125;5470,0;799,565673828125;1026,9312744140625;1757,0;3480,0;2493,0;3822,5;27200,0;3507,5;9565,0;507,83489990234375;62,599998474121094;2376,0;2165,0;4245,0;3665,0;294,73614501953125;2355,0;3034429,0
2025-12-17;7584,53515625;13201,716796875;5455,0;707,7333984375;1063,821044921875;1800,0;3462,5;2575,0;3815,0;27450,0;3570,0;9465,0;501,8603820800781;63,0;2394,0;2120,0;4237,5;3640,0;293,9862060546875;2360,0;3035517,0
2025-12-18;8079,81201171875;14045,21484375;5485,0;715,4261474609375;1096,7227783203125;1831,0;3747,5;2745,0;4040,0;27600,0;3610,0;9810,0;509,8263854980469;66,80000305175781;2464,0;2200,0;4297,5;3660,0;296,486083984375;2405,0;3163224,0
2025-12-19;8128,36865234375;13682,3154296875;5495,0;713,0221557617188;1077,779296875;1820,0;3670,0;2677,5;3940,0;27600,0;3545,0;9695,0;518,7882080078125;65,5999984741211;2440,0;2155,0;4315,0;3680,0;298,9859619140625;2380,0;3139467,0
2025-12-22;8050,67822265625;13741,1640625;5465,0;683,6935424804688;1042,8836669921875;1800,0;3712,5;2742,5;3935,0;27700,0;3522,5;9660,0;532,2308959960938;67,80000305175781;2453,0;2130,0;4227,5;3665,0;295,4861145019531;2365,0;3136090,0
2025-12-23;8021,54443359375;13456,7275390625;5435,0;694,2710571289062;1002,0057373046875;1791,0;3720,0;2722,5;3935,0;27650,0;3507,5;9555,0;537,6848754882812;66,80000305175781;2403,0;2265,0;4172,5;3655,0;292,48626708984375;2365,0;3114970,0
2025-12-24;8031,25537109375;13603,849609375;5480,0;695,7134399414062;998,0177001953125;1793,0;3700,0;2700,0;3945,0;27600,0;3472,5;9565,0;542,1697387695312;67,19999694824219;2409,0;2295,0;4345,0;3640,0;296,486083984375;2375,0;3121145,0
2025-12-26;8138,0791015625;13672,5068359375;5375,0;671,1928100585938;1003,9998168945312;1810,0;3685,0;2712,5;3980,0;27500,0;3477,5;9480,0;548,6478881835938;64,9000015258789;2420,0;2370,0;4180,0;3625,0;291,4862976074219;2410,0;3112380,0
2025-12-29;8128,36865234375;13603,5673828125;5375,0;662,0576782226562;972,0951538085938;1878,0;3670,0;2662,5;3945,0;27350,0;3500,0;9400,0;550,142822265625;61,900001525878906;2371,0;2435,0;3777,5;3515,0;284,48663330078125;2485,0;3100075,0
2025-12-30;7963,2763671875;13367,15625;5260,0;646,1913452148438;990,5400390625;1918,0;3570,0;2612,5;3885,0;27300,0;3527,5;9325,0;548,6478881835938;59,5;2336,0;2535,0;3577,5;3435,0;290,7363586425781;2550,0;3051617,0
2026-01-02;8108,94580078125;13672,521484375;5440,0;673,1160278320312;1004,0;1936,0;3595,0;2697,5;3997,5;27000,0;3595,0;9515,0;549,1461791992188;61,099998474121094;2320,0;2620,0;3470,0;3490,0;301,23583984375;2555,0;3126292,0
2026-01-05;8269,1826171875;13849,8310546875;5365,0;697,6366577148438;1022,0;1893,0;3677,5;2657,5;4017,5;26750,0;3580,0;9405,0;547,1528930664062;59,5;2305,0;2525,0;3390,0;3520,0;317,7350769042969;2480,0;3130197,0
2026-01-06;8225,4814453125;13879,3828125;5235,0;705,3294067382812;1031,0;1881,0;3705,0;2640,0;3920,0;25950,0;3605,0;9185,0;552,6344604492188;59,599998474121094;2281,0;2415,0;3457,5;3470,0;331,9844055175781;2500,0;3112377,0
2026-01-07;8099,2353515625;13761,17578125;5020,0;727,4461059570312;1001,0;1819,0;3560,0;2502,5;3735,0;24700,0;3492,5;8860,0;552,1361083984375;56,5;2149,0;2265,0;3490,0;3315,0;320,2349548339844;2435,0;3013957,0
2026-01-08;8283,7490234375;14194,599609375;5085,0;762,0634765625;975,0;1890,0;3632,5;2547,5;3810,0;24525,0;3510,0;9255,0;548,1495971679688;56,79999923706055;2193,0;2300,0;3675,0;3220,0;316,4851379394531;2480,0;3074880,0
2026-01-09;8321,62109375;14312,8056640625;5065,0;770,7178344726562;1005,0;1905,0;3652,5;2565,0;3805,0;24175,0;3460,0;9170,0;552,1361083984375;56,79999923706055;2219,0;2290,0;3795,0;3210,0;320,2349548339844;2490,0;3089461,0
2026-01-12;8199,8896484375;14273,4033203125;5070,0;758,2171020507812;995,0;1951,0;3595,0;2545,0;3852,5;23650,0;3590,0;8975,0;560,6075439453125;55,20000076293945;2214,0;2295,0;3795,0;3230,0;322,48486328125;2575,0;3076947,0
2026-01-13;7932,07861328125;13997,5888671875;5050,0;734,6580200195312;969,0;1930,0;3450,0;2540,0;3710,0;23350,0;3452,5;8945,0;570,5738525390625;52,5;2157,0;2210,0;3747,5;3120,0;320,2349548339844;2565,0;3036293,0
2026-01-14;7562,01220703125;13613,41796875;4935,0;728,8884887695312;960,0;1919,0;3307,5;2413,0;3595,0;22275,0;3315,0;8920,0;571,0722045898438;49,16999816894531;2027,0;2175,0;3292,5;3025,0;316,4851379394531;2570,0;2950111,0
2026-01-15;7644,7900390625;13416,408203125;4792,5;754,8515014648438;975,0;1877,0;3250,0;2354,0;3530,0;22300,0;3312,5;8690,0;595,988037109375;50,0;2008,0;2265,0;3387,5;2910,0;315,98516845703125;2500,0;2926727,0
2026-01-16;7562,01220703125;13682,3720703125;4792,5;770,2369995117188;990,0;1885,0;3240,0;2314,0;3542,5;22675,0;3287,5;8725,0;600,4729614257812;54,599998474121094;2040,0;2295,0;3280,0;2950,0;316,4851379394531;2535,0;2933230,0
2026-01-19;7552,27392578125;13258,80078125;4795,0;756,7747192382812;998,0;1862,0;3217,5;2303,0;3477,5;22350,0;3270,0;8715,0;601,9678955078125;60,29999923706055;2038,0;2285,0;3332,5;3010,0;317,4850769042969;2450,0;2912976,0
2026-01-20;7513,31884765625;13603,5673828125;4905,0;740,9083862304688;998,5;1879,0;3225,0;2316,0;3497,5;21650,0;3327,5;8910,0;597,9813842773438;60,0;2058,0;2265,0;3345,0;2990,0;316,4851379394531;2470,0;2942092,0
2026-01-21;7907,732421875;14509,81640625;5010,0;759,6594848632812;1028,0;1899,0;3400,0;2385,0;3642,5;22300,0;3412,5;9330,0;599,476318359375;59,099998474121094;2294,0;2245,0;3422,5;3065,0;322,7348327636719;2485,0;3047554,0
2026-01-22;7888,2548828125;14431,01171875;5035,0;758,6978759765625;1056,0;1926,0;3407,5;2493,0;3552,5;22325,0;3787,5;9255,0;604,45947265625;58,400001525878906;2337,0;2240,0;3357,5;3165,0;323,9847717285156;2485,0;3066435,0
2026-01-23;7912,6015625;14490,115234375;5080,0;738,50439453125;1076,0;1912,0;3487,5;2477,0;3592,5;22225,0;3802,5;9340,0;609,9409790039062;57,599998474121094;2242,0;2240,0;3467,5;3210,0;324,2347717285156;2505,0;3093535,0
2026-01-26;7980,77099609375;14657,5732421875;5175,0;705,8101806640625;1080,0;1930,0;3522,5;2577,5;3620,0;22575,0;3807,5;9640,0;615,9102172851562;58,70000076293945;2311,0;2275,0;3647,5;3315,0;326,9846496582031;2620,0;3131277,0
2026-01-27;8190,1513671875;15465,3154296875;5365,0;691,8670654296875;1036,0;2120,0;3710,0;2642,5;3692,5;22575,0;3975,0;10140,0;620,8973388671875;61,900001525878906;2463,0;2280,0;3830,0;3255,0;332,484375;2790,0;3244320,0
2026-01-28;8238,8447265625;15397,7939453125;5380,0;667,346435546875;1031,0;2062,0;3725,0;2615,0;3592,5;22675,0;3922,5;9875,0;619,8999633789062;63,79999923706055;2398,0;2260,0;3662,5;3185,0;340,2340087890625;2735,0;3230714,0
2026-01-29;8092,765625;15120,890625;5315,0;670,231201171875;1046,0;2056,0;3717,5;2575,0;3522,5;22825,0;4042,5;9830,0;615,4114990234375;61,79999923706055;2336,0;2220,0;3747,5;3140,0;340,9839782714844;2725,0;3211242,0
2026-01-30;8092,765625;15120,890625;5215,0;677,9239501953125;1045,0;2034,0;3680,0;2547,5;3487,5;22550,0;4047,5;9655,0;617,9051513671875;60,79999923706055;2352,0;2160,0;3845,0;3115,0;335,7342224121094;2635,0;3199554,0
2026-02-02;7863,90771484375;14616,53125;5045,0;686,0975341796875;1022,0;1996,0;3490,0;2441,0;3342,5;21650,0;3875,0;9195,0;615,9102172851562;56,29999923706055;2244,0;2005,0;3852,5;3090,0;334,9842529296875;2520,0;3106672,0
2026-02-03;7600,966796875;14181,3974609375;4970,0;664,9424438476562;989,0;1950,0;3377,5;2430,0;3265,0;21150,0;3765,0;8980,0;598,9539794921875;53,5;2125,0;1845,0;3915,0;3015,0;334,9842529296875;2465,0;3038541,0
2026-02-04;7576,6201171875;13845,158203125;4962,5;673,1160278320312;975,5;1952,0;3317,5;2377,0;3165,0;21275,0;3642,5;8920,0;590,974609375;52,900001525878906;2059,0;1770,0;3942,5;2950,0;333,73431396484375;2415,0;3015927,0
2026-02-05;7308,80908203125;13232,0146484375;4920,0;657,2496948242188;979,0;1910,0;3147,5;2322,0;3227,5;20575,0;3482,5;8755,0;581,9977416992188;50,20000076293945;2017,0;1790,0;3862,5;2860,0;330,4844665527344;2375,0;2932838,0
2026-02-06;7298,61767578125;13686,927734375;4985,0;662,5384521484375;1017,0;1935,0;3272,5;2357,0;3315,0;20900,0;3547,5;8865,0;586,98486328125;51,900001525878906;2087,0;1835,0;4000,0;3065,0;329,9844970703125;2405,0;2977119,0
2026-02-09;7264,419921875;13578,14453125;4962,5;666,8656616210938;983,5;1873,0;3435,0;2342,0;3375,0;20875,0;3715,0;8860,0;584,4913330078125;52,900001525878906;2197,0;1830,0;4095,0;3000,0;326,9846496582031;2370,0;2976664,0
2026-02-10;7567,30810546875;13963,8310546875;5175,0;682,73193359375;981,5;1911,0;3570,0;2408,0;3487,5;21500,0;3750,0;9260,0;589,9771728515625;53,400001525878906;2196,0;1865,0;4050,0;3050,0;327,734619140625;2365,0;3060606,0
2026-02-11;7396,32275390625;13766,04296875;5070,0;670,7120361328125;996,5;1883,0;3460,0;2397,0;3512,5;21300,0;3405,0;9205,0;587,9823608398438;52,70000076293945;2208,0;1830,0;4132,5;3050,0;324,9847412109375;2335,0;3017641,0
2026-02-12;6790,54736328125;12895,775390625;4852,5;653,4033203125;963,0;1757,0;3185,0;2284,0;3365,0;20900,0;3397,5;8625,0;561,0518188476562;49,63999938964844;2117,0;1805,0;3887,5;2925,0;312,7353210449219;2230,0;2851780,0
2026-02-13;6541,39794921875;12559,5361328125;4840,0;675,5199584960938;990,5;1743,0;3102,5;2285,0;3320,0;20850,0;3330,0;8615,0;560,5531005859375;47,66999816894531;2082,0;1740,0;3980,0;2970,0;307,98553466796875;2230,0;2816128,0
2026-02-18;6287,36279296875;12065,0654296875;4635,0;647,1529541015625;945,0;1650,0;2970,0;2271,0;3220,0;20575,0;3222,5;8400,0;533,1239013671875;43,59000015258789;1980,0;1685,0;3787,5;3030,0;295,4861145019531;2145,0;2723175,0
2026-02-19;6692,841796875;13152,900390625;4815,0;668,3080444335938;918,0;1692,0;3167,5;2355,0;3287,5;20500,0;3285,0;8795,0;526,640625;46,09000015258789;2037,0;1690,0;3915,0;2955,0;301,23583984375;2180,0;2839106,0
2026-02-20;7005,5;13182,568359375;4802,5;660,1344604492188;893,0;1765,0;3200,0;2365,0;3290,0;20675,0;3297,5;8775,0;529,6329345703125;45,0099983215332;2009,0;1670,0;4007,5;2940,0;325,98468017578125;2360,0;2873248,0
2026-02-23;6785,662109375;12569,42578125;4602,5;622,1514892578125;834,0;1695,0;3007,5;2292,0;3092,5;19825,0;3185,0;8565,0;510,16351318359375;42,43000030517578;1938,0;1565,0;3945,0;2825,0;312,2353210449219;2295,0;2763059,0
2026-02-24;6893,13818359375;12965,0009765625;4742,5;611,573974609375;795,5;1715,0;3100,0;2360,0;3175,0;19550,0;3250,0;8605,0;516,1536865234375;42,189998626708984;2007,0;1570,0;4007,5;2965,0;313,23529052734375;2345,0;2812414,0
2026-02-25;6893,13818359375;12928,73046875;4745,0;602,9196166992188;820,0;1702,0;3060,0;2336,0;3187,5;19425,0;3285,0;8800,0;502,6758117675781;43,290000915527344;2006,0;1520,0;3842,5;2920,0;304,4856872558594;2355,0;2799876,0
2026-02-26;6751,46484375;12143,6650390625;4680,0;596,6692504882812;825,5;1695,0;2952,5;2340,0;3105,0;19400,0;3300,0;8850,0;508,66595458984375;43,70000076293945;1962,0;1570,0;3830,0;2920,0;314,4852294921875;2360,0;2754420,0
2026-02-27;6394,8388671875;11139,974609375;4495,0;595,7076416015625;811,5;1643,0;2725,0;2320,0;2992,5;19325,0;3375,0;8555,0;504,6725158691406;41,95000076293945;1832,0;1575,0;3692,5;2865,0;316,7351379394531;2280,0;2642106,0
2026-03-02;6214,08349609375;10851,7861328125;4537,5;567,3406372070312;755,0;1653,0;2530,0;2248,0;2945,0;18950,0;3307,5;8530,0;506,1700439453125;41,400001525878906;2002,0;1530,0;3767,5;2800,0;315,2351989746094;2265,0;2603094,0
2026-03-03;6341,1015625;10901,4736328125;4477,5;561,571044921875;710,5;1624,0;2605,0;2200,0;2947,5;18300,0;3232,5;8670,0;509,1651306152344;39,90999984741211;1930,0;1490,0;3822,5;2695,0;305,23565673828125;2195,0;2597025,0
2026-03-04;6267,82177734375;10752,4111328125;4490,0;587,5341186523438;738,5;1618,0;2592,5;2183,0;2927,5;18550,0;3342,5;8390,0;499,1815185546875;40,16999816894531;1903,0;1530,0;3922,5;2705,0;298,4859924316406;2205,0;2579970,0
2026-03-05;6135,9189453125;10553,66015625;4567,5;591,8612670898438;798,5;1567,0;2460,0;2107,0;2902,5;18150,0;3207,5;8280,0;499,1815185546875;40,25;1867,0;1460,0;3987,5;2645,0;294,73614501953125;2115,0;2570733,0
2026-03-06;6042,9951171875;10315,1591796875;4695,0;636,0946044921875;851,5;1595,0;2469,0;2159,0;2907,5;18250,0;3247,5;8630,0;498,9319152832031;39,68000030517578;1889,0;1485,0;4012,5;2725,0;306,985595703125;2120,0;2626115,0
2026-03-09;6141,095703125;10464,22265625;4705,0;626,95947265625;868,5;1632,0;2552,5;2130,0;2942,5;17850,0;3267,5;8595,0;508,66595458984375;40,88999938964844;1881,0;1590,0;4085,0;2690,0;305,7356262207031;2180,0;2632795,0
2026-03-10;6352,01171875;10682,84765625;4842,5;626,95947265625;863,5;1655,0;2657,5;2260,0;3090,0;18450,0;3410,0;8870,0;519,64794921875;43,22999954223633;1975,0;1625,0;4092,5;2810,0;318,23504638671875;2220,0;2700255,0
2026-03-11;6450,1123046875;10772,2861328125;4900,0;640,902587890625;876,5;1714,0;2712,5;2309,0;3082,5;19225,0;3565,0;9120,0;567,5693359375;46,11000061035156;2026,0;1660,0;4215,0;2925,0;315,73516845703125;2215,0;2770635,0
2026-03-12;6175,4306640625;10245,5966796875;4802,5;620,7091064453125;844,0;1733,0;2587,5;2271,0;3000,0;19200,0;3400,0;8970,0;575,5562744140625;44,150001525878906;2001,0;1625,0;4217,5;2845,0;305,9856262207031;2180,0;2695424,0
2026-03-13;5954,705078125;9763,6259765625;4752,5;598,1116333007812;791,0;1722,0;2421,0;2232,0;2930,0;18425,0;3350,0;9075,0;603,01123046875;42,02000045776367;1929,0;1515,0;4220,0;2785,0;303,4857482910156;2130,0;2642584,0
2026-03-16;5915,46435546875;9589,7197265625;4717,5;587,0532836914062;798,5;1670,0;2371,0;2195,0;2907,5;18450,0;3307,5;8975,0;603,01123046875;39,810001373291016;1885,0;1465,0;4205,0;2720,0;304,4856872558594;2150,0;2606351,0
2026-03-17;5984,134765625;9728,8447265625;4940,0;605,8043823242188;800,5;1683,0;2378,0;2296,0;2945,0;18950,0;3365,0;9350,0;601,5137329101562;41,119998931884766;1943,0;1440,0;3987,5;2715,0;314,2352294921875;2140,0;2663049,0
2026-03-18;6042,9951171875;9704,0009765625;5010,0;615,4203491210938;811,0;1704,0;2396,0;2297,0;2997,5;18800,0;3327,5;9505,0;597,0211181640625;40,779998779296875;2003,0;1480,0;3705,0;2650,0;315,48516845703125;2105,0;2693891,0
2026-03-19;6278,4365234375;10106,4716796875;5085,0;610,6123657226562;805,0;1779,0;2507,5;2331,0;2977,5;18575,0;3372,5;9800,0;598,0194702148438;44,9900016784668;2119,0;1590,0;3702,5;2635,0;312,4853210449219;2110,0;2768682,0
2026-03-20;6190,14599609375;9818,283203125;4950,0;599,0732421875;793,0;1751,0;2385,0;2238,0;2960,0;18600,0;3302,5;9570,0;595,5235595703125;44,790000915527344;2049,0;1545,0;3695,0;2620,0;313,23529052734375;2000,0;2725326,0
2026-03-23;6523,68798828125;10305,2216796875;4895,0;606,7659912109375;797,0;1820,0;2595,0;2279,0;3152,5;18625,0;3380,0;9605,0;608,5022583007812;45,790000915527344;2157,0;1585,0;3765,0;2685,0;313,7352600097656;2120,0;2778025,0
2026-03-25;6464,82763671875;10344,9716796875;4942,5;611,0931396484375;787,5;1827,0;2665,0;2293,0;3110,0;18450,0;3460,0;9845,0;604,5184936523438;46,209999084472656;2089,0;1575,0;3817,5;2625,0;311,9853515625;2235,0;2805317,0
2026-03-26;6327,4873046875;10394,6591796875;4910,0;603,8812255859375;795,5;1763,0;2547,5;2176,0;2982,5;18275,0;3350,0;9775,0;599,5225219726562;44,93000030517578;2042,0;1560,0;3817,5;2620,0;310,2354431152344;2220,0;2769369,0
2026-03-27;6170,52587890625;10270,0;4955,0;636,0946044921875;809,0;1781,0;2430,0;2206,0;2962,5;18150,0;3270,0;10130,0;588,53125;46,779998779296875;2040,0;1490,0;3897,5;2620,0;306,735595703125;2230,0;2793847,0
2026-03-30;6253,91162109375;10380,0;5145,0;647,1529541015625;881,0;1820,0;2502,5;2290,0;3080,0;18350,0;3257,5;10310,0;594,02685546875;50,29999923706055;2074,0;1540,0;4010,0;2685,0;308,7355041503906;2265,0;2865754,0
2026-03-31;6759,12890625;11410,0;5200,0;648,5953369140625;937,0;1872,0;2795,0;2493,0;3252,5;18375,0;3430,0;10150,0;651,980712890625;52,5;2249,0;1595,0;4190,0;2775,0;326,7346496582031;2370,0;2997780,0
2026-04-01;6759,12890625;11590,0;5170,0;668,788818359375;992,5;1866,0;2847,5;2475,0;3325,0;18650,0;3507,5;10200,0;654,4786987304688;54,29999923706055;2303,0;1695,0;4235,0;2795,0;329,2345275878906;2475,0;2999342,0
2026-04-06;6724,7939453125;11430,0;5240,0;687,0591430664062;1028,0;1851,0;2805,0;2497,0;3430,0;18675,0;3425,0;10240,0;671,9647827148438;54,29999923706055;2326,0;1705,0;4260,0;2885,0;330,9844665527344;2495,0;3006248,0
2026-04-07;6592,3583984375;11110,0;5200,0;668,5;969,5;1817,0;2735,0;2467,0;3435,0;18675,0;3385,0;10320,0;672,4644165039062;52,20000076293945;2254,0;1680,0;4255,0;2740,0;325,98468017578125;2410,0;2972630,0
2026-04-08;6862,13525390625;11920,0;5160,0;676,0;941,0;1846,0;2910,0;2477,0;3535,0;18775,0;3447,5;9940,0;689,4508666992188;51,599998474121094;2302,0;1765,0;4170,0;2730,0;336,23419189453125;2470,0;3011186,0
2026-04-09;6935,71044921875;11900,0;5120,0;705,0;975,5;1786,0;2865,0;2472,0;3650,0;18675,0;3400,0;9605,0;704,9385375976562;49,75;2190,0;1815,0;4050,0;2715,0;340,9839782714844;2445,0;2999608,0
2026-04-10;6966,24267578125;11800,0;5145,0;715,0;997,0;1777,0;2867,5;2460,0;3585,0;18600,0;3385,0;9635,0;702,9401245117188;48,59000015258789;2126,0;1840,0;3905,0;2720,0;337,984130859375;2370,0;2998770,0
2026-04-13;7025,3203125;11750,0;5090,0;732,5;1010,0;1773,0;2770,0;2377,0;3470,0;18300,0;3382,5;9710,0;706,9369506835938;49,22999954223633;2069,0;1775,0;4075,0;2800,0;336,48419189453125;2320,0;2991782,0
2026-04-14;7059,78271484375;11900,0;4900,0;721,5;980,5;1718,0;2802,5;2274,0;3472,5;18275,0;3435,0;9305,0;732,4166259765625;48,619998931884766;1985,0;1775,0;4010,0;2745,0;346,4837341308594;2370,0;2950635,0
2026-04-15;7064,70556640625;12000,0;4770,0;731,0;966,0;1672,0;2812,5;2246,0;3380,0;18450,0;3412,5;9005,0;737,4126586914062;49,16999816894531;2010,0;1800,0;3855,0;2670,0;317,75;2315,0;2917889,0
2026-04-16;7020,3974609375;11910,0;4795,0;719,5;949,0;1690,0;2870,0;2261,0;3362,5;18250,0;3445,0;9125,0;735,9138793945312;49,93000030517578;2018,0;1750,0;3975,0;2625,0;314,0;2340,0;2923833,0
2026-04-17;6897,31884765625;11970,0;4697,5;717,0;948,5;1694,0;2860,0;2237,0;3395,0;18125,0;3487,5;8885,0;732,4166259765625;48,619998931884766;1978,0;1745,0;3927,5;2490,0;317,5;2330,0;2889185,0
2026-04-20;6946,55029296875;12120,0;4797,5;731,5;951,0;1706,0;2902,5;2265,0;3502,5;18325,0;3605,0;9105,0;712,4325561523438;48,439998626708984;2084,0;1775,0;3935,0;2515,0;316,75;2310,0;2931701,0
2026-04-21;6917,01123046875;11870,0;4880,0;718,0;950,5;1695,0;2887,5;2244,0;3467,5;18150,0;3552,5;9145,0;692,9480590820312;48,84000015258789;2018,0;1735,0;3807,5;2645,0;319,5;2270,0;2940100,0
2026-04-22;6705,31640625;11500,0;4862,5;713,0;962,5;1655,0;2810,0;2200,0;3465,0;18500,0;3560,0;9095,0;682,9560546875;49,15999984741211;1950,0;1730,0;3805,0;2645,0;320,25;2230,0;2898692,0
2026-04-23;6316,38818359375;11060,0;4905,0;701,0;980,5;1619,0;2640,0;2151,0;3312,5;18275,0;3425,0;9055,0;665,9695434570312;47,20000076293945;1871,0;1680,0;3805,0;2735,0;315,5;2155,0;2831849,0
2026-04-24;6365,61962890625;11120,0;4837,5;697,0;994,0;1661,0;2682,5;2178,0;3337,5;18800,0;3385,0;9050,0;668,0;47,83000183105469;1905,0;1735,0;3815,0;2710,0;312,25;2180,0;2840788,0
2026-04-27;6419,7744140625;11290,0;4902,5;695,0;999,5;1711,0;2685,0;2177,0;3302,5;19175,0;3422,5;9245,0;666,0;47,54999923706055;1894,0;1805,0;3635,0;2595,0;318,0;2220,0;2866257,0
2026-04-28;6419,7744140625;11370,0;4935,0;693,0;977,5;1702,0;2682,5;2218,0;3365,0;19175,0;3350,0;9160,0;660,0;47,02000045776367;1900,0;1815,0;3657,5;2650,0;310,0;2185,0;2869560,0
2026-04-29;6281,92626953125;10950,0;4957,5;672,0;986,0;1679,0;2547,5;2151,0;3265,0;19075,0;3622,5;9205,0;638,5;46,189998626708984;1890,0;1805,0;3885,0;2780,0;302,25;2115,0;2838835,0
2026-04-30;6124,3857421875;10890,0;4972,5;673,5;970,0;1694,0;2476,0;2139,0;3325,0;19150,0;3595,0;9165,0;634,5;45,349998474121094;1884,0;1740,0;3880,0;2750,0;307,5;2085,0;2832851,0
2026-05-01;6124,3857421875;10890,0;4972,5;673,5;970,0;1694,0;2476,0;2139,0;3325,0;19150,0;3595,0;9165,0;634,5;45,349998474121094;1884,0;1740,0;3880,0;2750,0;307,5;2085,0;
2026-05-04;5981,61474609375;10350,0;4815,0;669,5;935,0;1655,0;2384,0;2149,0;3130,0;18500,0;3510,0;9020,0;622,5;44,119998931884766;1826,0;1705,0;3885,0;2675,0;307,0;2105,0;2767137,0
2026-05-05;6015,0;10370,0;4702,5;668,5;910,0;1657,0;2419,0;2118,0;3335,0;18225,0;3447,5;8825,0;629,0;43,63999938964844;1820,0;1720,0;4057,5;2670,0;303,25;2155,0;2759257,0
2026-05-06;6380,0;11440,0;4925,0;700,5;918,0;1708,0;2592,5;2271,0;3475,0;18600,0;3667,5;9360,0;656,5;46,369998931884766;1891,0;1765,0;4230,0;2710,0;308,75;2235,0;2881352,0
2026-05-07;6340,0;11100,0;4867,5;676,5;908,5;1664,0;2547,5;2168,0;3322,5;18450,0;3555,0;9095,0;689,0;44,68000030517578;1831,0;1765,0;4227,5;2680,0;307,0;2190,0;2834283,0
2026-05-08;6185,0;10870,0;4702,5;667,0;910,5;1654,0;2399,0;2106,0;3270,0;18200,0;3507,5;8795,0;695,0;43,09000015258789;1754,0;1685,0;4055,0;2645,0;302,25;2090,0;2769127,0
